species_name,is_wild,is_domestic,is_aquatic,causal_agent_type,country_name,latitude,longitude,month,season,susceptible,epi_unit_type,disease_name
Cattle,0,0,0,Virus,Portugal,38.736143,-8.756934,October,Post-Monsoon,9,Farm,Bluetongue
House Crow,1,0,0,Virus,India,19.6275,85.30194444,December,Winter,0,Not applicable,Highly pathogenic avian influenza
Rook,1,0,0,Virus,Bulgaria,42.4958,27.4611,October,Post-Monsoon,0,Forest,West Nile Fever
Rainbow trout,0,0,1,Virus,Denmark,55.5075,9.3645,August,Monsoon,2158016,Farm,Infectious haematopoietic necrosis virus
Goats,0,0,0,Virus,Tunisia,35.391576,9.543514,August,Monsoon,143,Farm,Peste des petits ruminants
Cattle,0,0,0,Prion,Brazil,-10.6938888889,-55.8705277778,April,Summer,22794,Farm,Bovine spongiform encephalopathy
Cattle,0,0,0,Virus,Italy,39.758533,8.536733,February,Winter,1111,Farm,Bluetongue
Cattle,0,0,0,Virus,Russia,50.2377,127.884,November,Post-Monsoon,10048,Village,Foot and mouth disease
Cattle,0,0,0,Bacterium,Italy,41.73653,12.76438,August,Monsoon,73,Farm,Anthrax
Goats,0,0,0,Prion,Slovenia,45.68,13.96,April,Summer,14,Farm,Scrapie
Birds,0,1,0,Virus,United Kingdom,50.94,0.66,January,Winter,240,Farm,Highly pathogenic avian influenza
Cattle,0,0,0,Virus,Germany,51.28,13.5,December,Winter,110,Farm,Bluetongue
Dogs,0,0,0,Virus,Myanmar,17.48,97.56,September,Monsoon,25,Other,Rabies
Birds,0,0,0,Virus,Ukraine,48.5733,32.2902,September,Monsoon,128,Village,Highly pathogenic avian influenza
Wild boar,1,0,0,Virus,Latvia,55.9489,27.4492,March,Summer,0,Not applicable,Classical swine fever
Birds,0,1,0,Virus,India,25.262772,87.013378,March,Summer,12116,Farm,Highly pathogenic avian influenza
Equidae,0,0,0,Virus,Costa Rica,10.34929,-85.18432,November,Post-Monsoon,90,Farm,West Nile Fever
Cattle,0,0,0,Virus,Ireland,52.444,-6.324,January,Winter,1252,Farm,Bluetongue
Swine,0,0,0,Virus,Hong Kong,22.5128,114.1176,September,Monsoon,0,Slaughterhouse,African swine fever
Cattle,0,0,0,Virus,Namibia,-17.81,24.94,October,Post-Monsoon,278,Village,Foot and mouth disease
Anatidae (unidentified),1,0,0,Virus,Germany,47.92,8.18,March,Summer,0,Backyard,Highly pathogenic avian influenza
Swine,0,0,0,Virus,Nigeria,10.04912,11.20944,July,Monsoon,3420,Farm,African swine fever
Wild boar,1,0,0,Virus,Ukraine,51.1512,28.0373,July,Monsoon,0,Forest,African swine fever
Northern Goshawk,1,0,0,Virus,Japan,43.3941,145.1179,November,Post-Monsoon,0,Not applicable,Highly pathogenic avian influenza
Wildlife (species unspecified),1,0,0,Virus,Japan,35.5956415,140.2170679,March,Summer,0,Farm,Highly pathogenic avian influenza
Birds,0,1,0,Virus,Romania,46.357691,27.660683,September,Monsoon,106,Backyard,Newcastle disease
Wild boar,1,0,0,Virus,Croatia,45.1228385,18.8309446,March,Summer,0,Forest,African swine fever
Equidae,0,0,0,Virus,France,43.33696026,6.5466448,April,Summer,68,Farm,Equine infectious anaemia
Equidae,0,0,0,Virus,Hungary,47.03407,18.77151,March,Summer,17,Farm,Equine infectious anaemia
Cattle,0,0,0,Virus,Montenegro,43.278,19.277,October,Post-Monsoon,1323,Farm,Bluetongue
Rainbow trout,0,0,1,Virus,Georgia,42.052085,44.125846,July,Monsoon,40000,River system,Infectious haematopoietic necrosis virus
Swine,0,0,0,Virus,Russia,51.308132,48.382381,December,Winter,59,Backyard,African swine fever
Swine,0,0,0,Virus,Moldova,48.06848,27.397838,March,Summer,9,Backyard,African swine fever
Swine,0,0,0,Virus,Russia,59.585785,150.836146,March,Summer,36,Backyard,African swine fever
Birds,0,1,0,Virus,Saudi Arabia,25.5944033,45.6569652,January,Winter,408000,Farm,Highly pathogenic avian influenza
Cattle,0,0,0,Virus,Palestine,31.54,35.07,May,Summer,34,Farm,Foot and mouth disease
Birds,0,1,0,Virus,India,9.306458,76.469252,October,Post-Monsoon,96532,Backyard,Highly pathogenic avian influenza
Buffaloes,0,0,0,Virus,Thailand,18.689547,98.994437,March,Summer,17,Village,Lumpy skin disease
Ferret,1,0,0,Virus,Slovenia,46.242,15.262,November,Post-Monsoon,1,Other,SARS-CoV-2 in animals
Cattle,0,0,0,Virus,Myanmar,16.1528,97.4259,November,Post-Monsoon,184,Village,Foot and mouth disease
Birds,0,1,0,Virus,Italy,45.01196,10.717168,June,Monsoon,132,Farm,Low pathogenic avian influenza
Dogs,0,0,0,Virus,Armenia,40.103,44.0048,June,Monsoon,1,Backyard,Rabies
Birds,0,1,0,Virus,Denmark,55.31,11.5799,June,Monsoon,5193,Farm,Low pathogenic avian influenza
Cattle,0,0,0,Virus,Former Yug. Rep. of Macedonia,42.000437,22.622609,May,Summer,4576,Village,Lumpy skin disease
Anatidae (unidentified),1,0,0,Virus,Germany,52.53,13.55,October,Post-Monsoon,0,Not applicable,Highly pathogenic avian influenza
Cattle,0,0,0,Virus,Israel,33.239334,35.65373662,January,Winter,72,Village,Foot and mouth disease
Bees,0,1,0,Bacterium,Ecuador,-0.207331,-78.457646,May,Summer,51,Apiary,American foulbrood of honey bees
Rabbits,0,0,0,Virus,China (People's Rep. of),30.6931,104.7617,May,Summer,3500,Farm,Rabbit haemorrhagic disease
Dogs,0,0,0,Virus,Myanmar,17.3307,96.4917,October,Post-Monsoon,0,Other,Rabies
Rainbow trout,0,0,1,Virus,Finland,60.213,19.627,June,Monsoon,350000,Farm,Infectious haematopoietic necrosis virus
Wild boar,1,0,0,Virus,Russia,51.84,127.11,February,Winter,0,Not applicable,Classical swine fever
Sheep,0,0,0,Virus,Russia,57.7045,39.3539,September,Monsoon,952,Backyard,Sheep pox and goat pox
Birds,0,1,0,Virus,China (People's Rep. of),35.78,115.07,June,Monsoon,264482,Not applicable,Low pathogenic avian influenza
Black Goshawk,1,0,0,Virus,South Africa,-32.8,18.1,September,Monsoon,0,Farm,Highly pathogenic avian influenza
Wild boar,1,0,0,Virus,Hungary,48.4844,20.6861,June,Monsoon,0,Forest,African swine fever
Eurasian Wigeon,1,0,0,Virus,Norway,60.77168,4.73006,December,Winter,0,Other,Highly pathogenic avian influenza
Swine,0,0,0,Virus,Ukraine,48.2891,34.8543,November,Post-Monsoon,27,Backyard,African swine fever
Yellow-crowned Parrot,1,0,0,Virus,Colombia,1.19676,-77.27112,February,Winter,2,Backyard,Highly pathogenic avian influenza
Wild boar,1,0,0,Virus,Moldova,48.3042,26.7601,January,Winter,0,Forest,African swine fever
Wild boar,1,0,0,Virus,Moldova,45.83498,28.18452,October,Post-Monsoon,0,Forest,African swine fever
Wild boar,1,0,0,Virus,Russia,54.41231,51.291374,October,Post-Monsoon,0,Forest,African swine fever
Birds,0,1,0,Virus,Mexico,32.410195,-114.74517,April,Summer,390,Backyard,Newcastle disease
Birds,0,0,0,Virus,Ukraine,50.81,33.41,February,Winter,121,Village,Highly pathogenic avian influenza
Cattle,0,0,0,Bacterium,Kazakhstan,49.1,81.15,June,Monsoon,170,Farm,Anthrax
Cattle,0,0,0,Bacterium,France,44.54083,6.175062,August,Monsoon,1420,Other,Anthrax
Cattle,0,0,0,Virus,Israel,33.2070531679,35.6020926445,October,Post-Monsoon,50,Farm,Bluetongue
Accipitridae (unidentified),1,0,0,Virus,Germany,53.87,10.37,December,Winter,0,Not applicable,Highly pathogenic avian influenza
Birds,0,1,0,Virus,Australia,-37.9667,144.1333,August,Monsoon,435378,Farm,Highly pathogenic avian influenza
Camelidae,0,0,0,Virus,Mongolia,47.6422,114.7578,June,Monsoon,29,Farm,Foot and mouth disease
Cattle,0,0,0,Virus,Russia,50.39226,119.11625,January,Winter,164,Village,Foot and mouth disease
Hippopotamus,1,0,0,Bacterium,Zambia,-11.2266,32.9951,September,Monsoon,200,Not applicable,Anthrax
Cattle,0,0,0,Virus,Gambia,13.766122,-14.913031,July,Monsoon,2700,Village,Foot and mouth disease
Dogs,0,0,0,Virus,Armenia,39.2045,46.462,August,Monsoon,1,Backyard,Rabies
Birds,0,1,0,Virus,Iran,37.23752,49.66177,December,Winter,37349,Village,Highly pathogenic avian influenza
Wildlife (species unspecified),1,0,0,Virus,Spain,42.8619,-2.6503,June,Monsoon,1,Not applicable,Highly pathogenic avian influenza
Canada Goose,1,0,0,Virus,Finland,60.1667,20.0097,November,Post-Monsoon,0,Not applicable,Highly pathogenic avian influenza
Birds,0,1,0,Virus,Austria,48.06,14.44,November,Post-Monsoon,645,Farm,Highly pathogenic avian influenza
Cattle,0,0,0,Bacterium,Hungary,46.88236752966033,21.54799347074029,October,Post-Monsoon,0,Farm,Anthrax
Sheep/goats (mixed herd),0,0,0,Virus,Kyrgyzstan,41.83,72.85,February,Winter,533,Village,Sheep pox and goat pox
Birds,0,0,0,Virus,Poland,49.69222,19.18483,February,Winter,97,Body of water,Highly pathogenic avian influenza
Northern Goshawk,1,0,0,Virus,Japan,44.0205,144.2735,March,Summer,0,Not applicable,Highly pathogenic avian influenza
Mute Swan,1,0,0,Virus,Ukraine,46.0745,34.7953,March,Summer,0,Other,Highly pathogenic avian influenza
Sheep,0,0,0,Virus,Hungary,46.722217,16.415056,January,Winter,3246,Farm,Peste des petits ruminants
Birds,0,1,0,Virus,Germany,49.2101,12.4897,December,Winter,13100,Farm,Low pathogenic avian influenza
Cattle,0,0,0,Virus,Angola,-17.326462,18.346951,April,Summer,3600,Village,Foot and mouth disease
Cattle,0,0,0,Virus,Djibouti,11.5166646,42.0999996,October,Post-Monsoon,312,Village,Lumpy skin disease
Dogs,0,0,0,Virus,Armenia,40.112,44.1588,December,Winter,1,Backyard,Rabies
Sheep,0,0,0,Virus,Egypt,31.0436,30.6129,April,Summer,1203,Village,Peste des petits ruminants
Birds,0,1,0,Virus,Bulgaria,42.4362,26.381,October,Post-Monsoon,373907,Farm,Highly pathogenic avian influenza
Birds,0,1,0,Virus,India,30.56452,77.05438,January,Winter,515531,Farm,Highly pathogenic avian influenza
Dogs,0,0,0,Virus,Melilla,35.2849,-2.9377,June,Monsoon,0,Other,Rabies
Cats,0,0,0,Virus,France,45.54666375,5.53272351,October,Post-Monsoon,2,Not applicable,Rabies
Cattle,0,0,0,Virus,Syria,35.6116,36.1637,April,Summer,182,Farm,Lumpy skin disease
Lesser Black-backed Gull,1,0,0,Virus,Portugal,40.455518,-8.803326,July,Monsoon,0,Not applicable,Highly pathogenic avian influenza
Cats,0,0,0,Virus,Armenia,40.1501,44.5511,June,Monsoon,1,Backyard,Rabies
Equidae,0,0,0,Virus,Germany,48.196483,8.455045,February,Winter,480,Farm,Equine infectious anaemia
Cattle,0,0,0,Bacterium,Kyrgyzstan,40.51,72.8,March,Summer,4,Village,Anthrax
Rabbits,0,0,0,Virus,Norway,59.546,5.417,October,Post-Monsoon,0,Other,Rabbit haemorrhagic disease
Birds,0,1,0,Virus,Bhutan,26.833,89.1136,March,Summer,677,Farm,Highly pathogenic avian influenza
Mallard,1,0,0,Virus,Serbia,44.729903,21.425002,February,Winter,0,Other,Highly pathogenic avian influenza
Birds,0,1,0,Virus,Russia,45.395391,41.517486,February,Winter,186615,Farm,Highly pathogenic avian influenza
Swine,0,0,0,Virus,Chinese Taipei,23.5703307,119.570307,October,Post-Monsoon,200,Not applicable,Foot and mouth disease
Birds,0,0,0,Virus,Russia,46.22,42.543,November,Post-Monsoon,203,Backyard,Highly pathogenic avian influenza
White-tailed Eagle,1,0,0,Virus,Iceland,65.6425,-22.3559,October,Post-Monsoon,0,Not applicable,Highly pathogenic avian influenza
Wild boar,1,0,0,Virus,Ukraine,45.4069,28.289,August,Monsoon,0,Other,African swine fever
Birds,0,0,0,Virus,Iran,36.40691,52.33643,June,Monsoon,25,Village,Highly pathogenic avian influenza
Wild boar,1,0,0,Virus,Germany,53.061,14.3,April,Summer,0,Forest,African swine fever
Birds,0,1,0,Virus,United States of America,34.89,-94.09,June,Monsoon,9800,Farm,Low pathogenic avian influenza
Birds,0,1,0,Virus,Czech Republic,49.5344,13.9767,March,Summer,308332,Backyard,Highly pathogenic avian influenza
Equidae,0,0,0,Bacterium,United States of America,42.9875,-89.3417,October,Post-Monsoon,34,Not applicable,Contagious equine metritis
Birds,0,1,0,Virus,Bulgaria,42.6664,27.2482,May,Summer,27545,Farm,Highly pathogenic avian influenza
Northern Goshawk,1,0,0,Virus,Germany,51.79,11.75,September,Monsoon,4,Other,West Nile Fever
Cattle,0,0,0,Virus,Namibia,-18.03,20.7,September,Monsoon,5567,Village,Foot and mouth disease
Cape fur seal ,1,0,0,Virus,South Africa,-33.8,18.5,May,Summer,0,Other,Rabies
Birds,0,1,0,Virus,Korea (Rep. of),37.0963,127.4842,January,Winter,1397503,Farm,Highly pathogenic avian influenza
Wild boar,1,0,0,Virus,Poland,54.355644,18.399767,April,Summer,0,Not applicable,African swine fever
Wildlife (species unspecified),1,0,0,Virus,China (People's Rep. of),31.5023,92.0477,July,Monsoon,0,Natural park,Highly pathogenic avian influenza
Peregrin falcon,1,0,0,Virus,Hong Kong,22.4296,114.2384,January,Winter,0,Not applicable,Highly pathogenic avian influenza
Swine,0,0,0,Virus,Ukraine,47.755,35.5502,July,Monsoon,71,Backyard,African swine fever
Ostreidae (unidentified),1,0,1,Parasite,Belgium,51.13,2.9,September,Monsoon,0,Coastal area,Bonamia ostreae
Dogs,0,0,0,Virus,Armenia,40.189,43.973,May,Summer,1,Backyard,Rabies
Birds,0,1,0,Virus,Russia,58.500626,41.481995,October,Post-Monsoon,296998,Farm,Highly pathogenic avian influenza
Dogs,0,0,0,Virus,United Kingdom,51.353,-0.493,October,Post-Monsoon,1,Not applicable,SARS-CoV-2 in animals
Equidae,0,0,0,Bacterium,United Kingdom,52.2801,-0.4932,May,Summer,1,Not applicable,Contagious equine metritis
Birds,0,1,0,Virus,Spain,37.4494,-1.9064,July,Monsoon,46380,Farm,Newcastle disease
Wild boar,1,0,0,Virus,France,46.602,3.672652,April,Summer,108,Other,Aujeszky's disease
Birds,0,0,0,Virus,Cambodia,11.44,105.12,January,Winter,232,Village,Highly pathogenic avian influenza
Birds,0,0,0,Virus,France,45.9833333,5.1,February,Winter,11700,Farm,Highly pathogenic avian influenza
Swine,0,0,0,Virus,Vietnam,22.4783,105.8425,June,Monsoon,0,Village,African swine fever
Equidae,0,0,0,Virus,Germany,51.38,12.22,October,Post-Monsoon,4,Backyard,West Nile Fever
Dogs,0,0,0,Virus,Palestine,32.3074,35.1644,May,Summer,1,Not applicable,Rabies
Bees,0,1,0,Bacterium,Belgium,50.96,5.36,August,Monsoon,24,Apiary,European foulbrood of honey bees
Swine,0,0,0,Virus,Mongolia,47.4501,106.3456,March,Summer,691,Farm,Classical swine fever
Birds,0,0,0,Virus,Russia,58.396965,42.381823,July,Monsoon,60,Not applicable,Highly pathogenic avian influenza
Brent Goose,1,0,0,Virus,France,48.7099,-1.5151,March,Summer,0,Not applicable,Highly pathogenic avian influenza
Birds,0,1,0,Virus,Sweden,55.5996,13.2678,March,Summer,281,Farm,Highly pathogenic avian influenza
Swine,0,0,0,Virus,Russia,55.769605,42.221312,June,Monsoon,33,Village,African swine fever
Wild boar,1,0,0,Virus,Hungary,47.500777,18.969602,June,Monsoon,0,Forest,African swine fever
Birds,0,0,0,Virus,Italy,44.880296,11.320428,September,Monsoon,952658,Farm,Highly pathogenic avian influenza
Equidae,0,0,0,Parasite,Netherlands,51.71004,3.73681,August,Monsoon,300,Farm,Equine piroplasmosis
Swine,0,0,0,Virus,Russia,52.916,45.2252,December,Winter,95,Backyard,African swine fever
Wild boar,1,0,0,Virus,Russia,49.486,130.372,June,Monsoon,0,Forest,Classical swine fever
Indian Pond Heron,1,0,0,Virus,India,24.1502,86.6397,February,Winter,0,Not applicable,Highly pathogenic avian influenza
Cattle,0,0,0,Virus,Mozambique,-14.7987,35.9319,October,Post-Monsoon,5340,Village,Foot and mouth disease
Birds,0,1,0,Virus,Poland,52.276,16.672,October,Post-Monsoon,4037331,Farm,Newcastle disease
Birds,0,1,0,Virus,Nepal,27.60725,84.58228,May,Summer,13591,Farm,Highly pathogenic avian influenza
Cattle,0,0,0,Virus,Serbia,42.96331,20.366825,August,Monsoon,672,Backyard,Bluetongue
Sheep,0,0,0,Virus,Portugal,37.903,-7.567,August,Monsoon,234,Farm,Bluetongue
Birds,0,0,0,Virus,Colombia,1.804269,-78.77191,November,Post-Monsoon,1040,Other,Highly pathogenic avian influenza
Red Fox,1,0,0,Virus,Latvia,56.5069,25.892844,July,Monsoon,0,Not applicable,Highly pathogenic avian influenza
Cattle,0,0,0,Bacterium,Armenia,40.1026,45.1866,August,Monsoon,3,Village,Anthrax
Mallard,1,1,0,Virus,Czech Republic,49.44978,13.83123,January,Winter,277,Farm,Highly pathogenic avian influenza
Pacific cupped oyster,1,0,1,Virus,Netherlands,51.6235,3.8532,June,Monsoon,30,Coastal area,Ostreid herpesvirus-1
Dogs,0,0,0,Virus,Armenia,40.151154,44.037595,March,Summer,1,Backyard,Rabies
Birds,0,0,0,Virus,France,50.4954,2.082,September,Monsoon,1500,Farm,Newcastle disease
Birds,0,1,0,Virus,Egypt,31.01,31.32,February,Winter,1000,Farm,Highly pathogenic avian influenza
Equidae,0,0,0,Virus,Costa Rica,10.2159,-83.77803,October,Post-Monsoon,4,Farm,Equine encephalomyelitis
Birds,0,1,0,Virus,Germany,51.89,11.8,December,Winter,20331,Farm,Highly pathogenic avian influenza
Birds,0,0,0,Virus,Switzerland,47.01058,7.01913,November,Post-Monsoon,5000,Farm,Newcastle disease
Yellow-legged Gull,1,0,0,Virus,Portugal,40.636043,-8.727829,July,Monsoon,0,Not applicable,Highly pathogenic avian influenza
Cattle,0,0,0,Virus,France,42.617820857344576,2.495403598623535,November,Post-Monsoon,3520,Farm,Lumpy skin disease
Cattle,0,0,0,Virus,Switzerland,46.87,9.88,December,Winter,21,Farm,Infectious bovine rhinotracheitis/infectious pustular vulvovaginitis
Birds,0,1,0,Virus,Korea (Rep. of),34.6255613,127.191673,December,Winter,685127,Farm,Highly pathogenic avian influenza
Birds,0,0,0,Virus,Korea (Dem People's Rep. of),38.67,125.77,April,Summer,706600,Village,Highly pathogenic avian influenza
Birds,0,0,0,Virus,Greece,40.6392,21.7608,February,Winter,60,Backyard,Highly pathogenic avian influenza
Birds,0,0,0,Virus,Ukraine,49.5056,36.4981,January,Winter,264339,Farm,Newcastle disease
Pacific cupped oyster,0,0,1,Virus,Ireland,53.896,-9.928,August,Monsoon,0,Coastal area,Ostreid herpesvirus-1
Swine,0,0,0,Virus,Indonesia,2.6902,98.9189,September,Monsoon,4807554,Village,African swine fever
Anatidae (unidentified),1,0,0,Virus,Kazakhstan,54.862222,69.140833,September,Monsoon,2,Other,Highly pathogenic avian influenza
White Stork,1,0,0,Virus,Portugal,37.03394,-7.83557,December,Winter,0,Other,Highly pathogenic avian influenza
Wild boar,1,0,0,Virus,Ukraine,47.1646,31.8887,April,Summer,0,Other,African swine fever
Birds,0,1,0,Virus,North Macedonia,42.2669,22.111525,June,Monsoon,60,Backyard,Newcastle disease
Cats,0,0,0,Virus,Argentina,-27.8,-64.2667,October,Post-Monsoon,4,Other,SARS-CoV-2 in animals
Wild boar,1,0,0,Virus,Ukraine,51.298,31.4661,March,Summer,0,Backyard,African swine fever
Birds,0,1,0,Virus,Germany,50.259,10.315,March,Summer,382,Farm,Highly pathogenic avian influenza
Wildlife (species unspecified),1,0,0,Virus,Palestinian Territory,32.46441,35.30059,March,Summer,0,Village,Rabies
Anatidae (unidentified),1,0,0,Virus,Germany,52.55,11.98,December,Winter,0,Not applicable,Highly pathogenic avian influenza
Birds,0,0,0,Virus,Nepal,26.65233889,87.26086389,February,Winter,2000,Farm,Highly pathogenic avian influenza
Hippopotamidae (unidentified),1,0,0,Bacterium,Tanzania,-7.9209,35.9079,September,Monsoon,1365,Natural park,Anthrax
Wild boar,1,0,0,Virus,Ukraine,48.4118,25.52776,January,Winter,0,Forest,African swine fever
Equidae,0,1,0,Virus,Italy,45.522791,10.476867,April,Summer,77,Farm,Equine influenza
Cattle,0,0,0,Bacterium,Kazakhstan,52.3379,76.7332,June,Monsoon,163,Village,Anthrax
Birds,0,1,0,Virus,Slovakia,49.2129,18.52769,December,Winter,13,Backyard,Highly pathogenic avian influenza
Birds,0,1,0,Virus,Mexico,21.3263444,-102.149211,October,Post-Monsoon,1033917,Backyard,Highly pathogenic avian influenza
Accipitridae (unidentified),1,0,0,Virus,Germany,52.57,13.24,February,Winter,0,Not applicable,Highly pathogenic avian influenza
Cats,0,0,0,Virus,United States of America,30.675,-96.392,September,Monsoon,43,Other,SARS-CoV-2 in animals
Birds,0,1,0,Virus,Malta,35.8701,14.4289,May,Summer,25640,Farm,Newcastle disease
Cattle,0,0,0,Virus,Israel,32.6276753012,34.9452791674,August,Monsoon,700,Farm,Foot and mouth disease
Cattle,0,0,0,Virus,Israel,32.686911175,35.5731158129,March,Summer,650,Village,Foot and mouth disease
Camelidae,0,0,0,Virus,Mongolia,47.243488,103.680698,May,Summer,0,Not applicable,Foot and mouth disease
Birds,0,0,0,Virus,Bulgaria,43.7166,28.2359,February,Winter,4181,Village,Newcastle disease
Mallard,1,0,0,Virus,Iceland,64.247511,-15.193857,July,Monsoon,0,Not applicable,Highly pathogenic avian influenza
Wildlife (species unspecified),1,0,0,Virus,Georgia,41.62,41.59,February,Winter,10,Not applicable,Highly pathogenic avian influenza
Birds,0,1,0,Virus,Dominican (Rep.),19.452204,-70.615914,November,Post-Monsoon,284468,Farm,Newcastle disease
Birds,0,0,0,Virus,Burkina Faso,12.4013,-1.5785,July,Monsoon,280995,Farm,Highly pathogenic avian influenza
Swine,0,0,0,Virus,Russia,56.4596,41.7927,July,Monsoon,36,Backyard,African swine fever
Cats,0,0,0,Virus,France,46.45964911,-0.78859276,November,Post-Monsoon,1,Not applicable,Rabies
Laridae (unidentified),1,0,0,Virus,Portugal,39.14555,-9.37525,September,Monsoon,0,Other,Highly pathogenic avian influenza
Indian prawn,0,0,1,Virus,Saudi Arabia,21.7054,40.6844,February,Winter,3000,Farm,White spot disease
Cattle,0,0,0,Virus,Egypt,30.48,30.17,August,Monsoon,484,Farm,Bluetongue
Birds,0,1,0,Virus,Hungary,46.886865,20.593589,May,Summer,425605,Farm,Highly pathogenic avian influenza
Birds,0,1,0,Virus,Bulgaria,41.4883,24.8528,March,Summer,127,Backyard,Newcastle disease
Sea otter,1,0,0,Virus,Japan,43.3302,145.5827,May,Summer,0,Not applicable,Highly pathogenic avian influenza
Equidae,0,0,0,Virus,Nigeria,10.8049,7.6419,October,Post-Monsoon,144,Farm,African horse sickness
Goats,0,0,0,Virus,Italy,38.97016,8.63393,October,Post-Monsoon,1088,Farm,Bluetongue
Anatidae (unidentified),1,0,0,Virus,Germany,54.333592,12.890997,December,Winter,0,Not applicable,Highly pathogenic avian influenza
Swine,0,0,0,Virus,Russia,55.937338,93.172779,October,Post-Monsoon,1083,Farm,African swine fever
Mustelidae,0,0,0,Virus,Poland,54.336666,18.428005,December,Winter,8000,Farm,SARS-CoV-2 in animals
Swine,0,0,0,Virus,Russia,52.024537,34.473374,September,Monsoon,9,Backyard,African swine fever
Cattle,0,0,0,Virus,China (People's Rep. of),38.177,77.253,November,Post-Monsoon,154,Backyard,Foot and mouth disease
Cattle,0,0,0,Bacterium,Palestinian Territory,32.22,35.27,November,Post-Monsoon,39,Farm,Anthrax
Common carp,0,0,1,Virus,Iraq,33.39236,43.56524,November,Post-Monsoon,155850,Cage,Koi herpesvirus
Birds,0,1,0,Virus,Hungary,46.238856,17.53814,November,Post-Monsoon,3370,Farm,Highly pathogenic avian influenza
Cattle,0,0,0,Virus,Kyrgyzstan,42.24,72.98,August,Monsoon,40,Village,Foot and mouth disease
Cattle,0,0,0,Virus,Palestinian Territory,31.621389,35.10222,December,Winter,1400,Farm,Foot and mouth disease
Swine,0,0,0,Virus,Cambodia,13.83,107.05,April,Summer,2605,Village,African swine fever
Cattle,0,0,0,Virus,Zimbabwe,-16.91848,30.07884,December,Winter,9034,Village,Foot and mouth disease
Birds,0,1,0,Virus,India,20.793232,70.855979,January,Winter,220,Backyard,Highly pathogenic avian influenza
Mute Swan,1,0,0,Virus,Moldova,47.2148,28.6985,January,Winter,0,Body of water,Highly pathogenic avian influenza
Cattle,0,0,0,Virus,Malawi,-13.96189,33.2345,April,Summer,100000,Village,Foot and mouth disease
Mute Swan,1,0,0,Virus,United Kingdom,51.531452,-3.01347,December,Winter,0,Other,Highly pathogenic avian influenza
Cattle,0,0,0,Virus,Sweden,56.18376188,15.36907363,February,Winter,4139,Farm,Bluetongue
Equidae,0,0,0,Virus,Romania,44.3209,28.284,December,Winter,9,Village,West Nile Fever
Walrus,1,0,0,Virus,Norway,76.576,25.1576,June,Monsoon,0,Other,Highly pathogenic avian influenza
Birds,0,1,0,Virus,Pakistan,30.17566,72.75006,August,Monsoon,3000,Farm,Highly pathogenic avian influenza
Wild boar,1,0,0,Virus,Poland,50.304561,21.344969,August,Monsoon,0,Not applicable,African swine fever
Atlantic salmon,0,0,1,Virus,United Kingdom,56.49,-5.76,November,Post-Monsoon,1826014,Cage,Infectious salmon anaemia virus
Cattle,0,0,0,Virus,Norway,58.1086,6.5831,March,Summer,638,Farm,Bluetongue
Cattle,0,0,0,Virus,Botswana,-18.61333,22.10778,September,Monsoon,40432,Village,Foot and mouth disease
Birds,0,1,0,Virus,Ireland,51.648484,-8.87768,March,Summer,153,Not applicable,Low pathogenic avian influenza
Rabbits,0,0,0,Virus,Norway,59.5568,9.248,January,Winter,25,Backyard,Rabbit haemorrhagic disease
Cattle,0,0,0,Virus,Mongolia,47.5217,118.242,September,Monsoon,0,Farm,Foot and mouth disease
Greylag Goose,1,0,0,Virus,United Kingdom,54.16,-4.48,October,Post-Monsoon,0,Other,Highly pathogenic avian influenza
Birds,0,1,0,Virus,Nepal,27.65584,85.44988,March,Summer,274677,Farm,Highly pathogenic avian influenza
Accipitridae (unidentified),1,0,0,Virus,Germany,53.55,10.11,August,Monsoon,0,Not applicable,West Nile Fever
Cattle,0,0,0,Virus,Kazakhstan,52.32,77.13,May,Summer,832,Village,Infectious bovine rhinotracheitis/infectious pustular vulvovaginitis
Wild boar,1,0,0,Virus,Ukraine,51.771587,33.465935,October,Post-Monsoon,92,Farm,African swine fever
Common Teal,1,0,0,Virus,Netherlands,52.0028,5.1186,March,Summer,0,Village,Highly pathogenic avian influenza
Birds,0,0,0,Virus,Palestinian Territory,31.82688,35.110169,March,Summer,40,Backyard,Highly pathogenic avian influenza
Accipitridae (unidentified),1,0,0,Virus,Germany,51.29,13.11,September,Monsoon,1,Backyard,West Nile Fever
Accipitridae (unidentified),1,0,0,Virus,Germany,52.55,13.26,November,Post-Monsoon,0,Not applicable,Highly pathogenic avian influenza
Wild boar,1,0,0,Virus,Russia,55.66676,49.684206,October,Post-Monsoon,0,Forest,African swine fever
Cattle,0,0,0,Virus,Argentina,-27.49,-58.54,February,Winter,5498,Farm,Foot and mouth disease
Swine,0,0,0,Virus,China (People's Rep. of),40.037507,119.810676,December,Winter,245,Other,African swine fever
Birds,0,0,0,Virus,Togo,6.5048,1.1839,June,Monsoon,35000,Farm,Highly pathogenic avian influenza
Cattle,0,0,0,Virus,Russia,53.277093,52.057739,November,Post-Monsoon,7763,Backyard,Lumpy skin disease
Accipitridae (unidentified),1,0,0,Virus,Germany,51.6,13.25,April,Summer,0,Not applicable,Highly pathogenic avian influenza
Black-necked Grebe,1,0,0,Virus,China (People's Rep. of),37.783334,106.77966,June,Monsoon,0,Other,Highly pathogenic avian influenza
Black Swan,1,0,0,Virus,Poland,50.051729,19.932073,January,Winter,0,Body of water,Highly pathogenic avian influenza
Equidae,0,0,0,Virus,France,41.673,9.326,October,Post-Monsoon,145,Farm,West Nile Fever
Visayan warty pig,1,0,0,Virus,Hungary,48.23992,20.15029,May,Summer,0,Forest,African swine fever
Common Raven,1,0,0,Virus,Faeroe Islands,62.104,-6.7198,October,Post-Monsoon,0,Village,Highly pathogenic avian influenza
Cattle,0,0,0,Virus,China (People's Rep. of),29.659769,118.300009,June,Monsoon,26,Backyard,Lumpy skin disease
Dogs,0,0,0,Virus,Armenia,40.5897,44.3517,April,Summer,1,Backyard,Rabies
Eurasian Sparrowhawk,1,0,0,Virus,Austria,48.15,14.33,December,Winter,0,Backyard,Highly pathogenic avian influenza
Sheep,0,0,0,Virus,Bulgaria,42.0156,23.9989,November,Post-Monsoon,1769,Farm,Peste des petits ruminants
Accipitridae (unidentified),1,0,0,Virus,Germany,51.27,12.28,July,Monsoon,0,Not applicable,Highly pathogenic avian influenza
Mandarin Duck,1,0,0,Virus,Korea (Rep. of),36.76616,127.090316,December,Winter,0,Other,Highly pathogenic avian influenza
Swine,0,0,0,Virus,Moldova,47.93,28.55,January,Winter,4,Backyard,African swine fever
Birds,0,1,0,Virus,Chinese Taipei,23.66592222,120.38853056,March,Summer,7820022,Farm,Highly pathogenic avian influenza
Goats,0,0,0,Prion,Israel,31.22673,35.17797,January,Winter,275,Farm,Scrapie
Cattle,0,0,0,Bacterium,Laos,15.202,106.3985,June,Monsoon,71,Village,Anthrax
Cattle,0,0,0,Virus,Armenia,40.0568,44.1955,December,Winter,1219,Farm,Foot and mouth disease
Wildlife (species unspecified),1,0,0,Virus,Italy,46.039579,11.868945,February,Winter,0,Farm,Rabies
Common Redshank,1,0,0,Virus,Philippines,14.488299,120.97682,March,Summer,0,Natural park,Highly pathogenic avian influenza
Cattle,0,0,0,Virus,Bosnia and Herzegovina,44.3875,16.3882,November,Post-Monsoon,1631,Farm,Bluetongue
Birds,0,0,0,Virus,Thailand,16.9902,100.5854,January,Winter,2100,Farm,Highly pathogenic avian influenza
Birds,0,0,0,Virus,Kuwait,29.171,47.4905,December,Winter,285,Backyard,Highly pathogenic avian influenza
Swine,0,0,0,Virus,Ukraine,49.712,28.5243,June,Monsoon,1524,Backyard,African swine fever
Cattle,0,0,0,Bacterium,Ukraine,46.1258,29.9033,October,Post-Monsoon,7,Backyard,Anthrax
Birds,0,0,0,Virus,Romania,45.569444,25.340278,September,Monsoon,533,Village,Newcastle disease
Rainbow trout,0,0,1,Virus,France,50.55202,1.80285,August,Monsoon,144,Farm,Infectious haematopoietic necrosis virus
Muscovy Duck,1,0,0,Virus,Slovakia,48.783,21.204,January,Winter,3,Zoo,Highly pathogenic avian influenza
Birds,0,0,0,Virus,Israel,30.6549,34.9034,March,Summer,271400,Farm,Highly pathogenic avian influenza
Cattle,0,0,0,Virus,Botswana,-17.88747,25.23022,July,Monsoon,349,Village,Foot and mouth disease
Suidae (unidentified),1,0,0,Virus,Laos,19.971649,103.294277,September,Monsoon,0,Forest,African swine fever
Equidae,0,0,0,Bacterium,United States of America,34.42,-119.69,May,Summer,1029,Farm,Contagious equine metritis
Cattle,0,0,0,Virus,Malawi,-16.057,34.785,November,Post-Monsoon,30114,Village,Foot and mouth disease
Cattle,0,0,0,Virus,Jordan,32.1261,36.2768,January,Winter,13400,Village,Foot and mouth disease
Swine,0,0,0,Virus,China (People's Rep. of),18.60073,110.02274,April,Summer,1238,Backyard,African swine fever
Atlantic salmon,0,0,1,Virus,Norway,63.17721,9.52652,July,Monsoon,18600,Farm,Infectious salmon anaemia virus
Birds,0,1,0,Virus,Hungary,48.16061,20.013815,March,Summer,5176,Farm,Highly pathogenic avian influenza
Birds,0,0,0,Virus,Iraq,32.0056,47.1001,January,Winter,4130,Village,Highly pathogenic avian influenza
Birds,0,0,0,Virus,Honduras,14.6532,-88.83,October,Post-Monsoon,11000,Farm,Newcastle disease
Birds,0,0,0,Virus,Chinese Taipei,23.54056,119.61552,November,Post-Monsoon,831,Farm,Highly pathogenic avian influenza
Swine,0,0,0,Virus,Sierra Leone,8.481656,-13.218544,September,Monsoon,10946,Backyard,African swine fever
Swine,0,0,0,Virus,Ukraine,48.6506,35.3784,October,Post-Monsoon,10,Backyard,African swine fever
Cattle,0,0,0,Virus,North Macedonia,41.43613,20.917445,July,Monsoon,1,Farm,Bluetongue
Cattle,0,0,0,Virus,Zambia,-16.1114,23.3059,December,Winter,4735,Village,Foot and mouth disease
Swine,0,0,0,Virus,Myanmar,20.5235,99.5523,September,Monsoon,157,Backyard,African swine fever
Eurasian Sparrowhawk,1,0,0,Virus,Austria,48.063,16.58,November,Post-Monsoon,0,Backyard,Highly pathogenic avian influenza
House Crow,1,0,0,Virus,Nepal,27.72044,85.31742,February,Winter,200,Other,Highly pathogenic avian influenza
Birds,0,1,0,Virus,Croatia,45.128083,17.739506,November,Post-Monsoon,19497,Farm,Highly pathogenic avian influenza
Wildlife (species unspecified),1,0,0,Virus,Romania,44.46,26.51,January,Winter,0,Village,Newcastle disease
Birds,0,1,0,Virus,Germany,48.65,10.39,January,Winter,20000,Farm,Highly pathogenic avian influenza
Cattle,0,0,0,Virus,Zimbabwe,-21.765431,29.7971707,June,Monsoon,1044,Village,Foot and mouth disease
Dogs,0,0,0,Parasite,Belize,17.0017,-88.46445,June,Monsoon,14,Farm,New world screwworm
Sheep,0,0,0,Virus,Georgia,41.6428,45.00732,February,Winter,1700,Farm,Peste des petits ruminants
Birds,0,1,0,Virus,Romania,45.108841,26.066434,April,Summer,148500,Farm,Newcastle disease
Farmed molluscs (species unspecified),0,0,1,Parasite,United Kingdom,51.3309,1.00444,February,Winter,5000000,Coastal area,Bonamia ostreae
Wildlife (species unspecified),1,0,0,Virus,Russia,50.8434,92.9853,June,Monsoon,0,Not applicable,Highly pathogenic avian influenza
Cattle,0,0,0,Parasite,Mexico,25.0389,-99.76,November,Post-Monsoon,268,Other,New world screwworm
Birds,0,1,0,Virus,India,21.2585,71.8883,January,Winter,17507,Backyard,Highly pathogenic avian influenza
Phasianidae (unidentified),1,0,0,Virus,North Macedonia,41.870723,22.507532,November,Post-Monsoon,0,Other,Highly pathogenic avian influenza
Sheep,0,0,0,Virus,Israel,32.5161237246,35.150991698,August,Monsoon,54,Village,Peste des petits ruminants
Wild boar,1,0,0,Virus,Poland,51.196226,21.1607191,July,Monsoon,0,Farm,African swine fever
Birds,0,0,0,Virus,Japan,32.264392,130.936336,April,Summer,113100,Farm,Highly pathogenic avian influenza
Birds,0,0,0,Virus,Estonia,59.4211,24.9617,October,Post-Monsoon,237000,Farm,Newcastle disease
Cattle,0,0,0,Virus,Romania,48.072863,26.644281,November,Post-Monsoon,160,Backyard,Bluetongue
Wild boar,1,0,0,Virus,Poland,54.245833,20.055556,December,Winter,0,Not applicable,African swine fever
Egyptian Goose,1,0,0,Virus,Israel,31.7776,35.2243,October,Post-Monsoon,0,Zoo,Highly pathogenic avian influenza
Swine,0,0,0,Virus,Nicaragua,11.85669,-86.07594,December,Winter,3,Not applicable,Classical swine fever
Wild boar,1,0,0,Virus,Singapore,1.443748,103.735382,February,Winter,0,Natural park,African swine fever
Greylag Goose,1,0,0,Virus,Netherlands,52.916,4.979,September,Monsoon,0,Other,Highly pathogenic avian influenza
European flat oyster,1,0,1,Parasite,United Kingdom,55.49,-5.2834,August,Monsoon,5000,Shell fish bed,Bonamia ostreae
Birds,0,0,0,Virus,India,23.5,91.16,March,Summer,23098,Farm,Highly pathogenic avian influenza
Birds,0,0,0,Virus,India,23.54,91.24,January,Winter,9447,Farm,Highly pathogenic avian influenza
Equidae,0,0,0,Bacterium,Denmark,56.057,12.327,July,Monsoon,1,Farm,Contagious equine metritis
Swine,0,0,0,Virus,South Africa,-25.5,28.2,January,Winter,132489,Farm,African swine fever
Birds,0,0,0,Virus,United States of America,37.539,-77.433,November,Post-Monsoon,3270,Farm,Influenza A virus
Rainbow trout,0,0,1,Virus,Romania,46.908356,23.093878,August,Monsoon,943153,Farm,Viral haemorrhagic septicaemia
Bees,0,1,0,Bacterium,Norway,58.55,7.77,May,Summer,75,Apiary,European foulbrood of honey bees
Swine,0,0,0,Virus,Moldova,47.63,28.19,July,Monsoon,1073,Village,African swine fever
Wild boar,1,0,0,Virus,Poland,53.646,15.3623,January,Winter,0,Not applicable,African swine fever
Birds,0,1,0,Virus,Germany,52.73,13.07,November,Post-Monsoon,621,Farm,Low pathogenic avian influenza
Sheep,0,0,0,Virus,Botswana,-24.36247,25.47777,April,Summer,58,Farm,Bluetongue
Mute Swan,1,0,0,Virus,Slovenia,45.8786,15.5325,January,Winter,0,Other,Highly pathogenic avian influenza
Atlantic salmon,0,0,1,Virus,Norway,69.54696,21.3583,March,Summer,714585,Farm,Infectious salmon anaemia virus
Accipitridae (unidentified),1,0,0,Virus,Germany,51.97,8.72,May,Summer,8,Not applicable,Highly pathogenic avian influenza
Goats,0,0,0,Virus,Romania,44.01936,25.415831,June,Monsoon,680,Farm,Caprine arthritis/encephalitis
Goats,0,0,0,Virus,Bulgaria,42.2051,24.87314,July,Monsoon,90,Farm,Sheep pox and goat pox
Accipitridae (unidentified),1,0,0,Virus,Germany,53.22,10.12,October,Post-Monsoon,1,Backyard,West Nile Fever
Cattle,0,0,0,Virus,Botswana,-18.3176,21.6538,August,Monsoon,1500,Village,Foot and mouth disease
Cattle,0,0,0,Bacterium,Italy,38.0529,15.0137,September,Monsoon,119,Farm,Anthrax
Cattle,0,0,0,Virus,China (People's Rep. of),25.536671,116.331818,June,Monsoon,70,Backyard,Lumpy skin disease
Mute Swan,1,0,0,Virus,United Kingdom,52.742187,1.594402,July,Monsoon,0,Natural park,Highly pathogenic avian influenza
Sheep,0,0,0,Virus,Bulgaria,42.1481,24.9055,July,Monsoon,207,Farm,Sheep pox and goat pox
Birds,0,0,0,Virus,Greece,40.9,22.8,April,Summer,116100,Farm,Newcastle disease
Birds,0,1,0,Virus,Vietnam,10.737906,106.080909,October,Post-Monsoon,0,Farm,Highly pathogenic avian influenza
Dogs,0,0,0,Parasite,New Caledonia,-22.1793,166.4002,January,Winter,3,Not applicable,Leishmaniosis
Birds,0,1,0,Virus,Hungary,47.387114,21.9118493,January,Winter,115548,Farm,Highly pathogenic avian influenza
Accipitridae (unidentified),1,0,0,Virus,Germany,54.72,8.72,April,Summer,0,Not applicable,Highly pathogenic avian influenza
Barnacle Goose,1,0,0,Virus,Finland,60.94015,26.09599,November,Post-Monsoon,0,Not applicable,Highly pathogenic avian influenza
Dogs,0,0,0,Virus,Germany,49.43,8.29,January,Winter,1,Other,Rabies
Cattle,0,0,0,Virus,Myanmar,22.66354942,95.29969788,November,Post-Monsoon,63,Village,Lumpy skin disease
Accipitridae (unidentified),1,0,0,Virus,Germany,51.65,12.44,March,Summer,0,Not applicable,Highly pathogenic avian influenza
Cattle,0,0,0,Prion,Spain,40.6557715,-5.4566773,February,Winter,134,Farm,Bovine spongiform encephalopathy
Wild boar,1,0,0,Virus,Ukraine,48.9368,32.8962,December,Winter,0,Forest,African swine fever
Sheep/goats (mixed herd),0,0,0,Virus,Israel,31.298469552,34.9384843403,June,Monsoon,335,Farm,Sheep pox and goat pox
Cattle,0,0,0,Parasite,Panama,9.2442,-79.6021,April,Summer,106,Farm,New world screwworm
Equidae,0,0,0,Virus,Bulgaria,42.9928,25.2008,June,Monsoon,8,Farm,Equine infectious anaemia
Birds,0,0,0,Virus,Bulgaria,41.4534,25.2212,May,Summer,1786,Village,Newcastle disease
Cattle,0,0,0,Parasite,Belize,18.06945,-88.55912,July,Monsoon,123,Other,New world screwworm
Greater White-fronted Goose,1,0,0,Virus,Ireland,53.237,-7.686,November,Post-Monsoon,0,Not applicable,Highly pathogenic avian influenza
Swine,0,0,0,Virus,Zimbabwe,-16.3872,31.82924,August,Monsoon,4294,Village,African swine fever
Swine,0,0,0,Virus,Mali,13.3263,-4.8756,June,Monsoon,400,Farm,African swine fever
Birds,0,1,0,Virus,Moldova,46.05,28.4177,February,Winter,594,Village,Highly pathogenic avian influenza
Cattle,0,0,0,Virus,Australia,-12.65,131.33,February,Winter,24,Farm,Bluetongue
Birds,0,1,0,Virus,Hungary,47.013775,20.123365,October,Post-Monsoon,19700,Farm,Highly pathogenic avian influenza
Birds,0,1,0,Virus,Nigeria,6.7396,6.0966,February,Winter,875398,Farm,Highly pathogenic avian influenza
Swine,0,0,0,Virus,France,44.052834,5.017921,April,Summer,807,Farm,Aujeszky's disease
Red river hog,1,0,0,Virus,Poland,51.792267,16.411034,February,Winter,0,Not applicable,African swine fever
Cattle,0,0,0,Virus,Kazakhstan,46.633,49.5208,July,Monsoon,3557,Farm,Lumpy skin disease
Common carp,0,0,1,Virus,South Africa,-26.0,27.9,April,Summer,1047,Farm,Koi herpesvirus
Dogs,0,0,0,Parasite,Uruguay,-31.3691,-57.9515,February,Winter,0,Not applicable,Leishmaniosis
Birds,0,1,0,Virus,Germany,53.6697,8.6564,February,Winter,23500,Farm,Low pathogenic avian influenza
Dogs,0,0,0,Virus,Armenia,40.1239,44.0044,August,Monsoon,1,Backyard,Rabies
Cooper's Hawk,1,0,0,Virus,Canada,44.66,-63.55,July,Monsoon,0,Not applicable,Highly pathogenic avian influenza
Swine,0,0,0,Virus,Zimbabwe,-16.3736,31.77922,September,Monsoon,785,Village,African swine fever
Birds,0,1,0,Virus,Netherlands,52.54,5.02,November,Post-Monsoon,156943,Farm,Highly pathogenic avian influenza
Birds,0,0,0,Virus,Israel,32.1649672492,34.8851120591,March,Summer,100000,Village,Newcastle disease
Dogs,0,0,0,Parasite,Armenia,40.1645,44.5049,August,Monsoon,21,Backyard,Leishmaniosis
Cattle,0,0,0,Virus,Netherlands,51.55307,4.83392,July,Monsoon,70,Farm,Bluetongue
Cattle,0,0,0,Virus,Tunisia,35.5324,9.3208,May,Summer,2,Farm,Peste des petits ruminants
Cattle,0,0,0,Virus,China (People's Rep. of),41.8285,83.8622,October,Post-Monsoon,120,Other,Foot and mouth disease
Black Swan,1,0,0,Virus,Chinese Taipei,23.559408,120.472546,January,Winter,0,Other,Highly pathogenic avian influenza
Accipitridae (unidentified),1,0,0,Virus,Germany,51.427,11.0,October,Post-Monsoon,0,Not applicable,Highly pathogenic avian influenza
Birds,0,0,0,Virus,Vietnam,9.9801,105.6181,April,Summer,45464,Backyard,Highly pathogenic avian influenza
Cattle,0,0,0,Virus,Russia,52.49329,79.95024,October,Post-Monsoon,5057,Backyard,Lumpy skin disease
Dogs,0,0,0,Virus,Armenia,40.8228,44.502,December,Winter,1,Backyard,Rabies
Gray Seal,1,0,0,Virus,United Kingdom,51.353,-0.493,November,Post-Monsoon,0,Other,Highly pathogenic avian influenza
Birds,0,0,0,Virus,Lithuania,54.575291,23.034193,June,Monsoon,1194,Backyard,Highly pathogenic avian influenza
Wildlife (species unspecified),1,0,0,Virus,Hong Kong,22.9,114.73,March,Summer,0,Not applicable,Highly pathogenic avian influenza
Cattle,0,0,0,Virus,Israel,33.0223060032,35.5766457725,July,Monsoon,300,Farm,Bluetongue
Whooper Swan,1,0,0,Virus,Greece,40.613967,22.857708,April,Summer,0,Natural park,Highly pathogenic avian influenza
Leopard,1,0,0,Virus,India,21.202588,79.001493,December,Winter,0,Zoo,Highly pathogenic avian influenza
Eurasian Jackdaw,1,0,0,Virus,Greece,41.0186,24.9314,July,Monsoon,0,Farm,West Nile Fever
Dogs,0,0,0,Virus,Melilla,35.2821,-2.94,September,Monsoon,0,Other,Rabies
Birds,0,0,0,Virus,Romania,44.8848,29.1311,November,Post-Monsoon,80,Farm,Highly pathogenic avian influenza
Birds,0,1,0,Virus,India,19.95582,85.871811,August,Monsoon,91325,Farm,Highly pathogenic avian influenza
Cattle,0,0,0,Virus,Libya,32.7439,13.7486,December,Winter,198,Farm,Foot and mouth disease
Birds,0,1,0,Virus,Slovakia,49.351803,19.661969,October,Post-Monsoon,208,Farm,Highly pathogenic avian influenza
Sheep,0,0,0,Virus,Israel,31.3917579086,34.7573957857,November,Post-Monsoon,280,Farm,Sheep pox and goat pox
Birds,0,1,0,Virus,Bulgaria,43.7536,22.4886,July,Monsoon,161,Backyard,Newcastle disease
Mute Swan,1,0,0,Virus,Poland,49.47443,22.30392,January,Winter,0,Body of water,Highly pathogenic avian influenza
Equidae,0,0,0,Virus,Belize,17.1722222,-89.1127778,January,Winter,19,Village,Venezuelan equine encephalomyelitis
Equidae,0,0,0,Virus,Portugal,37.066,-8.0634,August,Monsoon,82,Farm,West Nile Fever
Barnacle Goose,1,0,0,Virus,Sweden,55.410787,12.852439,February,Winter,0,Other,Highly pathogenic avian influenza
Wild boar,1,0,0,Virus,Romania,45.2825,28.8417,June,Monsoon,658,Natural park,African swine fever
Swine,0,0,0,Virus,Colombia,9.06915,-74.14463,February,Winter,1779,Backyard,Classical swine fever
Wildlife (species unspecified),1,0,0,Virus,Israel,32.0863819673,34.8356037909,July,Monsoon,0,Village,Newcastle disease
Birds,0,0,0,Virus,China (People's Rep. of),30.11,114.94,March,Summer,444121,Backyard,Highly pathogenic avian influenza
Birds,0,1,0,Virus,Hungary,47.658101,18.195787,December,Winter,77406,Farm,Highly pathogenic avian influenza
Birds,0,0,0,Virus,Hungary,46.4896,19.3959,June,Monsoon,65463,Farm,Highly pathogenic avian influenza
Swine,0,0,0,Virus,Ukraine,48.2529,26.2501,April,Summer,24799,Farm,African swine fever
Mallard,1,0,0,Virus,Poland,51.64078001,17.82442689,January,Winter,0,Other,Highly pathogenic avian influenza
Cattle,0,0,0,Virus,Eritrea,15.3733,38.864,February,Winter,1500,Village,Foot and mouth disease
Birds,0,1,0,Virus,Germany,51.979,9.057,November,Post-Monsoon,240423,Backyard,Highly pathogenic avian influenza
Cattle,0,0,0,Virus,Chinese Taipei,24.42563889,118.3270833,August,Monsoon,1706,Farm,Lumpy skin disease
Wild boar,1,0,0,Virus,Ukraine,48.772,32.7107,November,Post-Monsoon,36,Backyard,African swine fever
Goats,0,0,0,Virus,Peru,-8.929149,-75.272832,January,Winter,6,Farm,Bluetongue
Birds,0,0,0,Virus,France,48.28273528,-2.37603483,January,Winter,8600,Farm,Influenza A virus
Cattle,0,0,0,Bacterium,Kyrgyzstan,42.7319,76.1217,May,Summer,2,Backyard,Anthrax
Wild boar,1,0,0,Virus,Ukraine,49.9271,25.392,February,Winter,0,Forest,African swine fever
Equidae,0,0,0,Virus,France,42.564916,9.454977,November,Post-Monsoon,206,Farm,West Nile Fever
Accipitridae (unidentified),1,0,0,Virus,Germany,47.931,8.537,November,Post-Monsoon,0,Not applicable,Highly pathogenic avian influenza
Cats,0,0,0,Virus,Croatia,45.76687,15.97088,May,Summer,0,Other,SARS-CoV-2 in animals
Northern Goshawk,1,0,0,Virus,Russia,51.64,39.2436,January,Winter,1,Zoo,Highly pathogenic avian influenza
Dogs,0,0,0,Virus,Luxembourg,49.691,6.1425,December,Winter,1,Not applicable,Aujeszky's disease
Greater White-fronted Goose,1,0,0,Virus,United Kingdom,54.077,-4.65,February,Winter,0,Other,Highly pathogenic avian influenza
Goats,0,0,0,Virus,Mongolia,44.7675,106.3379,August,Monsoon,2557,Farm,Peste des petits ruminants
Cattle,0,0,0,Virus,Spain,36.4873241,-5.3994368,December,Winter,1789,Farm,Epizootic hemorrhagic disease virus
Swine,0,0,0,Virus,Ukraine,48.2561,31.5821,November,Post-Monsoon,29,Farm,African swine fever
Bees,0,0,0,Bacterium,Colombia,5.116635,-73.90134,February,Winter,280,Apiary,Melissococcus plutonius
Birds,0,0,0,Virus,Russia,62.536572,50.827263,August,Monsoon,13,Backyard,Highly pathogenic avian influenza
Bees,0,1,0,Bacterium,Norway,58.20101,7.87974,September,Monsoon,10,Apiary,American foulbrood of honey bees
Wild boar,1,0,0,Virus,Hungary,47.891932,20.50217,November,Post-Monsoon,0,Forest,African swine fever
Cattle,0,0,0,Virus,South Africa,-22.4,31.0,September,Monsoon,5000,Village,Foot and mouth disease
Swine,0,0,0,Virus,Russia,52.262841,35.510691,October,Post-Monsoon,8,Backyard,African swine fever
Cattle,0,0,0,Virus,Mozambique,-24.85419,32.67975,August,Monsoon,5000,Farm,Foot and mouth disease
Birds,0,0,0,Virus,Sweden,59.7402,17.1836,February,Winter,14500,Farm,Newcastle disease
Birds,0,1,0,Virus,Germany,52.374152,13.649644,March,Summer,10,Backyard,Highly pathogenic avian influenza
Birds,0,1,0,Virus,Germany,54.71,8.4,October,Post-Monsoon,47435,Backyard,Highly pathogenic avian influenza
Swine,0,0,0,Virus,Ukraine,48.6537,33.7199,April,Summer,91,Farm,African swine fever
Equidae,0,0,0,Virus,Belize,18.029275,-88.279528,October,Post-Monsoon,5,Farm,Venezuelan equine encephalomyelitis
Birds,0,0,0,Virus,Former Yug. Rep. of Macedonia,41.02,21.33,October,Post-Monsoon,15000,Village,Newcastle disease
Cattle,0,0,0,Bacterium,Germany,47.775834,12.028337,July,Monsoon,112,Farm,Anthrax
Equidae,0,0,0,Virus,France,44.793157,4.12175,October,Post-Monsoon,21,Farm,Equine infectious anaemia
Wild cat,1,0,0,Virus,Belgium,51.22484,4.10272,February,Winter,0,Other,Highly pathogenic avian influenza
Swine,0,0,0,Virus,Bhutan,26.847262,89.44496,April,Summer,1008,Farm,African swine fever
Cats,0,0,0,Virus,Armenia,39.8402,45.6808,May,Summer,2,Backyard,Rabies
Buffaloes,0,0,0,Virus,Egypt,30.3243,30.0909,July,Monsoon,940,Village,Foot and mouth disease
Birds,0,1,0,Virus,Spain,41.5618374,0.9239914,February,Winter,10487,Farm,Highly pathogenic avian influenza
Cattle,0,0,0,Virus,Palestinian Territory,32.190377,34.9685083333,July,Monsoon,146,Farm,Infectious bovine rhinotracheitis/infectious pustular vulvovaginitis
Laridae (unidentified),1,0,0,Virus,Germany,53.61,7.16,February,Winter,0,Not applicable,Highly pathogenic avian influenza
Rabbits,0,0,0,Virus,Norway,58.9408,5.744,August,Monsoon,12,Backyard,Rabbit haemorrhagic disease
Cattle,0,0,0,Virus,Slovenia,45.51454,14.34376,November,Post-Monsoon,293,Farm,Bluetongue
Mustelidae,0,0,0,Virus,Poland,52.42993,17.4228,November,Post-Monsoon,167231,Farm,SARS-CoV-2 in animals
Equidae,0,0,0,Virus,South Africa,-33.52039,18.59587,April,Summer,651,Farm,African horse sickness
Swine,0,0,0,Virus,Ukraine,49.2322,29.0804,September,Monsoon,227,Other,African swine fever
Wildlife (species unspecified),1,0,0,Virus,Russia,43.0,47.0,February,Winter,0,Farm,Highly pathogenic avian influenza
Swine,0,0,0,Virus,Ukraine,47.3454,31.751,November,Post-Monsoon,54,Backyard,African swine fever
Wildlife (species unspecified),1,0,0,Virus,Bosnia and Herzegovina,44.34694,17.18855,February,Winter,150,Not applicable,Highly pathogenic avian influenza
Cattle,0,0,0,Virus,Kazakhstan,50.44,54.11,May,Summer,10381,Village,Foot and mouth disease
Birds,0,0,0,Bacterium,Chile,-35.4271,-71.3743,May,Summer,406,Farm,Fowl typhoid
Birds,0,1,0,Virus,Slovenia,46.628,15.689,February,Winter,200,Farm,Newcastle disease
Swine,0,0,0,Virus,Ukraine,49.849592,26.435108,August,Monsoon,20163,Farm,African swine fever
Equidae,0,0,0,Virus,Ecuador,-2.226585,-78.913505,August,Monsoon,446,Farm,Equine influenza
Birds,0,0,0,Bacterium,United Kingdom,54.2146,-7.3975,October,Post-Monsoon,398000,Farm,Fowl typhoid
Razorbill,1,0,0,Virus,Finland,60.4492,19.7393,July,Monsoon,0,Not applicable,Highly pathogenic avian influenza
Equidae,0,0,0,Virus,Austria,47.412484,9.660191,June,Monsoon,2,Backyard,Equine infectious anaemia
Birds,0,1,0,Virus,Bolivia,-16.38983,-67.52153,February,Winter,1800,Farm,Newcastle disease
Birds,0,1,0,Virus,Albania,41.329213,19.753671,October,Post-Monsoon,20,Backyard,Highly pathogenic avian influenza
Birds,0,1,0,Virus,Germany,48.11,12.58,October,Post-Monsoon,557,Farm,Highly pathogenic avian influenza
Cattle,0,0,0,Virus,Switzerland,47.3,8.26,November,Post-Monsoon,273,Farm,Bluetongue
Cattle,0,0,0,Bacterium,Guinea,11.5441,-8.8811,July,Monsoon,849,Village,Contagious bovine pleuropneumonia
Birds,0,0,0,Virus,Niger,13.32,2.14,January,Winter,40,Backyard,Highly pathogenic avian influenza
Birds,0,0,0,Virus,Russia,55.195796,165.995944,January,Winter,100,Backyard,Highly pathogenic avian influenza
Cattle,0,0,0,Virus,Czech Republic,49.54649,16.03923,May,Summer,0,Farm,Bluetongue
Cattle,0,0,0,Bacterium,Armenia,40.1897,45.6733,June,Monsoon,8,Village,Anthrax
Sheep,0,0,0,Virus,Bulgaria,42.20922,24.95578,July,Monsoon,41,Farm,Sheep pox and goat pox
Wild boar,1,0,0,Virus,Latvia,56.5889,21.6083,December,Winter,0,Forest,African swine fever
Cattle,0,0,0,Virus,Korea (Rep. of),37.675,126.37,April,Summer,662,Farm,Foot and mouth disease
Wild boar,1,0,0,Virus,Greece,40.9860329,24.068882,June,Monsoon,0,Farm,African swine fever
Cattle,0,0,0,Virus,Russia,50.1954,119.303,February,Winter,735,Village,Foot and mouth disease
Equidae,0,0,0,Virus,Nigeria,6.5972,3.8577,December,Winter,79,Other,African horse sickness
Cattle,0,0,0,Virus,Israel,31.7890805244,35.4597063764,May,Summer,1170,Village,Bluetongue
Birds,0,1,0,Virus,Bulgaria,41.8317,25.7012,October,Post-Monsoon,19000,Farm,Highly pathogenic avian influenza
Black-headed Gull,1,0,0,Virus,Lithuania,54.573496,23.373105,April,Summer,0,Other,Highly pathogenic avian influenza
Birds,0,0,0,Virus,Laos,14.882056,105.896531,July,Monsoon,19336,Farm,Highly pathogenic avian influenza
Anatidae (unidentified),1,0,0,Virus,Switzerland,46.172,8.846,December,Winter,0,Body of water,Highly pathogenic avian influenza
Goats,0,0,0,Virus,Uruguay,-34.6736,-56.5694,August,Monsoon,293,Farm,Caprine arthritis/encephalitis
Granada hare,1,0,0,Virus,Portugal,38.498928,-7.8606,October,Post-Monsoon,0,Other,Myxomatosis
Birds,0,0,0,Virus,Belize,17.23254,-88.99416,November,Post-Monsoon,49728,Farm,Newcastle disease
Dogs,0,0,0,Virus,United Kingdom,49.23,-2.09,July,Monsoon,1,Not applicable,SARS-CoV-2 in animals
Birds,0,1,0,Virus,United Kingdom,53.82,-0.78,February,Winter,533883,Farm,Highly pathogenic avian influenza
Eurasian buzzard (common buzzard),1,0,0,Virus,Israel,32.35708,34.904622,November,Post-Monsoon,0,Natural park,Highly pathogenic avian influenza
Birds,0,1,0,Virus,Denmark,56.4973,8.7555,April,Summer,154476,Farm,Highly pathogenic avian influenza
Wild boar,1,0,0,Virus,Russia,54.9211,47.401,June,Monsoon,0,Forest,African swine fever
Birds,0,0,0,Virus,Czech Republic,49.424587,17.251148,January,Winter,46,Farm,Newcastle disease
Cattle,0,0,0,Virus,China (People's Rep. of),38.54,108.15,March,Summer,235,Village,Foot and mouth disease
Cattle,0,0,0,Virus,Israel,32.594573016,35.159466186,August,Monsoon,54462,Farm,Lumpy skin disease
Barnacle Goose,1,0,0,Virus,Denmark,55.323,11.1501,March,Summer,0,Not applicable,Highly pathogenic avian influenza
Audouin's gull,1,0,0,Virus,Portugal,37.088595,-8.252833,July,Monsoon,0,Not applicable,Highly pathogenic avian influenza
Mute Swan,1,0,0,Virus,Russia,45.486594,44.684249,April,Summer,0,Body of water,Highly pathogenic avian influenza
Black-faced spoonbill,1,0,0,Virus,Chinese Taipei,23.044318,120.100681,December,Winter,0,Natural park,Highly pathogenic avian influenza
Birds,0,1,0,Virus,Australia,-38.2404,142.9109,May,Summer,152194,Farm,Highly pathogenic avian influenza
Eurasian Sparrowhawk,1,0,0,Parasite,Mexico,17.89544,-93.399582,July,Monsoon,0,Farm,New world screwworm
Birds,0,1,0,Virus,Togo,6.24887,1.261119,June,Monsoon,2000,Farm,Highly pathogenic avian influenza
Northern Goshawk,1,0,0,Virus,United Kingdom,55.85,-4.51,February,Winter,0,Other,Highly pathogenic avian influenza
Mallard,1,0,0,Virus,Czech Republic,49.62,15.5597,February,Winter,0,Forest,Highly pathogenic avian influenza
Cattle,0,0,0,Virus,Germany,51.86,10.67,August,Monsoon,21,Farm,Bluetongue
Birds,0,0,0,Virus,Hong Kong,22.4472,114.1565,January,Winter,0,Not applicable,Highly pathogenic avian influenza
Birds,0,0,0,Virus,India,17.54,77.3,May,Summer,129546,Farm,Highly pathogenic avian influenza
Birds,0,0,0,Virus,Russia,54.338481,51.768634,August,Monsoon,180,Backyard,Highly pathogenic avian influenza
Birds,0,1,0,Virus,Romania,44.8992,28.5546,February,Winter,353,Backyard,Newcastle disease
Birds,0,1,0,Virus,China (People's Rep. of),35.077,109.125,February,Winter,1000,Backyard,Highly pathogenic avian influenza
Swine,0,0,0,Virus,Moldova,46.03,28.17,July,Monsoon,27,Backyard,African swine fever
Wildlife (species unspecified),1,0,0,Virus,Finland,60.4551,22.2632,August,Monsoon,0,Not applicable,Rabies
Equidae,0,0,0,Virus,Argentina,-34.4822,-58.51818,February,Winter,640,Farm,West Nile Fever
Yellow-legged Gull,1,0,0,Virus,Spain,43.29942,-8.65906,October,Post-Monsoon,0,Other,Highly pathogenic avian influenza
Swine,0,0,0,Virus,Dominican (Rep.),18.5349,-70.0841,June,Monsoon,27058,Backyard,African swine fever
Equidae,0,0,0,Virus,Panama,8.4803,-78.0746,June,Monsoon,18,Village,Venezuelan equine encephalomyelitis
Goats,0,0,0,Bacterium,Italy,41.077891,14.617789,June,Monsoon,160,Farm,Anthrax
Birds,0,0,0,Virus,Denmark,55.5994,12.0094,March,Summer,4,Backyard,Highly pathogenic avian influenza
Cattle,0,0,0,Bacterium,Italy,37.850441,14.881848,October,Post-Monsoon,232,Farm,Anthrax
Birds,0,0,0,Virus,Spain,40.2871292,-2.9693098,October,Post-Monsoon,308640,Farm,Highly pathogenic avian influenza
Bees,0,1,0,Parasite,Italy,38.42,16.04,December,Winter,3051,Apiary,Small hive beetle infestation
Birds,0,1,0,Virus,Sweden,55.784376,13.37124,April,Summer,192203,Farm,Highly pathogenic avian influenza
Wild boar,1,0,0,Virus,Latvia,56.899746,27.473048,December,Winter,0,Forest,African swine fever
Cattle,0,0,0,Virus,Thailand,19.087093,100.914019,July,Monsoon,5,Village,Lumpy skin disease
Cattle,0,0,0,Virus,Austria,48.770659,16.449069,June,Monsoon,136,Farm,Infectious bovine rhinotracheitis/infectious pustular vulvovaginitis
Wildlife (species unspecified),1,0,0,Virus,Mongolia,47.5886,102.6401,May,Summer,0,Village,Highly pathogenic avian influenza
Goats,0,0,0,Virus,Portugal,37.7664,-8.6777,July,Monsoon,21,Farm,Bluetongue
Bees,0,0,0,Parasite,Chinese Taipei,24.46582,120.81436,June,Monsoon,626,Apiary,Small hive beetle infestation
Cats,0,0,0,Virus,Canada,49.91,-97.141,January,Winter,6,Not applicable,Highly pathogenic avian influenza
Birds,0,1,0,Virus,Denmark,55.5636,9.8285,July,Monsoon,2968,Farm,Low pathogenic avian influenza
Cattle,0,0,0,Virus,Greece,39.29,26.25,October,Post-Monsoon,62,Farm,Bluetongue
Northern Goshawk,1,0,0,Virus,Sweden,55.728367,13.463897,February,Winter,0,Other,Highly pathogenic avian influenza
Accipitridae (unidentified),1,0,0,Virus,Germany,50.95,14.65,September,Monsoon,9,Not applicable,West Nile Fever
Birds,0,1,0,Virus,Haiti,19.6166,-71.78,August,Monsoon,127,Village,Low pathogenic avian influenza
Birds,0,1,0,Virus,United Kingdom,54.19,-4.69,December,Winter,800,Farm,Highly pathogenic avian influenza
Northern Goshawk,1,0,0,Virus,Japan,36.365801,140.471226,December,Winter,0,Not applicable,Highly pathogenic avian influenza
Cattle,0,0,0,Bacterium,Mauritania,16.071053,-13.37348,January,Winter,650,Village,Contagious bovine pleuropneumonia
Birds,0,1,0,Virus,Belgium,50.92488,3.31182,March,Summer,18859,Farm,Highly pathogenic avian influenza
Wild boar,1,0,0,Virus,Russia,57.734694,39.813729,March,Summer,0,Farm,African swine fever
Cats,0,0,0,Virus,United States of America,40.0297,-75.5129,June,Monsoon,1,Other,Rabies
Camelidae,0,0,0,Virus,Algeria,33.4581,0.5765,February,Winter,60,Farm,Peste des petits ruminants
Birds,0,1,0,Virus,Mexico,18.33549,-97.148205,April,Summer,1327978,Backyard,Highly pathogenic avian influenza
Birds,0,0,0,Virus,Russia,46.845577,40.944609,August,Monsoon,184,Backyard,Highly pathogenic avian influenza
Cattle,0,0,0,Parasite,Belize,17.75561,-88.35092,July,Monsoon,29,Farm,Cochliomyia hominivorax
Cattle,0,0,0,Bacterium,Romania,47.68045,26.735427,November,Post-Monsoon,12,Backyard,Anthrax
Birds,0,1,0,Virus,Moldova,47.57,27.64,August,Monsoon,108,Backyard,Highly pathogenic avian influenza
Cattle,0,0,0,Virus,Israel,32.685918,35.602966,December,Winter,8530,Farm,Epizootic hemorrhagic disease virus
Cattle,0,0,0,Virus,Germany,51.145,7.277,July,Monsoon,283,Farm,Bluetongue
Cattle,0,0,0,Bacterium,Romania,44.234224,25.187164,July,Monsoon,20,Backyard,Anthrax
Sheep,0,0,0,Virus,Palestinian Territory,32.369593,35.072822,February,Winter,105,Farm,Bluetongue
Birds,0,0,0,Virus,United States of America,38.36,-86.879,January,Winter,43500,Farm,Highly pathogenic avian influenza
Birds,0,1,0,Virus,South Africa,-33.5,22.8,November,Post-Monsoon,2270,Farm,Low pathogenic avian influenza
Birds,0,1,0,Virus,India,20.266437,85.815518,January,Winter,2372,Farm,Highly pathogenic avian influenza
Equidae,0,0,0,Virus,Uruguay,-31.2591,-56.686,March,Summer,0,Farm,Equine infectious anaemia
Birds,0,1,0,Virus,Togo,6.19104,1.3681,August,Monsoon,1880,Farm,Highly pathogenic avian influenza
Wild boar,1,0,0,Virus,Ukraine,49.261684,30.090398,July,Monsoon,0,Other,African swine fever
Birds,0,1,0,Virus,Togo,8.82,1.076,March,Summer,185,Farm,Highly pathogenic avian influenza
Alcidae (unidentified),1,0,0,Virus,Germany,53.727,7.369,October,Post-Monsoon,0,Not applicable,Highly pathogenic avian influenza
Equidae,0,0,0,Virus,Turkey,39.97,32.67,July,Monsoon,10,Not applicable,Equine influenza
Mute Swan,1,0,0,Virus,Poland,51.211382,17.253638,January,Winter,0,Not applicable,Highly pathogenic avian influenza
Wild boar,1,0,0,Virus,Russia,42.97972,132.86028,November,Post-Monsoon,0,Forest,African swine fever
Sheep/goats (mixed herd),0,0,0,Virus,Tanzania,-1.9431,35.4285,February,Winter,8913,Village,Peste des petits ruminants
Wild boar,1,0,0,Virus,Ukraine,49.77098,32.769327,October,Post-Monsoon,0,Natural park,African swine fever
Lion,1,0,0,Virus,Singapore,1.4022,103.7881,November,Post-Monsoon,14,Zoo,SARS-CoV-2 in animals
Wildlife (species unspecified),1,0,0,Virus,Denmark,55.393055,10.581666,May,Summer,0,Not applicable,Highly pathogenic avian influenza
Birds,0,1,0,Virus,Netherlands,53.17,5.54,July,Monsoon,9043,Farm,Low pathogenic avian influenza
Atlantic salmon,0,0,1,Virus,Norway,69.9937,20.9917,May,Summer,1224100,Farm,Infectious salmon anaemia virus
Cattle,0,0,0,Virus,Mayotte,-12.7286,45.1439,December,Winter,67,Farm,Rift Valley fever
Cattle,0,0,0,Virus,Myanmar,20.77,92.96,May,Summer,8356,Village,Foot and mouth disease
Swine,0,0,0,Virus,Hong Kong,22.513336,114.117563,January,Winter,0,Not applicable,Influenza A virus
Swine,0,0,0,Bacterium,Germany,54.187946,10.11629,November,Post-Monsoon,1020,Farm,Brucellosis
Rainbow trout,0,0,1,Virus,Croatia,44.4058,16.1111,December,Winter,40951,Farm,Viral haemorrhagic septicaemia
Swine,0,0,0,Virus,Thailand,12.612359,99.549601,November,Post-Monsoon,3604,Village,African swine fever
Birds,0,1,0,Virus,United Kingdom,53.0491,-3.5139,May,Summer,48,Farm,Low pathogenic avian influenza
Equidae,0,0,0,Virus,Chile,-33.4631,-70.6679,April,Summer,65,Other,Equine infectious anaemia
Birds,0,1,0,Virus,Sweden,55.607653,13.659071,January,Winter,52348,Farm,Highly pathogenic avian influenza
Charadriidae (unidentified),1,0,0,Virus,Germany,54.68,8.86,February,Winter,0,Not applicable,Highly pathogenic avian influenza
Sheep,0,0,0,Prion,Romania,45.28,27.53,January,Winter,1886,Village,Scrapie
Atlantic salmon,1,0,1,Virus,Norway,69.1975,17.0361,November,Post-Monsoon,1158549,Farm,Infectious salmon anaemia virus
Barnacle Goose,1,0,0,Virus,Estonia,59.520573,26.536189,April,Summer,0,Body of water,Highly pathogenic avian influenza
Cattle,0,0,0,Virus,South Africa,-26.9,27.9,December,Winter,93634,Farm,Foot and mouth disease
Cattle,0,0,0,Virus,Colombia,8.140046,-72.3697,July,Monsoon,330,Farm,Foot and mouth disease
Cygnus (unidentified),1,0,0,Virus,Moldova,47.8288,29.0125,December,Winter,0,Body of water,Highly pathogenic avian influenza
Birds,0,1,0,Virus,Russia,57.057818,65.695439,October,Post-Monsoon,4315801,Farm,Highly pathogenic avian influenza
Accipitridae (unidentified),1,0,0,Virus,Germany,53.92,10.37,March,Summer,0,Not applicable,Highly pathogenic avian influenza
Birds,0,1,0,Virus,Chinese Taipei,23.774055,120.503549,June,Monsoon,60591,Farm,Highly pathogenic avian influenza
Sheep,0,0,0,Virus,Kazakhstan,50.2,50.65,July,Monsoon,5061,Village,Sheep pox and goat pox
Large-billed Crow,1,0,0,Virus,Japan,43.061,141.354,October,Post-Monsoon,0,Not applicable,Highly pathogenic avian influenza
Birds,0,1,0,Virus,China (People's Rep. of),25.185,110.423,February,Winter,30462,Farm,Highly pathogenic avian influenza
Swine,0,0,0,Virus,Romania,44.37453,24.76823,August,Monsoon,37511,Farm,African swine fever
Cattle,0,0,0,Virus,Germany,54.33,8.68,August,Monsoon,62,Farm,Bluetongue
Wildlife (species unspecified),1,0,0,Virus,Azerbaijan,40.3157,49.6615,January,Winter,3,Not applicable,Highly pathogenic avian influenza
Birds,0,1,0,Virus,Denmark,55.5119,9.9781,March,Summer,3959,Farm,Low pathogenic avian influenza
Birds,0,1,0,Virus,Italy,45.304281,12.112575,February,Winter,37399,Farm,Highly pathogenic avian influenza
Swine,0,0,0,Virus,Chinese Taipei,23.752,120.3249,February,Winter,6180,Farm,Foot and mouth disease
Birds,0,1,0,Virus,Bangladesh,23.0639,89.3004,March,Summer,3978,Farm,Highly pathogenic avian influenza
Wild boar,1,0,0,Virus,Moldova,47.75147,27.28712,March,Summer,0,Forest,African swine fever
Swine,0,0,0,Virus,Zambia,-13.3205,23.4608,July,Monsoon,6964,Other,African swine fever
Cattle,0,0,0,Virus,Croatia,45.7547,18.06,December,Winter,37,Farm,Bluetongue
Bees,0,0,0,Parasite,Australia,-27.5409,152.4826,March,Summer,130,Apiary,Varroa spp.
Greylag Goose,1,0,0,Virus,Bulgaria,44.0028,22.6642,March,Summer,0,Backyard,Highly pathogenic avian influenza
Birds,0,1,0,Virus,Bulgaria,41.5999985,25.3999996,September,Monsoon,1370,Backyard,Newcastle disease
Swine,0,0,0,Virus,Ukraine,48.3426,33.4696,November,Post-Monsoon,59,Backyard,African swine fever
Sheep,0,0,0,Bacterium,Croatia,43.6356,16.6458,December,Winter,981,Farm,Brucellosis
Sheep,0,0,0,Virus,Israel,31.3238013617,34.6736733257,March,Summer,320,Village,Foot and mouth disease
Cats,0,0,0,Virus,Uruguay,-34.8199,-56.2601,May,Summer,7,Other,SARS-CoV-2 in animals
Birds,0,1,0,Virus,Russia,54.661616,54.180097,October,Post-Monsoon,9300,Farm,Highly pathogenic avian influenza
Birds,0,1,0,Virus,India,12.346262,76.633219,March,Summer,8476,Backyard,Highly pathogenic avian influenza
Equidae,0,0,0,Virus,Swaziland,-26.499,31.344,January,Winter,43,Farm,African horse sickness
Wild boar,1,0,0,Virus,Moldova,46.60951,28.25068,February,Winter,0,Forest,African swine fever
Asian small-clawed otter,1,0,0,Virus,United States of America,30.681,-96.305,October,Post-Monsoon,14,Other,SARS-CoV-2 in animals
Cattle,0,0,0,Bacterium,Slovakia,49.2832228782,21.7597487135,November,Post-Monsoon,277,Farm,Anthrax
Mallard,1,0,0,Virus,Belgium,50.47,4.38,February,Winter,0,Other,Highly pathogenic avian influenza
Mew Gull,1,0,0,Virus,Belgium,51.171007,2.773749,October,Post-Monsoon,0,Other,Highly pathogenic avian influenza
Mustelidae,0,0,0,Virus,Poland,51.67549,17.54644,December,Winter,470,Farm,SARS-CoV-2 in animals
Equidae,0,0,0,Virus,Swaziland,-26.499,31.344,March,Summer,37,Farm,African horse sickness
Wild boar,1,0,0,Virus,Germany,49.9705,8.4173,June,Monsoon,66,Forest,African swine fever
Anserinae (unidentified),1,0,0,Virus,Germany,53.17,8.61,January,Winter,0,Not applicable,Highly pathogenic avian influenza
Wildlife (species unspecified),1,0,0,Virus,Russia,48.599,130.621,July,Monsoon,2842,Village,Classical swine fever
Northern Goshawk,1,0,0,Virus,Spain,41.7333,0.6,September,Monsoon,0,Not applicable,West Nile Fever
Birds,0,1,0,Virus,Romania,45.826382,21.922722,November,Post-Monsoon,87,Backyard,Highly pathogenic avian influenza
Swine,0,0,0,Virus,Chinese Taipei,23.0489167,121.1756944,October,Post-Monsoon,3346,Farm,Influenza A virus
Maxima clam,1,0,1,Parasite,French Polynesia,-17.72028,-149.314896,September,Monsoon,0,Farm,Perkinsus olseni
Atlantic salmon,0,0,1,Virus,Canada,47.3123,-55.26689,November,Post-Monsoon,1161626,Farm,Infectious salmon anaemia virus
Mute Swan,1,0,0,Virus,Switzerland,47.04,7.1,December,Winter,0,Other,Highly pathogenic avian influenza
Cattle,0,0,0,Virus,Rwanda,-2.2009,30.4876,March,Summer,112000,Farm,Rift Valley fever
Birds,0,0,0,Virus,Costa Rica,10.1278,-83.3555,May,Summer,646,Farm,Avian infectious laryngotracheitis
Swine,0,0,0,Virus,Ukraine,48.2784,26.0156,February,Winter,1014,Other,African swine fever
Equidae,0,0,0,Virus,Slovakia,48.5979,19.2231,April,Summer,2,Backyard,Equine infectious anaemia
Mallard,1,0,0,Virus,Germany,53.8616,13.7043,January,Winter,0,Farm,Highly pathogenic avian influenza
Swine,0,0,0,Virus,China (People's Rep. of),18.774166,110.343055,October,Post-Monsoon,1063,Farm,African swine fever
Birds,0,1,0,Virus,Spain,40.7068421,-3.1695321,September,Monsoon,809100,Farm,Highly pathogenic avian influenza
Birds,0,1,0,Virus,Portugal,39.377532,-9.151074,December,Winter,18100,Farm,Highly pathogenic avian influenza
Mute Swan,1,0,0,Virus,Lithuania,54.43,23.91,January,Winter,0,Body of water,Highly pathogenic avian influenza
Sheep,0,0,0,Virus,Bulgaria,42.1925,24.9329,July,Monsoon,121,Farm,Sheep pox and goat pox
Birds,0,1,0,Virus,Denmark,55.2831,10.2135,June,Monsoon,22550,Farm,Low pathogenic avian influenza
Birds,0,1,0,Virus,Germany,51.55,10.68,October,Post-Monsoon,1674,Farm,Highly pathogenic avian influenza
Swine,0,0,0,Virus,Benin,9.3695,2.5786,November,Post-Monsoon,29,Farm,African swine fever
Cattle,0,0,0,Bacterium,Armenia,40.2,45.6833,October,Post-Monsoon,6,Farm,Anthrax
Atlantic salmon,0,0,1,Virus,United Kingdom,57.66,-7.069,June,Monsoon,435693,Cage,Infectious salmon anaemia virus
Birds,0,1,0,Virus,Bulgaria,43.8206,23.2375,October,Post-Monsoon,28,Backyard,Newcastle disease
Cattle,0,0,0,Virus,Croatia,42.7464,16.8319,April,Summer,295,Farm,Bluetongue
Wild boar,1,0,0,Virus,Russia,52.860343,34.881648,August,Monsoon,0,Farm,African swine fever
Swine,0,0,0,Virus,Ukraine,46.783848,35.276031,April,Summer,39,Backyard,African swine fever
Cattle,0,0,0,Virus,Zimbabwe,-20.52001,32.04944,October,Post-Monsoon,216910,Village,Foot and mouth disease
European flat oyster,1,0,1,Parasite,Denmark,56.6554,8.46059,November,Post-Monsoon,0,Coastal area,Bonamia ostreae
Cattle,0,0,0,Virus,Italy,46.458,11.47,November,Post-Monsoon,95,Farm,Bluetongue
Birds,0,1,0,Virus,United Kingdom,52.33,-2.0,December,Winter,595792,Farm,Highly pathogenic avian influenza
Cattle,0,0,0,Prion,Switzerland,47.12995,8.8019,January,Winter,68,Farm,Bovine spongiform encephalopathy
Cattle,0,0,0,Virus,Israel,31.2346199059,34.3561611104,February,Winter,650,Farm,Foot and mouth disease
Cattle,0,0,0,Bacterium,Namibia,-17.59,14.06,September,Monsoon,210,Village,Mycoplasma mycoides subsp. mycoides SC
Goats,0,0,0,Virus,Russia,47.5929,134.4909,October,Post-Monsoon,17,Farm,Sheep pox and goat pox
Cattle,0,0,0,Bacterium,Italy,40.63799,14.560184,July,Monsoon,6,Farm,Anthrax
Dogs,0,0,0,Virus,Ceuta,35.8965,-5.3186,June,Monsoon,151,Other,Rabies
Swine,0,0,0,Virus,Moldova,47.9,27.65,January,Winter,143,Farm,African swine fever
Cattle,0,0,0,Virus,Zambia,-13.1036,28.5939,August,Monsoon,101297,Other,Foot and mouth disease
Cattle,0,0,0,Virus,China (People's Rep. of),30.52,121.43,February,Winter,440,Farm,Foot and mouth disease
Equidae,0,0,0,Virus,Tunisia,36.8,10.1,May,Summer,13,Farm,Equine influenza
Bees,0,0,0,Bacterium,Romania,46.9865,27.7989,July,Monsoon,232,Apiary,Melissococcus plutonius
Sheep,0,0,0,Virus,Morocco,33.4324,-2.3571,September,Monsoon,2148,Farm,Bluetongue
Birds,0,0,0,Virus,Czech Republic,49.9835,16.2261,July,Monsoon,104470,Farm,Highly pathogenic avian influenza
Common carp,0,0,1,Virus,Ireland,53.46789,-7.360187,May,Summer,32,Pond,Koi herpesvirus
Birds,0,1,0,Virus,North Macedonia,42.01799,21.653744,May,Summer,61,Backyard,Newcastle disease
Bees,0,1,0,Parasite,Mexico,21.3641,-100.4993,October,Post-Monsoon,562,Apiary,Small hive beetle infestation
Cattle,0,0,0,Bacterium,Azerbaijan,39.8032,47.7931,March,Summer,41,Backyard,Anthrax
Dogs,0,0,0,Virus,Myanmar,16.453675,97.585231,November,Post-Monsoon,1,Other,Rabies
Dogs,0,0,0,Virus,Armenia,40.3336,44.4993,September,Monsoon,1,Backyard,Rabies
Cattle,0,0,0,Parasite,Mexico,18.606121,-99.04248,December,Winter,69,Farm,New world screwworm
Swine,0,0,0,Virus,China (People's Rep. of),36.35521,101.887831,June,Monsoon,32,Backyard,African swine fever
Cattle,0,0,0,Virus,Malawi,-16.1771,34.61,April,Summer,11200,Village,Foot and mouth disease
Dogs,0,0,0,Virus,Armenia,40.980556,45.399167,April,Summer,1,Other,Rabies
Birds,0,0,0,Bacterium,Chile,-35.674,-71.566,September,Monsoon,15500,Farm,Fowl typhoid
Cattle,0,0,0,Virus,Sri Lanka,9.7151701,80.0668497,September,Monsoon,543,Farm,Lumpy skin disease
Wild boar,1,0,0,Virus,Japan,35.460833,136.95556,June,Monsoon,0,Farm,Classical swine fever
European Rabbit,1,0,0,Virus,Australia,-35.152182,149.159372,March,Summer,0,Natural park,Rabbit haemorrhagic disease
Camelidae,0,0,0,Virus,Italy,45.062693,7.724714,July,Monsoon,12,Farm,Bluetongue
Common carp,0,0,1,Virus,Slovakia,48.838,17.201,August,Monsoon,18,Pond,Koi herpesvirus
Swine,0,0,0,Virus,China (People's Rep. of),36.45805,117.6662,February,Winter,4504,Farm,African swine fever
Swine,0,0,0,Virus,China (People's Rep. of),30.704,117.985,November,Post-Monsoon,12965,Farm,African swine fever
Sheep,0,0,0,Virus,Kazakhstan,44.31,50.5,April,Summer,1178,Farm,Sheep pox and goat pox
Birds,0,0,0,Virus,China (People's Rep. of),31.34,104.2,December,Winter,49000,Farm,Highly pathogenic avian influenza
Cattle,0,0,0,Virus,Mozambique,-25.059722,33.654444,January,Winter,3092,Village,Lumpy skin disease
Birds,0,0,0,Virus,Vietnam,14.506,107.9953,September,Monsoon,4700,Backyard,Highly pathogenic avian influenza
Cattle,0,0,0,Virus,Botswana,-20.58317,22.3368,February,Winter,250,Village,Foot and mouth disease
Birds,0,1,0,Virus,Denmark,56.6803,9.4133,April,Summer,10064,Farm,Highly pathogenic avian influenza
Eurasian buzzard (common buzzard),1,0,0,Virus,United Kingdom,55.11,-1.49,November,Post-Monsoon,0,Other,Highly pathogenic avian influenza
Birds,0,1,0,Virus,Germany,51.22,9.44,January,Winter,15000,Farm,Highly pathogenic avian influenza
Cattle,0,0,0,Virus,Bhutan,26.884638,89.131602,January,Winter,308220,Village,Lumpy skin disease
Cattle,0,0,0,Virus,South Africa,-28.65908,21.1,December,Winter,1941,Farm,Rift Valley fever
Birds,0,0,0,Virus,Israel,32.84,34.93,March,Summer,70,Village,Newcastle disease
Birds,0,0,0,Virus,Laos,20.7231,101.2717,February,Winter,6627,Village,Highly pathogenic avian influenza
Bees,0,1,0,Bacterium,Romania,47.6298,22.8883,May,Summer,50,Apiary,American foulbrood of honey bees
Birds,0,1,0,Virus,Chinese Taipei,22.865056,120.249312,October,Post-Monsoon,18591,Farm,Low pathogenic avian influenza
Goats,0,0,0,Virus,Algeria,26.0361,2.7781,February,Winter,734,Farm,Peste des petits ruminants
Cattle,0,0,0,Virus,Georgia,41.275959,43.47123,October,Post-Monsoon,2716,Village,Lumpy skin disease
Birds,0,0,0,Virus,Cameroon,10.868145,14.239758,January,Winter,24,Not applicable,Highly pathogenic avian influenza
Birds,0,1,0,Virus,Germany,52.04,8.21,December,Winter,57428,Farm,Highly pathogenic avian influenza
Birds,0,1,0,Virus,Romania,43.966755,26.04434,March,Summer,34025,Farm,Highly pathogenic avian influenza
Eurasian Wigeon,1,0,0,Virus,Latvia,57.0117,23.5122,March,Summer,0,Not applicable,Highly pathogenic avian influenza
Sheep,0,0,0,Virus,Russia,45.1341,133.254,November,Post-Monsoon,248,Village,Sheep pox and goat pox
Birds,0,1,0,Virus,Cambodia,12.49428,106.032036,February,Winter,4066,Village,Highly pathogenic avian influenza
Wild boar,1,0,0,Virus,Ukraine,49.7443,28.4726,May,Summer,0,Farm,African swine fever
Equidae,0,0,0,Virus,Chile,-33.24751158,-70.89760777,January,Winter,98,Farm,Equine infectious anaemia
Wild boar,1,0,0,Virus,Ukraine,46.137,32.3993,August,Monsoon,0,Backyard,African swine fever
Wild boar,1,0,0,Virus,Russia,56.9711,47.14333,July,Monsoon,0,Forest,African swine fever
Equidae,0,0,0,Virus,Germany,49.33,8.45,November,Post-Monsoon,20,Farm,West Nile Fever
Cattle,0,0,0,Virus,Tunisia,37.17273,10.032642,April,Summer,54,Farm,Foot and mouth disease
Birds,0,1,0,Virus,Germany,49.19,9.9,January,Winter,47147,Farm,Highly pathogenic avian influenza
Greylag Goose,1,0,0,Virus,Serbia,45.2264,19.8261,March,Summer,0,Body of water,Highly pathogenic avian influenza
Swine,0,0,0,Virus,Canada,52.2756,-115.716,April,Summer,3013,Farm,Influenza A virus
Equidae,0,0,0,Virus,Italy,41.84241,15.002357,November,Post-Monsoon,268,Farm,West Nile Fever
Cattle,0,0,0,Virus,Botswana,-20.7568,22.4569,April,Summer,5868,Village,Foot and mouth disease
Camelidae,0,0,0,Virus,Andorra,42.5966,1.5259,July,Monsoon,1,Village,Bluetongue
Rabbits,0,0,0,Virus,Norway,58.79,5.72,August,Monsoon,0,Other,Rabbit haemorrhagic disease
Rainbow trout,1,0,1,Virus,Norway,62.3055,7.0952,February,Winter,3720000,Farm,Viral haemorrhagic septicaemia
Hooded Crow,1,0,0,Virus,Bosnia and Herzegovina,44.5648,18.677,September,Monsoon,0,Not applicable,West Nile Fever
Goats,0,0,0,Virus,China (People's Rep. of),33.2415,88.3258,June,Monsoon,32823,Village,Peste des petits ruminants
Rainbow trout,0,0,1,Virus,Georgia,42.284518,43.201305,November,Post-Monsoon,300,Village,Infectious haematopoietic necrosis virus
Equidae,0,0,0,Virus,South Africa,-33.8462,19.96263,May,Summer,1417,Farm,African horse sickness
Wild boar,1,0,0,Virus,Italy,41.985655,12.43018,March,Summer,0,Natural park,African swine fever
Birds,0,1,0,Virus,South Africa,-34.1,22.0,August,Monsoon,4525,Farm,Low pathogenic avian influenza
Swine,0,0,0,Virus,Moldova,46.9762959,29.0866819,June,Monsoon,22,Backyard,African swine fever
Birds,0,1,0,Virus,Bosnia and Herzegovina,43.84322,18.93866,February,Winter,80,Farm,Highly pathogenic avian influenza
Birds,0,1,0,Virus,Netherlands,53.35,5.97,June,Monsoon,44630,Farm,Low pathogenic avian influenza
Black Swan,1,0,0,Virus,India,19.23362,72.80541,September,Monsoon,0,Natural park,Highly pathogenic avian influenza
Cats,0,0,0,Virus,Honduras,14.474637,-89.133162,May,Summer,0,Other,Rabies
Goats,0,0,0,Virus,Thailand,14.140888,101.55892,January,Winter,76,Farm,Peste des petits ruminants
Birds,0,1,0,Virus,Sweden,55.394729,13.005446,November,Post-Monsoon,18000,Farm,Newcastle disease
Bees,0,0,0,Bacterium,Norway,58.26,8.47,June,Monsoon,18,Apiary,Melissococcus plutonius
Swine,0,0,0,Virus,Ukraine,48.35,32.8662,May,Summer,10,Farm,African swine fever
Dogs,0,0,0,Virus,Lesotho,-30.5417,28.122,February,Winter,3,Backyard,Rabies
Swine,0,0,0,Virus,China (People's Rep. of),23.1,112.12,April,Summer,2981,Village,Porcine reproductive and respiratory syndrome
Dogs,0,0,0,Virus,Cambodia,12.235699,104.640292,February,Winter,0,Other,Rabies
Swine,0,0,0,Virus,Moldova,46.4282,28.2628,August,Monsoon,10,Backyard,African swine fever
Giant tiger prawn or black tiger shrimp,0,0,1,Virus,Mozambique,-17.89411,36.87484,August,Monsoon,371,Farm,White spot disease
American wigeon,1,0,0,Virus,United States of America,41.1267,-85.5064,May,Summer,0,Backyard,Highly pathogenic avian influenza
Cooper's Hawk,1,0,0,Virus,United States of America,42.724,-93.723,June,Monsoon,0,Farm,Highly pathogenic avian influenza
Birds,0,0,0,Virus,France,44.445556,2.855833,August,Monsoon,149826,Farm,Highly pathogenic avian influenza
Sheep/goats (mixed herd),0,0,0,Virus,Libya,31.1326,20.9667,January,Winter,515,Farm,Peste des petits ruminants
Wild boar,1,0,0,Virus,China (People's Rep. of),41.807,126.459,November,Post-Monsoon,0,Forest,African swine fever
Sheep,0,0,0,Bacterium,Italy,40.665326,15.455065,October,Post-Monsoon,120,Farm,Anthrax
Wild boar,1,0,0,Virus,Poland,50.9678,17.99276,May,Summer,0,Not applicable,African swine fever
Swine,0,0,0,Virus,Chad,12.7,15.6,September,Monsoon,500,Farm,African swine fever
Sheep,0,0,0,Bacterium,Bulgaria,43.7583,26.5963,August,Monsoon,37,Backyard,Anthrax
Goats,0,0,0,Virus,Singapore,1.4316,103.7099,October,Post-Monsoon,420,Farm,Caprine arthritis/encephalitis
Birds,0,0,0,Virus,Albania,41.26,19.65,March,Summer,2538,Village,Highly pathogenic avian influenza
Birds,0,1,0,Virus,Hungary,47.80057,22.15085,January,Winter,115235,Farm,Highly pathogenic avian influenza
Sheep,0,0,0,Virus,Azerbaijan,40.5768,48.4304,March,Summer,560,Farm,Sheep pox and goat pox
Equidae,0,0,0,Virus,Swaziland,-26.364,31.124,June,Monsoon,42,Farm,African horse sickness
Wildlife (species unspecified),1,0,0,Virus,Nigeria,6.22783,6.80831,October,Post-Monsoon,39,Farm,Highly pathogenic avian influenza
Birds,0,1,0,Virus,India,9.436252,76.370221,December,Winter,84389,Other,Highly pathogenic avian influenza
Swine,0,0,0,Virus,Thailand,18.852654,99.163983,June,Monsoon,70,Village,African swine fever
Sheep,0,0,0,Prion,Palestinian Territory,31.55,31.11,November,Post-Monsoon,507,Farm,Scrapie
Cattle,0,0,0,Bacterium,Kyrgyzstan,40.6882,73.1439,August,Monsoon,40,Village,Anthrax
Swine,0,0,0,Virus,Hong Kong,22.538615,114.138329,February,Winter,107,Farm,African swine fever
Mandarin Duck,1,0,0,Virus,Italy,45.506858,12.552203,February,Winter,0,Body of water,Highly pathogenic avian influenza
Wild boar,1,0,0,Virus,Latvia,57.2625,27.0753,April,Summer,0,Not applicable,African swine fever
Wild boar,1,0,0,Virus,Moldova,46.209116,28.171041,September,Monsoon,0,Backyard,African swine fever
Birds,0,1,0,Virus,Chinese Taipei,23.724233,120.261032,December,Winter,6136,Farm,Highly pathogenic avian influenza
Goats,0,0,0,Virus,Chile,-30.784467,-71.309846,March,Summer,54,Farm,Caprine arthritis/encephalitis
Red Fox,1,0,0,Virus,Estonia,59.00422,22.741613,November,Post-Monsoon,0,Not applicable,Highly pathogenic avian influenza
Dalmatian pelican,1,0,0,Virus,Russia,46.178267,49.216067,March,Summer,0,Body of water,Highly pathogenic avian influenza
Cattle,0,0,0,Parasite,Mexico,16.9426,-99.3301,November,Post-Monsoon,20,Farm,Cochliomyia hominivorax
Birds,0,0,0,Virus,Belgium,50.84,3.59,November,Post-Monsoon,50,Farm,Highly pathogenic avian influenza
Cattle,0,0,0,Virus,Botswana,-24.8133,25.8303,May,Summer,1127,Village,Rift Valley fever
Sheep/goats (mixed herd),0,0,0,Virus,Burundi,-3.0684,29.4522,April,Summer,128855,Other,Peste des petits ruminants
Birds,0,0,0,Virus,United Kingdom,51.27,-0.48,July,Monsoon,11000,Farm,Newcastle disease
Birds,0,0,0,Virus,Israel,33.070626385,35.13459599,May,Summer,30200,Farm,Highly pathogenic avian influenza
Cattle,0,0,0,Bacterium,Senegal,13.3002,-14.7259,November,Post-Monsoon,1000,Village,Contagious bovine pleuropneumonia
Swine,0,0,0,Virus,United States of America,39.777,-86.268,October,Post-Monsoon,3000,Farm,Influenza A virus
Birds,0,1,0,Virus,United States of America,45.15,-94.02,June,Monsoon,5500,Farm,Low pathogenic avian influenza
Bees,0,0,0,Parasite,Colombia,5.644417,-69.17937,February,Winter,310,Apiary,Varroa spp.
Swine,0,0,0,Virus,Russia,48.263588,44.400192,March,Summer,12,Backyard,African swine fever
Cattle,0,0,0,Prion,United States of America,31.8843,-97.2983,January,Winter,1,Farm,Bovine spongiform encephalopathy
Cattle,0,0,0,Virus,Nigeria,10.2858,9.86966,June,Monsoon,4,Village,Rabies
Red Fox,1,0,0,Virus,Ireland,55.27346,-7.24872,February,Winter,0,Not applicable,Highly pathogenic avian influenza
Rabbits,0,0,0,Virus,United States of America,35.739,-83.989,January,Winter,132,Other,Rabbit haemorrhagic disease
Dashtail barb,1,0,1,Fungus,Botswana,-17.80165,25.16024,July,Monsoon,10000,River system,Aphanomyces invadans
Swine,0,0,0,Virus,Zambia,-15.5081,28.2874,November,Post-Monsoon,37117,Farm,African swine fever
Birds,0,1,0,Virus,Russia,56.360377,39.2379,July,Monsoon,37,Backyard,Newcastle disease
Sheep,0,0,0,Virus,Bosnia and Herzegovina,42.9592,17.7806,November,Post-Monsoon,1680,Farm,Bluetongue
Birds,0,0,0,Parasite,Panama,8.4796,-78.4864,February,Winter,6165,Farm,New world screwworm
Wildlife (species unspecified),1,0,0,Virus,Sweden,55.942539,13.377308,March,Summer,0,Not applicable,Rabies
Common carp,0,0,1,Virus,United Kingdom,52.14,-2.33,May,Summer,0,Lake,Koi herpesvirus
Cattle,0,0,0,Bacterium,Senegal,13.022977,-16.573886,July,Monsoon,1488,Village,Contagious bovine pleuropneumonia
Mandarin Duck,1,0,0,Virus,China (People's Rep. of),34.610899,119.259919,January,Winter,647,Natural park,Highly pathogenic avian influenza
Swine,0,0,0,Virus,Russia,57.70166,56.286603,October,Post-Monsoon,329,Backyard,African swine fever
Birds,0,1,0,Virus,Philippines,15.219448,120.835323,November,Post-Monsoon,481197,Farm,Highly pathogenic avian influenza
Dogs,0,0,0,Virus,Armenia,40.1255,43.9608,March,Summer,1,Backyard,Rabies
Birds,0,1,0,Virus,Algeria,35.9566,5.9688,November,Post-Monsoon,54400,Farm,Highly pathogenic avian influenza
Cattle,0,0,0,Virus,Egypt,29.0913,31.0547,March,Summer,305576,Farm,Lumpy skin disease
Mallard,1,0,0,Virus,Germany,49.31,7.27,October,Post-Monsoon,0,Not applicable,Highly pathogenic avian influenza
Birds,0,1,0,Virus,Germany,53.496384,7.526879,July,Monsoon,110357,Farm,Low pathogenic avian influenza
Egyptian Goose,1,0,0,Virus,Israel,33.0511,35.6089,February,Winter,0,Body of water,Highly pathogenic avian influenza
Sheep,0,0,0,Virus,Bulgaria,42.1823,24.8337,June,Monsoon,34,Backyard,Sheep pox and goat pox
Birds,0,1,0,Virus,Spain,41.64260864,0.39356279,May,Summer,12358,Farm,Low pathogenic avian influenza
Cattle,0,0,0,Virus,Zimbabwe,-19.841702,31.4218134,June,Monsoon,15865,Village,Foot and mouth disease
Swine,0,0,0,Virus,Russia,43.28,132.45,September,Monsoon,298,Farm,Classical swine fever
Accipitridae (unidentified),1,0,0,Virus,Germany,54.36,10.28,January,Winter,0,Not applicable,Highly pathogenic avian influenza
Cattle,0,0,0,Virus,Rwanda,-1.7181,30.6239,December,Winter,80,Village,Foot and mouth disease
Wildlife (species unspecified),1,0,0,Virus,Bulgaria,43.7582,22.7137,January,Winter,0,Not applicable,Highly pathogenic avian influenza
Cattle,0,0,0,Virus,Jordan,32.2928722,35.5967528,March,Summer,55,Farm,Foot and mouth disease
Cattle,0,0,0,Virus,Russia,50.249946,116.573997,February,Winter,1273,Village,Foot and mouth disease
Wild boar,1,0,0,Virus,Russia,58.189185,43.777832,October,Post-Monsoon,0,Backyard,African swine fever
Anatidae (unidentified),1,0,0,Virus,Slovenia,46.53354,16.42181,April,Summer,0,Body of water,Highly pathogenic avian influenza
Cattle,0,0,0,Virus,Russia,50.09,115.34,March,Summer,1518,Farm,Foot and mouth disease
Birds,0,1,0,Virus,Namibia,-17.94,20.56,July,Monsoon,18700,Backyard,Newcastle disease
Equidae,0,0,0,Bacterium,United States of America,33.451,-112.079,July,Monsoon,31,Farm,Contagious equine metritis
Northern Goshawk,1,0,0,Virus,Finland,60.921,24.647,September,Monsoon,0,Not applicable,Highly pathogenic avian influenza
Dogs,0,0,0,Virus,Kazakhstan,50.3,57.17,July,Monsoon,0,Backyard,Rabies
Swine,0,0,0,Virus,Ukraine,47.8023,35.231,January,Winter,38,Farm,African swine fever
Equidae,0,0,0,Virus,Chile,-33.02720852,-71.53402567,October,Post-Monsoon,38,Farm,Equine infectious anaemia
Equidae,0,0,0,Virus,Guadeloupe,16.303679,-61.513516,June,Monsoon,134,Other,West Nile Fever
Birds,0,0,0,Virus,Togo,6.17555,1.19194,August,Monsoon,14372,Farm,Highly pathogenic avian influenza
Birds,0,1,0,Virus,Albania,42.331061,20.063661,June,Monsoon,758,Backyard,Highly pathogenic avian influenza
Birds,0,0,0,Virus,Russia,55.38,37.46,February,Winter,736598,Village,Highly pathogenic avian influenza
Cattle,0,0,0,Virus,Israel,33.145,35.6477,September,Monsoon,44103,Farm,Foot and mouth disease
Swine,0,0,0,Virus,Armenia,40.96,44.65,September,Monsoon,2483,Village,African swine fever
Cattle,0,0,0,Virus,Kazakhstan,46.7482,82.0963,June,Monsoon,3799,Village,Foot and mouth disease
Cattle,0,0,0,Virus,Malawi,-16.11182,34.92778,August,Monsoon,13419,Village,Foot and mouth disease
Cattle,0,0,0,Bacterium,Myanmar,20.81,95.53,May,Summer,130,Village,Anthrax
Birds,0,1,0,Virus,Vietnam,10.5669,106.5428,December,Winter,5773,Village,Highly pathogenic avian influenza
Bees,0,1,0,Bacterium,South Africa,-33.94839,18.48122,February,Winter,1240,Apiary,American foulbrood of honey bees
Wild boar,1,0,0,Virus,Latvia,56.498785,27.696319,December,Winter,0,Forest,African swine fever
Birds,0,0,0,Virus,Mexico,27.1264,-104.9132,December,Winter,6044,Village,Newcastle disease
Cattle,0,0,0,Virus,Uganda,1.379468,33.139279,January,Winter,150000,Farm,Foot and mouth disease
Leporidae (unidentified),1,0,0,Virus,United States of America,44.077,-121.307,April,Summer,0,Backyard,Rabbit haemorrhagic disease
Pygmy brocket,1,0,0,Virus,Brazil,-25.450144,-54.549905,April,Summer,29,Zoo,Bluetongue
Birds,0,1,0,Virus,Russia,46.983067,142.699559,February,Winter,294478,Farm,Highly pathogenic avian influenza
Swine,0,0,0,Virus,Myanmar,17.789671,96.669693,May,Summer,2015,Farm,Porcine reproductive and respiratory syndrome
Dogs,0,0,0,Virus,United Kingdom,51.353,-0.493,November,Post-Monsoon,1,Not applicable,SARS-CoV-2 in animals
Cats,0,0,0,Virus,France,43.126501,6.147476,January,Winter,1,Other,Rabies
Birds,0,1,0,Virus,United States of America,37.825,-77.535,July,Monsoon,54000,Farm,Low pathogenic avian influenza
Sheep,0,0,0,Virus,China (People's Rep. of),34.88,113.58,August,Monsoon,1200,Slaughterhouse,Foot and mouth disease
Wild boar,1,0,0,Virus,Hungary,47.537172,18.570949,January,Winter,0,Forest,African swine fever
Wild boar,1,0,0,Virus,Italy,45.431175,8.818677,March,Summer,0,Natural park,African swine fever
Cattle,0,0,0,Bacterium,Azerbaijan,39.5905,48.2033,September,Monsoon,881,Farm,Anthrax
Lion,1,0,0,Virus,South Africa,-26.0,28.1,June,Monsoon,3,Zoo,SARS-CoV-2 in animals
Birds,0,1,0,Virus,China (People's Rep. of),41.286,122.684,May,Summer,17000,Farm,Highly pathogenic avian influenza
Cattle,0,0,0,Virus,Russia,54.530959,54.365256,October,Post-Monsoon,160,Farm,Foot and mouth disease
Cattle,0,0,0,Virus,Netherlands,52.23,5.03,September,Monsoon,1128,Farm,Bluetongue
Cattle,0,0,0,Virus,Angola,-17.382,22.9234,February,Winter,25000,Village,Foot and mouth disease
Wild boar,1,0,0,Virus,Poland,52.352368,15.958653,August,Monsoon,0,Not applicable,African swine fever
Swine,0,0,0,Virus,Ukraine,49.9376,35.5901,October,Post-Monsoon,19,Other,African swine fever
Sheep,0,0,0,Virus,Portugal,38.8217,-8.5539,October,Post-Monsoon,12,Farm,Bluetongue
Birds,0,0,0,Virus,Colombia,2.67728,-76.53417,July,Monsoon,32,Backyard,Highly pathogenic avian influenza
Greylag Goose,1,0,0,Virus,Sweden,59.371588,17.966506,May,Summer,0,Other,Highly pathogenic avian influenza
Cattle,0,0,0,Parasite,Belize,16.13649,-88.84487,July,Monsoon,1097,Farm,Cochliomyia hominivorax
Cattle,0,0,0,Prion,Netherlands,53.02,6.08,January,Winter,119,Farm,Bovine spongiform encephalopathy
Swine,0,0,0,Virus,Russia,56.294,42.794,November,Post-Monsoon,82,Farm,Classical swine fever
"Crocus giant clam
",1,0,1,Parasite,United States of America,37.771,-122.387,September,Monsoon,29,Other,Perkinsus olseni
Cattle,0,0,0,Virus,Israel,33.26861218,35.76979489,November,Post-Monsoon,20,Village,Foot and mouth disease
Leporidae (unidentified),1,0,0,Virus,United States of America,34.81,-106.792,March,Summer,0,Backyard,Rabbit haemorrhagic disease
Birds,0,1,0,Virus,Germany,54.14,12.69,December,Winter,330242,Farm,Highly pathogenic avian influenza
Cattle,0,0,0,Virus,Türkiye (Rep. of),40.14,30.02,June,Monsoon,103,Village,Foot and mouth disease
Cattle,0,0,0,Virus,Mozambique,-15.79965,32.90439,May,Summer,153797,Village,Foot and mouth disease
Birds,0,1,0,Virus,Vietnam,9.6706,106.3137,February,Winter,15404,Village,Highly pathogenic avian influenza
Birds,0,1,0,Virus,France,44.537872,0.485283,April,Summer,222471,Farm,Low pathogenic avian influenza
Birds,0,1,0,Virus,Poland,53.82748,15.12615,October,Post-Monsoon,80,Backyard,Highly pathogenic avian influenza
Dogs,0,0,0,Virus,Myanmar,16.8888,96.1179,September,Monsoon,1,Backyard,SARS-CoV-2 in animals
Swine,0,0,0,Virus,China (People's Rep. of),42.96083,124.85861,July,Monsoon,205,Other,African swine fever
Goats,0,0,0,Bacterium,Italy,40.312669,9.602995,May,Summer,12,Farm,Anthrax
Birds,0,0,0,Virus,United Kingdom,52.364697,1.525067,January,Winter,159000,Farm,Highly pathogenic avian influenza
Birds,0,0,0,Virus,Russia,51.204014,38.13299,July,Monsoon,7965,Village,Highly pathogenic avian influenza
Dogs,0,0,0,Virus,Armenia,40.0563,44.428,January,Winter,1,Backyard,Rabies
Dogs,0,0,0,Virus,Armenia,40.8379,45.4624,April,Summer,1,Other,Rabies
Swine,0,0,0,Virus,Mongolia,47.8875,106.6878,February,Winter,702,Backyard,African swine fever
Bees,0,1,0,Bacterium,Romania,47.461442,22.940869,August,Monsoon,89,Apiary,American foulbrood of honey bees
Eurasian Wigeon,1,0,0,Virus,Denmark,55.89711,10.0853,April,Summer,0,Not applicable,Highly pathogenic avian influenza
Birds,0,1,0,Virus,United Kingdom,54.65,-2.78,October,Post-Monsoon,59063,Farm,Highly pathogenic avian influenza
Cats,0,0,0,Virus,France,48.940008,2.213486,October,Post-Monsoon,1,Not applicable,Rabies
Swine,0,0,0,Virus,Denmark,55.7146,8.7077,January,Winter,9700,Farm,Influenza A virus
Northern Goshawk,1,0,0,Virus,Netherlands,52.35,5.63,November,Post-Monsoon,0,Other,Highly pathogenic avian influenza
Swine,0,0,0,Virus,Chinese Taipei,23.5703307,119.570307,January,Winter,239,Not applicable,Foot and mouth disease
Birds,0,0,0,Virus,Nigeria,12.44144,4.20653,June,Monsoon,2,Not applicable,Highly pathogenic avian influenza
Dalmatian pelican,1,0,0,Virus,Russia,45.610324,47.92091,March,Summer,0,Natural park,Highly pathogenic avian influenza
Equidae,0,0,0,Virus,Japan,43.0114,142.8845,April,Summer,2357,Farm,Equine influenza
Swine,0,0,0,Virus,Guatemala,14.2746,-89.7122,November,Post-Monsoon,17217,Farm,Classical swine fever
Dogs,0,0,0,Parasite,Mexico,22.219244,-98.377602,December,Winter,2,Other,Cochliomyia hominivorax
Camelidae,0,0,0,Bacterium,Nigeria,6.44475,3.39951,July,Monsoon,1,Backyard,Anthrax
Birds,0,1,0,Virus,India,18.2716,76.4708,January,Winter,156185,Farm,Highly pathogenic avian influenza
Equidae,0,0,0,Virus,South Africa,-33.6,18.9,May,Summer,592,Farm,African horse sickness
Bees,0,1,0,Bacterium,Belgium,50.59,5.03,July,Monsoon,3,Apiary,American foulbrood of honey bees
Equidae,0,0,0,Virus,France,50.8111,2.5814,September,Monsoon,52,Farm,Equine infectious anaemia
Sheep,0,0,0,Virus,Tunisia,34.961454,9.8004,October,Post-Monsoon,75,Farm,Bluetongue
Black-headed Gull,1,0,0,Virus,Slovakia,48.2239,17.8078,March,Summer,0,Other,Highly pathogenic avian influenza
Anatidae (unidentified),1,1,0,Virus,Germany,54.84,8.68,November,Post-Monsoon,12,Farm,Highly pathogenic avian influenza
Swine,0,0,0,Virus,Belarus,55.04,30.33,July,Monsoon,20627,Farm,African swine fever
Northern fulmar,1,0,0,Virus,Greenland,69.1846,-53.5203,September,Monsoon,0,Body of water,Highly pathogenic avian influenza
White-tailed Eagle,1,0,0,Virus,Finland,65.338,27.961,September,Monsoon,0,Not applicable,Highly pathogenic avian influenza
Wildlife (species unspecified),1,0,0,Virus,Iran,37.1142,49.5474,February,Winter,3000,Not applicable,Highly pathogenic avian influenza
Equidae,0,0,0,Virus,Bulgaria,41.8675,23.3905,January,Winter,1,Backyard,Equine infectious anaemia
Cattle,0,0,0,Virus,Nigeria,11.0114,10.2546,September,Monsoon,30,Village,Rabies
Cattle,0,0,0,Virus,Zimbabwe,-18.008,28.715,May,Summer,120529,Village,Foot and mouth disease
Birds,0,0,0,Virus,Vietnam,20.4809,105.9712,July,Monsoon,1135,Backyard,Highly pathogenic avian influenza
Birds,0,1,0,Virus,Bulgaria,42.44406,27.3439,April,Summer,40,Backyard,Highly pathogenic avian influenza
Swine,0,0,0,Virus,Ecuador,-0.325448,-79.23601,April,Summer,469,Farm,Porcine reproductive and respiratory syndrome
Swine,0,0,0,Virus,India,27.4299,94.6863,February,Winter,21920,Village,African swine fever
Birds,0,1,0,Virus,Netherlands,52.59164,5.6884,February,Winter,40237,Farm,Low pathogenic avian influenza
Birds,0,1,0,Virus,Bhutan,26.8382,89.4818,April,Summer,2000,Backyard,Highly pathogenic avian influenza
Equidae,0,0,0,Virus,Thailand,13.867235,101.52898,September,Monsoon,2681,Zoo,African horse sickness
Sheep,0,0,0,Virus,Mongolia,48.0039,107.2033,July,Monsoon,26,Farm,Foot and mouth disease
Swine,0,0,0,Virus,Moldova,48.169562,28.223565,March,Summer,7,Backyard,African swine fever
Dogs,0,0,0,Virus,Timor-Leste,-9.0109,125.3561,December,Winter,0,Village,Rabies
Camelidae,0,0,0,Virus,Mauritania,18.04312,-12.38436,September,Monsoon,378,Village,Rift Valley fever
Birds,0,0,0,Virus,Vietnam,21.3007,102.9776,October,Post-Monsoon,417892,Village,Highly pathogenic avian influenza
Golden Jackal,1,0,0,Virus,Armenia,39.9471,44.5098,April,Summer,1,Backyard,Rabies
Giant tiger prawn or black tiger shrimp,0,0,1,Virus,Madagascar,-20.1483,44.5328,April,Summer,296000,Pond,White spot disease
Birds,0,0,0,Virus,Sweden,55.87,13.0,December,Winter,18900,Farm,Newcastle disease
Cattle,0,0,0,Virus,Namibia,-17.81,25.19,April,Summer,1812,Village,Foot and mouth disease
Birds,0,1,0,Virus,India,13.431927,77.788089,February,Winter,3420,Backyard,Highly pathogenic avian influenza
Swine,0,0,0,Virus,Ukraine,49.0393,31.8282,December,Winter,0,Other,African swine fever
Common carp,0,0,1,Virus,Sweden,58.13972,12.00167,May,Summer,37,Village,Koi herpesvirus
Sheep,0,0,0,Virus,Algeria,32.403,1.1389,October,Post-Monsoon,1019,Farm,Bluetongue
Cattle,0,0,0,Bacterium,Namibia,-17.92,18.57,August,Monsoon,3884,Village,Mycoplasma mycoides subsp. mycoides SC
Greylag Goose,1,0,0,Virus,Ireland,52.66252,-8.61721,December,Winter,200,Not applicable,Highly pathogenic avian influenza
Eurasian Eagle-Owl,1,0,0,Virus,Austria,48.16,16.28,September,Monsoon,0,Not applicable,West Nile Fever
Sheep,0,0,0,Virus,Bulgaria,42.233,24.9405,July,Monsoon,13,Backyard,Sheep pox and goat pox
Cygnus (unidentified),1,0,0,Virus,Moldova,47.46,27.92,December,Winter,0,Other,Highly pathogenic avian influenza
Sheep,0,0,0,Prion,Iceland,65.54313,-19.3193,November,Post-Monsoon,1517,Farm,Scrapie
Birds,0,1,0,Virus,Croatia,45.69517,16.402417,November,Post-Monsoon,26,Farm,Highly pathogenic avian influenza
Wildlife (species unspecified),1,0,0,Virus,Hong Kong,22.49236,114.061277,March,Summer,0,Not applicable,Highly pathogenic avian influenza
Swine,0,0,0,Virus,Ukraine,46.515861,34.280056,December,Winter,196,Farm,African swine fever
Northern Goshawk,1,0,0,Virus,Belgium,50.977259,4.456602,September,Monsoon,0,Other,West Nile Fever
Rabbits,0,0,0,Virus,Tunisia,35.9636,10.3986,December,Winter,550,Farm,Myxomatosis
Swine,0,0,0,Virus,Moldova,47.56,28.0,August,Monsoon,14,Backyard,African swine fever
Wildlife (species unspecified),1,0,0,Virus,Pakistan,34.12,73.13,March,Summer,4,Farm,Highly pathogenic avian influenza
Sheep,0,0,0,Virus,Iraq,32.0779,44.4479,January,Winter,216,Village,Peste des petits ruminants
Mute Swan,1,0,0,Virus,Croatia,43.86935,15.9767,September,Monsoon,0,Village,Highly pathogenic avian influenza
Swine,0,0,0,Virus,Chinese Taipei,23.810555,120.393888,October,Post-Monsoon,223,Farm,Foot and mouth disease
Wild boar,1,0,0,Bacterium,Netherlands,50.7603,6.0138,May,Summer,30,Not applicable,Brucellosis
Swine,0,0,0,Virus,Brazil,-5.346780556,-42.67997222,November,Post-Monsoon,248,Backyard,Classical swine fever
Wild boar,1,0,0,Virus,Hungary,45.81857,18.44399,January,Winter,0,Forest,African swine fever
Rabbits/hares (mixed group),0,0,0,Virus,Mexico,20.268822,-97.957069,October,Post-Monsoon,96,Farm,Myxomatosis
Equidae,0,0,0,Virus,Germany,49.63,8.39,September,Monsoon,15,Farm,West Nile Fever
Wild boar,1,0,0,Virus,Bhutan,27.3979,90.7789,May,Summer,0,Forest,African swine fever
Wild boar,1,0,0,Virus,Croatia,45.200377,18.844337,September,Monsoon,0,Farm,African swine fever
Birds,0,1,0,Virus,Russia,58.016764,102.652877,May,Summer,257,Backyard,Newcastle disease
Swine,0,0,0,Virus,Russia,48.645351,42.932509,October,Post-Monsoon,195,Backyard,African swine fever
Cattle,0,0,0,Virus,China (People's Rep. of),42.2442,86.6839,May,Summer,35,Other,Foot and mouth disease
Birds,0,1,0,Virus,South Africa,-34.29572,20.85478,December,Winter,12278,Farm,Low pathogenic avian influenza
Cattle,0,0,0,Bacterium,Italy,40.4784,16.00894,September,Monsoon,691,Farm,Anthrax
Cattle,0,0,0,Virus,Guinea,11.1,-11.96667,November,Post-Monsoon,2663,Village,Lumpy skin disease
Cattle,0,0,0,Virus,Mongolia,45.2348,109.0416,March,Summer,5500,Farm,Foot and mouth disease
Birds,0,1,0,Virus,United Kingdom,52.47,0.95,September,Monsoon,3250644,Farm,Highly pathogenic avian influenza
Mustelidae,0,0,0,Virus,Italy,45.582381,11.873873,March,Summer,3379,Farm,SARS-CoV-2 in animals
Eurasian Sparrowhawk,1,0,0,Virus,United Kingdom,51.89,-2.72,April,Summer,0,Other,Highly pathogenic avian influenza
Goats,0,0,0,Virus,Namibia,-18.24,16.24,June,Monsoon,356,Village,Rift Valley fever
Northern Goshawk,1,0,0,Virus,Hungary,47.7456,20.4057,April,Summer,0,Forest,Highly pathogenic avian influenza
Birds,0,1,0,Virus,Hungary,46.62401,19.95306,November,Post-Monsoon,50926,Farm,Highly pathogenic avian influenza
Birds,0,1,0,Virus,Poland,51.551477,18.631716,January,Winter,220221,Farm,Highly pathogenic avian influenza
Goats,0,0,0,Virus,Nigeria,4.994645,7.813749,January,Winter,82,Farm,Peste des petits ruminants
Mallard,1,0,0,Virus,Poland,50.930567,17.702231,February,Winter,0,Other,Highly pathogenic avian influenza
Wild boar,1,0,0,Virus,Romania,44.0272,27.9571,February,Winter,0,Natural park,African swine fever
Birds,0,1,0,Virus,Bulgaria,42.05078,25.67609,January,Winter,49750,Farm,Highly pathogenic avian influenza
Birds,0,1,0,Virus,India,17.322722,78.955722,February,Winter,1553,Farm,Highly pathogenic avian influenza
Cattle,0,0,0,Virus,Malawi,-16.70677,35.25798,August,Monsoon,28467,Village,Foot and mouth disease
Birds,0,1,0,Virus,South Africa,-33.6,22.2,February,Winter,88940,Farm,Low pathogenic avian influenza
Greylag Goose,1,0,0,Virus,Moldova,46.49,28.24,March,Summer,133,Village,Highly pathogenic avian influenza
Birds,0,1,0,Virus,Sweden,55.635903,13.109859,May,Summer,14704,Farm,Low pathogenic avian influenza
Birds,0,1,0,Virus,Hungary,46.75925,20.305405,January,Winter,42650,Farm,Highly pathogenic avian influenza
House Crow,1,0,0,Virus,India,21.37,85.34,January,Winter,0,Not applicable,Highly pathogenic avian influenza
Birds,0,1,0,Virus,United Kingdom,56.7,-3.08,January,Winter,6,Farm,Highly pathogenic avian influenza
Cattle,0,0,0,Virus,Russia,56.926858,81.967362,September,Monsoon,674,Backyard,Lumpy skin disease
Common carp,0,0,1,Virus,Canada,49.58,-110.35,July,Monsoon,75,Pond,Koi herpesvirus
Birds,0,1,0,Virus,Russia,61.894694,50.728352,October,Post-Monsoon,716386,Farm,Highly pathogenic avian influenza
Cattle,0,0,0,Bacterium,Zambia,-14.97527,28.47255,April,Summer,5000,Farm,Mycoplasma mycoides subsp. mycoides SC
Birds,0,0,0,Virus,Russia,59.544796,150.884109,October,Post-Monsoon,72,Backyard,Highly pathogenic avian influenza
Wildlife (species unspecified),1,0,0,Virus,Hong Kong,22.442292,114.022638,December,Winter,0,Not applicable,Highly pathogenic avian influenza
Equidae,0,0,0,Virus,Germany,53.4,10.53,January,Winter,2,Backyard,West Nile Fever
Cattle,0,0,0,Bacterium,Azerbaijan,40.928568,47.158,July,Monsoon,30,Backyard,Anthrax
Cattle,0,0,0,Virus,Norway,58.28719,7.8687,August,Monsoon,2894,Farm,Bluetongue
Cattle,0,0,0,Virus,Afghanistan,34.5411,70.0862,May,Summer,12,Backyard,Lumpy skin disease
Northern Goshawk,1,0,0,Virus,Austria,47.773195,16.8644,July,Monsoon,0,Not applicable,Highly pathogenic avian influenza
Dogs,0,0,0,Virus,Melilla,35.2914,-2.9542,September,Monsoon,0,Other,Rabies
Cattle,0,0,0,Virus,China (People's Rep. of),37.26,105.26,November,Post-Monsoon,238,Village,Foot and mouth disease
Swine,0,0,0,Virus,Lithuania,55.240278,24.240278,July,Monsoon,38896,Farm,Classical swine fever
Mallard,1,0,0,Virus,Czech Republic,49.761,13.313,March,Summer,28,Not applicable,Highly pathogenic avian influenza
Equidae,0,0,0,Virus,Belize,16.7902,-88.9953,October,Post-Monsoon,2,Village,Equine encephalomyelitis
Wildlife (species unspecified),1,0,0,Virus,South Africa,-26.6,27.3,December,Winter,0,Body of water,Highly pathogenic avian influenza
Cats,0,0,0,Virus,Hong Kong,22.30566,114.23499,December,Winter,3,Other,SARS-CoV-2 in animals
Birds,0,1,0,Virus,Czech Republic,49.11103,14.73399,December,Winter,808941,Farm,Highly pathogenic avian influenza
Cattle,0,0,0,Virus,South Africa,-28.6,27.4,July,Monsoon,163080,Farm,Foot and mouth disease
Swine,0,0,0,Virus,Moldova,46.716704,29.441286,February,Winter,8,Backyard,African swine fever
Bar-headed Goose,1,0,0,Virus,China (People's Rep. of),31.909941,91.538088,May,Summer,0,Other,Highly pathogenic avian influenza
Cattle,0,0,0,Virus,Greece,40.955017007,24.760243652,October,Post-Monsoon,140,Farm,Bluetongue
Cattle,0,0,0,Virus,China (People's Rep. of),41.8264,83.6811,February,Winter,121,Other,Foot and mouth disease
Equidae,0,0,0,Bacterium,Denmark,55.8353,12.3712,December,Winter,0,Farm,Contagious equine metritis
Birds,0,1,0,Virus,Chinese Taipei,23.258123,120.230854,March,Summer,74108,Farm,Newcastle disease
Eurasian Wigeon,1,0,0,Virus,Iceland,64.09648,-21.80155,January,Winter,0,Not applicable,Highly pathogenic avian influenza
Northern Goshawk,1,0,0,Virus,Estonia,58.954101,23.531826,March,Summer,0,Not applicable,Highly pathogenic avian influenza
Birds,0,0,0,Virus,Mexico,20.2305,-99.5895,January,Winter,500,Farm,Newcastle disease
Bees,0,0,0,Bacterium,Romania,46.951,24.0517,July,Monsoon,89,Apiary,Melissococcus plutonius
Cattle,0,0,0,Virus,Italy,37.65796,12.74585,December,Winter,43,Farm,Epizootic hemorrhagic disease virus
Swine,0,0,0,Virus,Zambia,-12.5,26.42,November,Post-Monsoon,1020,Village,African swine fever
Rainbow trout,0,0,1,Virus,Finland,60.01315,20.427449,June,Monsoon,1684545,Farm,Infectious haematopoietic necrosis virus
Birds,0,1,0,Virus,Malaysia,6.0337333,116.2518361,August,Monsoon,30415,Farm,Highly pathogenic avian influenza
Dogs,0,0,0,Virus,Bhutan,26.9463,90.267,December,Winter,0,Village,Rabies
Laridae (unidentified),1,0,0,Virus,Germany,54.637,13.237,March,Summer,0,Not applicable,Highly pathogenic avian influenza
Cattle,0,0,0,Virus,China (People's Rep. of),28.46,88.23,July,Monsoon,801,Village,Foot and mouth disease
Birds,0,1,0,Virus,India,23.009,74.56,January,Winter,1053,Farm,Highly pathogenic avian influenza
Goats,0,0,0,Virus,Rwanda,-2.0066,30.773,August,Monsoon,120000,Backyard,Peste des petits ruminants
Sheep,0,0,0,Virus,Kazakhstan,49.21,84.51,March,Summer,8467,Backyard,Sheep pox and goat pox
Birds,0,1,0,Virus,France,49.397414,0.201732,December,Winter,33580,Farm,Highly pathogenic avian influenza
European Rabbit,1,0,0,Virus,Finland,60.21624809,24.9566959,April,Summer,0,Village,Rabbit haemorrhagic disease
Cattle,0,0,0,Bacterium,Lesotho,-29.41,27.76,April,Summer,10000,Village,Anthrax
Birds,0,1,0,Virus,Netherlands,51.47,5.83,May,Summer,28000,Farm,Low pathogenic avian influenza
Birds,0,1,0,Virus,Vietnam,16.9609,107.0192,December,Winter,44204,Village,Highly pathogenic avian influenza
Cattle,0,0,0,Virus,Israel,33.0246522372,35.2587844351,July,Monsoon,11236,Village,Foot and mouth disease
Mandarin Duck,1,0,0,Virus,Japan,32.090572,130.352753,February,Winter,0,Not applicable,Highly pathogenic avian influenza
Wild boar,1,0,0,Virus,Russia,55.1083,51.4207,June,Monsoon,0,Forest,African swine fever
South American fur seal,1,0,0,Virus,Brazil,-32.174091,-52.13725,October,Post-Monsoon,0,Other,Highly pathogenic avian influenza
Cattle,0,0,0,Bacterium,Namibia,-17.87,16.42,September,Monsoon,806,Village,Mycoplasma mycoides subsp. mycoides SC
Birds,0,0,0,Virus,Myanmar,22.1722,95.1656,February,Winter,346256,Farm,Highly pathogenic avian influenza
Birds,0,1,0,Virus,Latvia,56.629872299163,24.693017699948,May,Summer,98,Backyard,Highly pathogenic avian influenza
Anatidae (unidentified),1,0,0,Virus,Slovenia,46.4011,15.6657,January,Winter,0,Body of water,Highly pathogenic avian influenza
Wildlife (species unspecified),1,0,0,Virus,Israel,32.5161237246,35.150991698,June,Monsoon,1300,Village,Foot and mouth disease
Sheep,0,0,0,Virus,Kenya,-0.339717,36.145454,June,Monsoon,600,Farm,Bluetongue
Common Murre,1,0,0,Virus,Greenland,64.027,-52.9949,March,Summer,0,Other,Highly pathogenic avian influenza
Accipitridae (unidentified),1,0,0,Virus,Germany,50.137,8.823,January,Winter,0,Zoo,Highly pathogenic avian influenza
Goats,0,0,0,Virus,Congo (Rep. of the),-2.059,15.383,December,Winter,377,Farm,Peste des petits ruminants
Bovine,0,1,0,Prion,United Kingdom,55.46,-4.62,April,Summer,206,Farm,Bovine spongiform encephalopathy
Bees,0,0,0,Parasite,Australia,-34.4767,142.3403,August,Monsoon,1696,Apiary,Varroa spp.
Equidae,0,0,0,Virus,United Kingdom,54.76,-6.586,August,Monsoon,13,Farm,Equine infectious anaemia
Cattle,0,0,0,Virus,South Africa,-23.2,29.3,January,Winter,18915,Farm,Foot and mouth disease
Birds,0,0,0,Virus,Hong Kong,22.390814,113.918663,February,Winter,0,Not applicable,Highly pathogenic avian influenza
Sheep,0,0,0,Virus,Morocco,33.26,-5.3,December,Winter,8767,Farm,Bluetongue
Wild boar,1,0,0,Virus,Latvia,56.8822,22.0534,December,Winter,0,Forest,African swine fever
Camelidae,0,0,0,Virus,Denmark,55.5992,8.4349,August,Monsoon,226,Farm,Bluetongue
Accipitridae (unidentified),1,0,0,Virus,Germany,53.74,12.82,December,Winter,0,Backyard,Highly pathogenic avian influenza
Birds,0,0,0,Virus,India,20.5,85.09,January,Winter,7469,Farm,Highly pathogenic avian influenza
Swine,0,0,0,Virus,Cote D'Ivoire,5.85088,-3.82291,September,Monsoon,1199,Village,African swine fever
Wild boar,1,0,0,Virus,Sweden,59.989277,15.854396,September,Monsoon,0,Other,African swine fever
Equidae,0,0,0,Virus,Nigeria,6.4231,3.5689,January,Winter,0,Farm,African horse sickness
Anatidae (unidentified),1,0,0,Virus,Germany,51.48,11.7,August,Monsoon,0,Not applicable,Highly pathogenic avian influenza
Wild boar,1,0,0,Virus,Bosnia and Herzegovina,43.9099,18.3975,December,Winter,0,Forest,African swine fever
Accipitridae (unidentified),1,0,0,Virus,Germany,51.02,11.02,September,Monsoon,1,Zoo,West Nile Fever
Wild boar,1,0,0,Virus,North Macedonia,41.49259,21.64923,October,Post-Monsoon,0,Forest,African swine fever
Birds,0,1,0,Virus,Hungary,46.70294,20.24641,November,Post-Monsoon,41798,Farm,Highly pathogenic avian influenza
Birds,0,1,0,Virus,Poland,53.405108,23.22007,November,Post-Monsoon,264324,Farm,Newcastle disease
Dogs,0,0,0,Virus,Armenia,40.8432,43.8349,April,Summer,1,Backyard,Rabies
Swine,0,0,0,Virus,Hong Kong,22.491,114.0874,February,Winter,2132,Farm,Foot and mouth disease
House Crow,1,0,0,Virus,Bangladesh,23.028841,89.399236,December,Winter,0,Other,Highly pathogenic avian influenza
Cattle,0,0,0,Bacterium,Croatia,45.190005,15.434189,July,Monsoon,5,Farm,Brucellosis
Dogs,0,0,0,Parasite,Armenia,39.1204,46.2454,March,Summer,1,Backyard,Leishmaniosis
White-tailed Eagle,1,0,0,Virus,Sweden,56.11364,14.29852,September,Monsoon,0,Other,Highly pathogenic avian influenza
Otter,1,0,0,Virus,Norway,69.9389,22.0472,December,Winter,0,Village,Highly pathogenic avian influenza
Equidae,0,0,0,Virus,Costa Rica,10.63387,-85.48048,August,Monsoon,14,Farm,Venezuelan equine encephalomyelitis
Birds,0,0,0,Virus,India,13.04,77.3,October,Post-Monsoon,36487,Farm,Highly pathogenic avian influenza
Birds,0,1,0,Virus,India,28.953985,79.309527,August,Monsoon,96799,Farm,Highly pathogenic avian influenza
Birds,0,1,0,Virus,Burkina Faso,12.1856,-1.4004,February,Winter,3500,Village,Newcastle disease
Brown hare (European Hare),1,0,0,Virus,Australia,-37.46,142.02,May,Summer,0,Natural park,Rabbit haemorrhagic disease
Swine,0,0,0,Virus,Russia,53.268127,52.2338,August,Monsoon,8,Backyard,African swine fever
Kelp Gull,1,0,0,Virus,South Georgia and the South Sandwich Islands,-54.717,-36.1005,April,Summer,0,Other,Highly pathogenic avian influenza
Sheep,0,0,0,Virus,Bulgaria,42.1161,26.182,May,Summer,11,Backyard,Sheep pox and goat pox
Birds,0,1,0,Virus,Hong Kong,22.3184,114.1673,January,Winter,0,Other,Highly pathogenic avian influenza
Goats,0,0,0,Virus,Hungary,48.151533,21.17625,March,Summer,15,Backyard,Rabies
Dogs,0,0,0,Virus,Armenia,41.1632,44.9926,May,Summer,1,Backyard,Rabies
Birds,0,1,0,Virus,France,44.98587101,5.09941002,December,Winter,1814197,Farm,Highly pathogenic avian influenza
Birds,0,1,0,Virus,Germany,49.22,11.12,March,Summer,5,Backyard,Highly pathogenic avian influenza
Birds,0,1,0,Virus,Senegal,14.7813883,-17.0422222,December,Winter,100000,Farm,Highly pathogenic avian influenza
Charadriidae (unidentified),1,0,0,Virus,Germany,51.01,14.86,October,Post-Monsoon,6,Farm,West Nile Fever
Birds,0,0,0,Parasite,Panama,8.88369,-78.29173,July,Monsoon,240,Farm,New world screwworm
Eurasian buzzard (common buzzard),1,0,0,Virus,Sweden,56.049941,14.582737,February,Winter,0,Village,Highly pathogenic avian influenza
Cattle,0,0,0,Bacterium,Romania,48.001133,27.02482,June,Monsoon,24,Backyard,Anthrax
Cygnus (unidentified),1,0,0,Virus,Moldova,47.54,27.71,December,Winter,0,Other,Highly pathogenic avian influenza
Birds,0,1,0,Virus,Czech Republic,49.5321372,13.9521114,September,Monsoon,68146,Farm,Highly pathogenic avian influenza
Wild boar,1,0,0,Virus,Moldova,48.330373,27.002243,December,Winter,0,Backyard,African swine fever
Cattle,0,0,0,Bacterium,Belgium,49.85,5.25,October,Post-Monsoon,236,Farm,Brucellosis
Equidae,0,0,0,Virus,Germany,53.76,12.05,August,Monsoon,3,Backyard,West Nile Fever
Wildlife (species unspecified),1,0,0,Virus,Bulgaria,43.2363,28.011,March,Summer,0,Not applicable,Highly pathogenic avian influenza
Cattle,0,0,0,Bacterium,Latvia,57.2710618543,23.0342960358,August,Monsoon,31,Farm,Brucellosis
Birds,0,0,0,Bacterium,Mexico,20.794874,-104.193397,July,Monsoon,7825,Backyard,Fowl typhoid
Demoiselle Crane,1,0,0,Virus,India,26.907907,75.1873,November,Post-Monsoon,0,Not applicable,Highly pathogenic avian influenza
Birds,0,1,0,Virus,Vietnam,10.1434,105.638,January,Winter,0,Not applicable,Low pathogenic avian influenza
Swine,0,0,0,Virus,Bulgaria,41.43509,23.16598,January,Winter,5,Backyard,African swine fever
Cattle,0,0,0,Virus,Ecuador,1.0529,-79.0771,May,Summer,600,Farm,Foot and mouth disease
Tufted Duck,1,0,0,Virus,Poland,54.2625,16.0517,January,Winter,0,Not applicable,Highly pathogenic avian influenza
Mute Swan,1,0,0,Virus,Ukraine,49.5478,25.5789,March,Summer,5,Natural park,Highly pathogenic avian influenza
Birds,0,1,0,Virus,Norway,58.74093,5.5634,September,Monsoon,7500,Farm,Newcastle disease
Birds,0,0,0,Virus,Madagascar,-16.2942,45.7265,September,Monsoon,2003,Village,West Nile Fever
Birds,0,0,0,Virus,Bulgaria,41.7433,25.536,January,Winter,1656,Village,Newcastle disease
Birds,0,1,0,Virus,Mexico,23.00244,-105.867527,July,Monsoon,433093,Farm,Low pathogenic avian influenza
Swine,0,0,0,Virus,China (People's Rep. of),28.878782,108.73784,October,Post-Monsoon,392,Other,African swine fever
Birds,0,1,0,Virus,Germany,53.8934,9.0748,October,Post-Monsoon,9103,Farm,Highly pathogenic avian influenza
Equidae,0,0,0,Virus,Brazil,-5.115027778,-39.72727778,June,Monsoon,7,Farm,West Nile Fever
Cattle,0,0,0,Prion,Germany,48.195,12.434,September,Monsoon,56,Farm,Bovine spongiform encephalopathy
Birds,0,1,0,Virus,Luxembourg,49.741843,6.115522,June,Monsoon,0,Farm,Highly pathogenic avian influenza
Northern Goshawk,1,0,0,Virus,Latvia,57.089774,22.957134,August,Monsoon,0,Other,West Nile Fever
Cattle,0,0,0,Bacterium,Kyrgyzstan,40.381,72.109,August,Monsoon,100,Village,Anthrax
Rainbow trout,0,0,1,Virus,Belgium,50.57,5.12,March,Summer,0,Reservoir,Viral haemorrhagic septicaemia
Birds,0,1,0,Virus,Chinese Taipei,23.586814,120.42303,March,Summer,4980,Farm,Low pathogenic avian influenza
Buffaloes,0,0,0,Virus,Italy,41.67,14.86,November,Post-Monsoon,308,Farm,Bluetongue
Eastern Buzzard,1,0,0,Virus,Japan,43.0619,141.3544,April,Summer,0,Not applicable,Highly pathogenic avian influenza
Cattle,0,0,0,Virus,Korea (Dem People's Rep. of),38.84,127.55,March,Summer,52,Farm,Foot and mouth disease
Birds,0,0,0,Virus,China (People's Rep. of),31.848,118.448,October,Post-Monsoon,66475,Village,Highly pathogenic avian influenza
Chilean flat oyster,0,0,1,Parasite,New Zealand,-40.809,173.8392,April,Summer,0,Coastal area,Bonamia ostreae
Birds,0,1,0,Virus,Hungary,48.03278,19.320146,January,Winter,6777,Farm,Highly pathogenic avian influenza
Birds,0,0,0,Virus,Canada,49.171042,-121.95099,February,Winter,94,Backyard,Highly pathogenic avian influenza
Herring Gull,1,0,0,Virus,Netherlands,53.01,4.78,February,Winter,0,Other,Highly pathogenic avian influenza
Cattle,0,0,0,Virus,China (People's Rep. of),39.62,76.01,February,Winter,58,Village,Foot and mouth disease
Cattle,0,0,0,Virus,France,43.18712411,-0.93980006,May,Summer,511,Farm,Bluetongue
Cattle,0,0,0,Virus,Malawi,-13.82141,33.69149,August,Monsoon,111719,Village,Foot and mouth disease
Sheep,0,0,0,Prion,Palestinian Territory,31.5709,35.2776,July,Monsoon,70,Farm,Scrapie
Wild boar,1,0,0,Virus,Hungary,47.660902,21.599037,May,Summer,0,Forest,African swine fever
Birds,0,1,0,Virus,Canada,43.1594,-79.2469,July,Monsoon,14000,Farm,Low pathogenic avian influenza
Swine,0,0,0,Virus,Romania,47.8523,23.9707,October,Post-Monsoon,12,Backyard,African swine fever
Birds,0,0,0,Virus,Thailand,17.236,104.464799,July,Monsoon,5795,Village,Highly pathogenic avian influenza
Sheep,0,0,0,Virus,Cyprus,35.034903,33.805182,October,Post-Monsoon,105,Farm,Bluetongue
Atlantic salmon,0,0,1,Virus,United States of America,44.72,-67.54,June,Monsoon,248280,Farm,Infectious salmon anaemia virus
Common Teal,1,0,0,Virus,Korea (Rep. of),34.6885,126.544,November,Post-Monsoon,0,Other,Highly pathogenic avian influenza
Birds,0,1,0,Virus,Vietnam,21.3228,107.5137,December,Winter,27496,Village,Highly pathogenic avian influenza
Birds,0,1,0,Virus,Mali,12.8349,-8.1304,March,Summer,340000,Farm,Highly pathogenic avian influenza
Anatidae (unidentified),1,0,0,Virus,Austria,48.113,16.61,November,Post-Monsoon,0,Backyard,Highly pathogenic avian influenza
Birds,0,1,0,Virus,Sweden,55.60766,13.65908,December,Winter,119394,Farm,Highly pathogenic avian influenza
Cattle,0,0,0,Virus,Israel,32.9394263258,35.7933526587,February,Winter,3060,Other,Foot and mouth disease
Rainbow trout,0,0,1,Virus,Estonia,59.021444,25.701672,October,Post-Monsoon,121060,Farm,Infectious haematopoietic necrosis virus
Swine,0,0,0,Virus,China (People's Rep. of),29.454,115.87,November,Post-Monsoon,463,Farm,African swine fever
Birds,0,1,0,Virus,Argentina,-35.053402,-61.10009,August,Monsoon,33000,Farm,Highly pathogenic avian influenza
Swine,0,0,0,Virus,Bolivia,-21.9921,-63.4068,May,Summer,32,Farm,Classical swine fever
Cattle,0,0,0,Bacterium,Kyrgyzstan,42.88,74.67,August,Monsoon,9,Village,Anthrax
Rainbow trout,0,0,1,Virus,Slovakia,48.88257,18.856945,February,Winter,5262,Farm,Viral haemorrhagic septicaemia
Swine,0,0,0,Virus,China (People's Rep. of),30.18956,107.30243,November,Post-Monsoon,116,Other,African swine fever
Birds,0,1,0,Virus,Pakistan,32.97863,70.59775,November,Post-Monsoon,6700,Backyard,Highly pathogenic avian influenza
Birds,0,0,0,Virus,Uruguay,-31.4357,-55.5322,September,Monsoon,14,Farm,Rabies
Wild boar,1,0,0,Virus,Ukraine,48.3455,25.0698,January,Winter,0,Natural park,African swine fever
Birds,0,1,0,Virus,Ecuador,-1.501992,-77.987599,February,Winter,1252335,Backyard,Highly pathogenic avian influenza
Sheep,0,0,0,Virus,Bulgaria,42.2829,24.9637,July,Monsoon,2,Backyard,Sheep pox and goat pox
Cattle,0,0,0,Virus,Zimbabwe,-20.16945,31.30562,July,Monsoon,12587,Village,Foot and mouth disease
Equidae,0,0,0,Virus,Germany,48.48,8.84,August,Monsoon,13,Backyard,Equine infectious anaemia
Birds,0,0,0,Virus,Malaysia,5.531944,100.413888,March,Summer,150,Village,Highly pathogenic avian influenza
Accipitridae (unidentified),1,0,0,Virus,Germany,52.34,8.96,October,Post-Monsoon,0,Not applicable,West Nile Fever
Cattle,0,0,0,Virus,Israel,31.741756971,34.7863247193,November,Post-Monsoon,0,Farm,Bluetongue
Birds,0,1,0,Virus,Denmark,55.3815,10.6786,July,Monsoon,60,Backyard,Highly pathogenic avian influenza
Birds,0,1,0,Virus,Poland,53.375362,19.6272763,February,Winter,247625,Farm,Highly pathogenic avian influenza
White clawed crayfish,1,0,1,Parasite,Italy,41.78277778,14.33333333,July,Monsoon,0,River system,Crayfish plague
Cattle,0,0,0,Virus,Russia,51.783,56.535,December,Winter,1829,Farm,Lumpy skin disease
Cattle,0,0,0,Virus,China (People's Rep. of),29.175,106.69055,May,Summer,12,Farm,Foot and mouth disease
Cattle,0,0,0,Virus,Mali,14.063,-3.076,October,Post-Monsoon,8722,Village,Lumpy skin disease
Mallard,1,0,0,Virus,Slovakia,48.24164,17.68248,October,Post-Monsoon,0,Backyard,Highly pathogenic avian influenza
Birds,0,1,0,Virus,United States of America,37.642,-120.997,April,Summer,116000,Farm,Low pathogenic avian influenza
Equidae,0,0,0,Parasite,Ireland,53.125666,-6.704136,October,Post-Monsoon,439,Farm,Equine piroplasmosis
Birds,0,1,0,Virus,Germany,52.96,8.55,April,Summer,474596,Farm,Highly pathogenic avian influenza
Dogs,0,0,0,Virus,Indonesia,1.28116,97.60471,February,Winter,0,Village,Rabies
Cattle,0,0,0,Virus,Libya,32.0964,15.1353,March,Summer,278,Farm,Foot and mouth disease
Cattle,0,0,0,Virus,China (People's Rep. of),37.28,117.57,June,Monsoon,290,Farm,Foot and mouth disease
Swine,0,0,0,Virus,Bulgaria,42.3259,24.2747,August,Monsoon,13000,Farm,African swine fever
Cattle,0,0,0,Virus,Austria,46.6814,14.2664,December,Winter,636,Farm,Bluetongue
Siberian ibex,1,0,0,Virus,Mongolia,45.6914,95.1444,August,Monsoon,0,Natural park,Peste des petits ruminants
Bees,0,0,0,Bacterium,Jamaica,18.05,-77.02,April,Summer,2249,Apiary,American foulbrood of honey bees
Birds,0,0,0,Virus,Korea (Rep. of),36.464561,127.200937,March,Summer,505906,Farm,Highly pathogenic avian influenza
Swine,0,0,0,Virus,Chinese Taipei,22.7354,120.5161,May,Summer,13176,Farm,Foot and mouth disease
Equidae,0,0,0,Bacterium,Ireland,53.280616,-8.970725,April,Summer,71,Farm,Contagious equine metritis
Birds,0,1,0,Virus,Russia,56.2435,41.286472,October,Post-Monsoon,33,Backyard,Newcastle disease
Visayan warty pig,1,0,0,Virus,Philippines,8.96808,126.133179,June,Monsoon,0,Village,African swine fever
Birds,0,0,0,Virus,Ukraine,47.6862,32.3781,January,Winter,366,Other,Highly pathogenic avian influenza
Dogs,0,0,0,Virus,Melilla,35.2829,-2.945,May,Summer,0,Other,Rabies
Birds,0,1,0,Virus,Kuwait,29.2856,47.818,November,Post-Monsoon,112,Backyard,Highly pathogenic avian influenza
Goats,0,0,0,Virus,Vietnam,11.366267,107.36827,November,Post-Monsoon,6,Farm,Peste des petits ruminants
Equidae,0,0,0,Bacterium,Korea (Rep. of),33.4183247,126.681714,May,Summer,17,Farm,Contagious equine metritis
Cattle,0,0,0,Virus,Poland,52.767903,15.702341,December,Winter,277,Farm,Bluetongue
Wildlife (species unspecified),1,0,0,Virus,China (People's Rep. of),29.3846,122.216,June,Monsoon,0,Other,Highly pathogenic avian influenza
Birds,0,1,0,Virus,Germany,49.131,10.36,March,Summer,30000,Farm,Highly pathogenic avian influenza
Birds,0,1,0,Virus,Netherlands,52.14,5.63,May,Summer,8800,Farm,Low pathogenic avian influenza
Mustelidae,0,0,0,Virus,Spain,42.9612,-8.7549,June,Monsoon,6500,Farm,SARS-CoV-2 in animals
Wild boar,1,0,0,Virus,Romania,44.670385,23.325498,December,Winter,676,Forest,African swine fever
Cattle,0,0,0,Virus,China (People's Rep. of),44.16,87.99,April,Summer,1310,Farm,Foot and mouth disease
Equidae,0,0,0,Virus,Ireland,53.6518,-6.7104,December,Winter,0,Farm,Equine infectious anaemia
African Elephant,1,0,0,Bacterium,Botswana,-17.79495,25.15545,July,Monsoon,80000,Natural park,Anthrax
Cattle,0,0,0,Virus,Malaysia,3.690833,103.1764,November,Post-Monsoon,841,Farm,Lumpy skin disease
Birds,0,0,0,Virus,France,47.704167,-2.952778,December,Winter,2500,Farm,Newcastle disease
Birds,0,1,0,Virus,Chile,-35.5093,-71.5567,April,Summer,220000,Farm,Highly pathogenic avian influenza
Mallard,1,0,0,Virus,Russia,54.502,79.67,May,Summer,0,Not applicable,Highly pathogenic avian influenza
Birds,0,1,0,Virus,Denmark,54.9033,9.2812,February,Winter,197674,Farm,Highly pathogenic avian influenza
Birds,0,0,0,Virus,Iraq,31.942889,45.636306,January,Winter,718599,Farm,Highly pathogenic avian influenza
Cats,0,0,0,Virus,France,46.8451,-1.8795,August,Monsoon,3,Not applicable,Rabies
Cattle,0,0,0,Virus,Malawi,-14.4338,33.9027,May,Summer,19714,Village,Foot and mouth disease
Cats,0,1,0,Virus,India,22.051283,78.937857,January,Winter,0,Other,Highly pathogenic avian influenza
Strigidae (unidentified),1,0,0,Virus,Germany,51.02,11.02,July,Monsoon,3,Zoo,West Nile Fever
African Elephant,1,0,0,Bacterium,Botswana,-17.8961,24.9244,January,Winter,80000,Not applicable,Anthrax
Wildlife (species unspecified),1,0,0,Virus,Armenia,40.45,43.7,March,Summer,2,Village,African swine fever
Swine,0,0,0,Virus,China (People's Rep. of),26.235,100.55,May,Summer,102,Farm,African swine fever
Bees,0,1,0,Parasite,United States of America,19.73,-155.09,April,Summer,0,Apiary,Small hive beetle infestation
Sheep,0,0,0,Virus,Bulgaria,42.1969,22.6726,July,Monsoon,25,Backyard,Bluetongue
Rainbow trout,0,0,1,Virus,Italy,45.962666,10.659081,November,Post-Monsoon,0,Farm,Viral haemorrhagic septicaemia
Birds,0,0,0,Virus,Nepal,27.668,84.369,October,Post-Monsoon,11503,Farm,Highly pathogenic avian influenza
Accipitridae (unidentified),1,0,0,Virus,Germany,49.513,6.369,December,Winter,0,Not applicable,Highly pathogenic avian influenza
Greylag Goose,1,0,0,Virus,Poland,52.052944,20.029528,February,Winter,0,Other,Highly pathogenic avian influenza
Equidae,0,1,0,Virus,Niger,14.2,1.4,October,Post-Monsoon,672,Village,Equine influenza
Equidae,0,0,0,Virus,Morocco,33.62,-7.13,August,Monsoon,175,Farm,West Nile Fever
Swine,0,0,0,Virus,Bhutan,27.119065,91.494883,August,Monsoon,17,Backyard,African swine fever
Birds,0,1,0,Virus,Chinese Taipei,22.740662,120.532843,July,Monsoon,1238128,Farm,Highly pathogenic avian influenza
Southern elephant seal,1,0,0,Virus,Falkland Islands (Malvinas),-52.43,-59.0685,February,Winter,0,Other,Highly pathogenic avian influenza
Cats,0,0,0,Virus,Estonia,59.4286,24.625,February,Winter,0,Not applicable,SARS-CoV-2 in animals
Bees,0,0,0,Parasite,Mauritius,-20.1733,57.4485,August,Monsoon,6000,Apiary,Varroa spp.
Greylag Goose,1,0,0,Virus,Spain,42.112987,3.154776,July,Monsoon,0,Other,Highly pathogenic avian influenza
Cattle,0,0,0,Virus,Malawi,-14.60485,34.7315,February,Winter,1019,Village,Foot and mouth disease
Cattle,0,0,0,Virus,Cyprus,35.135222,33.394176,December,Winter,111,Farm,Bluetongue
Swine,0,0,0,Virus,Bangladesh,22.6464,92.1577,November,Post-Monsoon,414,Farm,African swine fever
Swine,0,0,0,Virus,Hungary,46.0092298238361,18.54531693879865,January,Winter,7322,Farm,Aujeszky's disease
Wildlife (species unspecified),1,0,0,Virus,Bhutan,26.982809,88.901199,March,Summer,0,Backyard,Highly pathogenic avian influenza
Cattle,0,0,0,Bacterium,Kazakhstan,53.8749,62.4142,September,Monsoon,643,Farm,Anthrax
Birds,0,1,0,Virus,Italy,44.55135,11.87884,March,Summer,13810459,Backyard,Highly pathogenic avian influenza
Birds,0,1,0,Virus,Saudi Arabia,24.588034,46.742715,July,Monsoon,5554034,Livestock market,Highly pathogenic avian influenza
Northern Goshawk,1,0,0,Virus,Austria,47.78,16.54,November,Post-Monsoon,0,Farm,West Nile Fever
Birds,0,0,0,Virus,Croatia,45.3786,18.7722,February,Winter,1524,Backyard,Highly pathogenic avian influenza
Goats,0,0,0,Bacterium,Bulgaria,41.585818,24.028726,August,Monsoon,105,Backyard,Brucellosis
Wild boar,1,0,0,Virus,Hungary,48.15353,19.82972,August,Monsoon,150,Forest,African swine fever
Accipitridae (unidentified),1,0,0,Virus,Germany,53.66,7.28,July,Monsoon,0,Not applicable,Highly pathogenic avian influenza
Sheep,0,0,0,Virus,Mongolia,44.9744,113.0329,November,Post-Monsoon,563,Farm,Foot and mouth disease
Swine,0,0,0,Virus,Poland,50.694309,23.979734,September,Monsoon,844,Backyard,African swine fever
Cattle,0,0,0,Virus,Luxembourg,49.803259,5.992708,September,Monsoon,28495,Farm,Bluetongue
Cattle,0,0,0,Virus,Lebanon,33.6704,35.8251,November,Post-Monsoon,7391,Village,Foot and mouth disease
American Mink,1,0,0,Virus,Denmark,55.4837,8.9906,October,Post-Monsoon,412550,Farm,Influenza A virus
Wild boar,1,0,0,Virus,Russia,44.286668,131.413983,February,Winter,0,Forest,African swine fever
Cattle,0,0,0,Virus,Rwanda,-2.267,30.638,May,Summer,33,Farm,Rift Valley fever
Cattle,0,0,0,Virus,Spain,38.007,-6.0604,September,Monsoon,4,Farm,Bluetongue
Sheep,0,0,0,Virus,Cyprus,34.9764,33.5474,November,Post-Monsoon,157,Farm,Bluetongue
Birds,0,1,0,Virus,Russia,51.903798,113.17461,October,Post-Monsoon,288,Backyard,Newcastle disease
Equidae,0,0,0,Virus,Mexico,30.064487,-110.697236,April,Summer,229,Farm,Equine encephalomyelitis
Hooded Crow,1,0,0,Virus,Slovenia,46.0513,14.5335,September,Monsoon,0,Village,West Nile Fever
Birds,0,0,0,Virus,Palestinian Territory,31.416667,34.333333,August,Monsoon,101264,Not applicable,Highly pathogenic avian influenza
Cattle,0,0,0,Virus,Romania,45.569417,21.321018,October,Post-Monsoon,87,Farm,Bluetongue
Atlantic salmon,0,0,1,Virus,United Kingdom,57.94,-6.96,March,Summer,306717,Cage,Infectious salmon anaemia virus
Wild boar,1,0,0,Virus,Japan,31.9127,131.424,July,Monsoon,0,Forest,Classical swine fever
Birds,0,1,0,Virus,Hungary,47.423965,21.122518,April,Summer,11769,Farm,Highly pathogenic avian influenza
Sheep,0,0,0,Virus,Bulgaria,42.2977,24.9179,July,Monsoon,304,Farm,Sheep pox and goat pox
Wildlife (species unspecified),1,0,0,Virus,Cote D'Ivoire,4.63333,-6.586,June,Monsoon,1,Village,Highly pathogenic avian influenza
Raccoon dog,1,0,0,Virus,Lithuania,55.3161,26.7719,November,Post-Monsoon,0,Not applicable,Rabies
Cattle,0,0,0,Bacterium,Sierra Leone,8.6891,-12.8513,February,Winter,600,Farm,Anthrax
Equidae,0,0,0,Virus,Hungary,48.0008,22.0839,August,Monsoon,15,Farm,Equine infectious anaemia
Birds,0,1,0,Virus,Vietnam,22.2864,105.3649,January,Winter,0,Farm,Highly pathogenic avian influenza
Birds,0,1,0,Virus,Romania,44.56001,24.55162,December,Winter,73595,Farm,Highly pathogenic avian influenza
Mallard,1,0,0,Virus,Kazakhstan,50.7,71.15,September,Monsoon,0,Natural park,Highly pathogenic avian influenza
Chital deer,1,0,0,Bacterium,Israel,32.562068,35.319195,December,Winter,77,Farm,Mycobacterium tuberculosis complex
Amur carp,0,0,1,Virus,Belgium,50.67,3.75,July,Monsoon,0,Pond,Koi herpesvirus
Cattle,0,0,0,Bacterium,Romania,46.2354,27.9649,February,Winter,23,Backyard,Anthrax
Rainbow trout,0,0,1,Virus,Romania,45.790321,24.570182,March,Summer,633465,Farm,Viral haemorrhagic septicaemia
Common carp,1,0,1,Virus,Spain,36.918158608,-3.536713656,July,Monsoon,0,Reservoir,Koi herpesvirus
Swine,0,0,0,Virus,Russia,45.820861,41.496184,November,Post-Monsoon,10150,Farm,African swine fever
Birds,0,1,0,Virus,Germany,52.92,7.63,October,Post-Monsoon,1055628,Farm,Highly pathogenic avian influenza
Birds,0,1,0,Virus,Russia,54.586155,52.409313,August,Monsoon,213303,Farm,Highly pathogenic avian influenza
Greylag Goose,1,0,0,Virus,India,28.36,77.14,October,Post-Monsoon,4,Zoo,Highly pathogenic avian influenza
Mallard,1,0,0,Virus,Romania,45.174654,28.761315,March,Summer,0,Backyard,Highly pathogenic avian influenza
Cattle,0,0,0,Virus,China (People's Rep. of),32.26,105.52,March,Summer,35,Village,Foot and mouth disease
Cattle,0,0,0,Virus,Russia,57.97232,53.772702,October,Post-Monsoon,844,Farm,Lumpy skin disease
Swine,0,0,0,Virus,Gabon,0.4461,9.4639,July,Monsoon,0,Farm,African swine fever
Cattle,0,0,0,Bacterium,Spain,39.12284795,-5.93395082,September,Monsoon,42,Farm,Anthrax
Buffaloes,0,0,0,Virus,Iraq,33.07066,44.71147,January,Winter,1099,Village,Foot and mouth disease
Birds,0,1,0,Virus,Colombia,2.77114,-76.66239,April,Summer,243,Backyard,Newcastle disease
Cattle,0,0,0,Virus,Kazakhstan,47.51,72.91,January,Winter,25,Farm,Foot and mouth disease
Swine,0,0,0,Virus,Thailand,14.5937742508,101.1214177656,December,Winter,680,Farm,Influenza A virus
Birds,0,1,0,Virus,Sweden,55.45,13.13,March,Summer,18000,Farm,Highly pathogenic avian influenza
Cattle,0,0,0,Bacterium,Romania,45.399739,27.358155,September,Monsoon,1,Other,Anthrax
Cattle,0,0,0,Virus,Czech Republic,50.1605,14.0931,November,Post-Monsoon,2657,Farm,Bluetongue
Wild boar,1,0,0,Virus,Russia,51.51,40.28,July,Monsoon,0,Farm,African swine fever
Birds,0,1,0,Virus,Israel,31.6946,34.718,November,Post-Monsoon,65400,Farm,Highly pathogenic avian influenza
Birds,0,1,0,Virus,Portugal,41.18402,-8.32609,November,Post-Monsoon,566,Farm,Highly pathogenic avian influenza
Swine,0,0,0,Virus,Bhutan,26.89015,91.74394,November,Post-Monsoon,6817,Backyard,African swine fever
Equidae,0,0,0,Virus,Germany,52.26,10.81,September,Monsoon,93,Farm,West Nile Fever
Cattle,0,0,0,Virus,Honduras,15.51072,-86.195952,March,Summer,84,Farm,Rabies
Yellow-legged Gull,1,0,0,Virus,Portugal,39.3506725,-9.368254,November,Post-Monsoon,0,Other,Highly pathogenic avian influenza
Birds,0,0,0,Virus,Namibia,-22.5517,17.0479,October,Post-Monsoon,240,Backyard,Avian infectious laryngotracheitis
Rabbits,0,0,0,Virus,Switzerland,46.99446,7.14542,October,Post-Monsoon,74,Farm,Myxomatosis
Goats,0,0,0,Virus,Vietnam,20.7,105.7,March,Summer,1265,Village,Sheep pox and goat pox
Swine,0,0,0,Virus,Ukraine,50.841501,29.135607,October,Post-Monsoon,12,Backyard,African swine fever
Birds,0,0,0,Virus,Romania,45.3252,29.1938,March,Summer,127,Village,Highly pathogenic avian influenza
Wild boar,1,0,0,Virus,Ukraine,50.2097,25.9074,January,Winter,0,Forest,African swine fever
Birds,0,1,0,Virus,Poland,51.74370869427562,20.295224189758304,May,Summer,65767,Farm,Newcastle disease
Dogs,0,0,0,Virus,Melilla,35.298194,-2.938512,October,Post-Monsoon,0,Other,Rabies
Wild boar,1,0,0,Virus,Ukraine,51.1597,23.8549,June,Monsoon,0,Forest,African swine fever
Birds,0,1,0,Virus,Germany,47.845878,8.5845,December,Winter,130,Farm,Low pathogenic avian influenza
Mallard,1,0,0,Virus,Slovenia,46.3775,15.6658,March,Summer,0,Other,Highly pathogenic avian influenza
Cattle,0,0,0,Virus,Israel,33.015628714,35.2737612605,October,Post-Monsoon,40,Village,Foot and mouth disease
Mute Swan,1,0,0,Virus,Poland,53.79211644,20.48100513,January,Winter,0,Body of water,Highly pathogenic avian influenza
Greylag Goose,1,0,0,Virus,Iran,34.19127,49.841712,November,Post-Monsoon,4000,Natural park,Highly pathogenic avian influenza
Cattle,0,0,0,Virus,Greece,38.92006355,23.04049141,October,Post-Monsoon,882,Farm,Bluetongue
Birds,0,1,0,Virus,India,30.5887,76.8471,January,Winter,214244,Farm,Highly pathogenic avian influenza
Cattle,0,0,0,Virus,Kazakhstan,51.4112,72.6385,May,Summer,10276,Other,Infectious bovine rhinotracheitis/infectious pustular vulvovaginitis
Eurasian buzzard (common buzzard),1,0,0,Virus,Cyprus,34.9947,34.0431,September,Monsoon,0,Other,Highly pathogenic avian influenza
Wildlife (species unspecified),1,0,0,Virus,France,46.10276,5.1336,April,Summer,0,Not applicable,Highly pathogenic avian influenza
Swine,0,0,0,Virus,Korea (Rep. of),37.766444,126.647897,April,Summer,4059,Farm,Foot and mouth disease
Swine,0,0,0,Virus,Laos,19.81406,100.7235,September,Monsoon,1170,Village,African swine fever
Cattle,0,0,0,Virus,Russia,50.913,119.4887,March,Summer,6643,Village,Foot and mouth disease
Wild boar,1,0,0,Virus,Russia,54.163144,41.537954,July,Monsoon,0,Forest,African swine fever
Swine,0,0,0,Virus,Laos,20.6515736,100.476427,September,Monsoon,14273,Village,African swine fever
Rainbow trout,0,0,1,Virus,Belgium,50.371636,6.0299305,July,Monsoon,7312,Farm,Infectious haematopoietic necrosis virus
Cattle,0,0,0,Virus,Turkey,41.5916,27.4631,January,Winter,6953,Village,Foot and mouth disease
Water buffalo,1,0,0,Bacterium,Congo (Dem. Rep. of the),-0.7056,29.3565,April,Summer,80,Natural park,Anthrax
Equidae,0,0,0,Virus,Germany,48.9,10.78,March,Summer,1,Backyard,Equine infectious anaemia
Cattle,0,0,0,Bacterium,Israel,32.544,35.3108,March,Summer,119,Farm,Mycobacterium tuberculosis complex
Common carp,0,0,1,Virus,Sweden,59.3471,17.7105,August,Monsoon,75,Village,Koi herpesvirus
Birds,0,1,0,Virus,Poland,53.612277,19.647887,February,Winter,210049,Farm,Highly pathogenic avian influenza
Equidae,0,0,0,Virus,Senegal,16.0487,-16.4757,November,Post-Monsoon,1565,Farm,African horse sickness
Swine,0,0,0,Virus,China (People's Rep. of),41.68885,110.412404,April,Summer,632,Farm,African swine fever
Accipitridae (unidentified),1,0,0,Virus,Germany,53.8,9.41,May,Summer,0,Not applicable,Highly pathogenic avian influenza
Wildlife (species unspecified),1,0,0,Virus,Portugal,37.273632,-7.49361,March,Summer,100,Backyard,Highly pathogenic avian influenza
Birds,0,1,0,Virus,Germany,53.374,7.304,June,Monsoon,14850,Farm,Highly pathogenic avian influenza
Birds,0,0,0,Virus,Algeria,36.3835,6.6451,June,Monsoon,418700,Farm,Newcastle disease
Cattle,0,0,0,Bacterium,Botswana,-25.4561,25.42498,August,Monsoon,600,Village,Brucellosis
Wildlife (species unspecified),1,0,0,Virus,Russia,45.0523,42.0902,April,Summer,500,Village,African swine fever
Wild boar,1,0,0,Virus,Ukraine,48.5103,34.7506,February,Winter,0,Natural park,African swine fever
Sheep,0,0,0,Virus,Bulgaria,42.2008,25.049,July,Monsoon,76,Farm,Sheep pox and goat pox
Cattle,0,0,0,Virus,Kuwait,29.285822,47.816765,April,Summer,5925,Farm,Lumpy skin disease
Cattle,0,0,0,Virus,Myanmar,22.46,95.26,October,Post-Monsoon,3699,Village,Foot and mouth disease
Accipitridae (unidentified),1,0,0,Virus,Germany,48.525,10.273,February,Winter,0,Not applicable,Highly pathogenic avian influenza
Camelidae,0,0,0,Virus,Mauritania,20.45,-14.23,November,Post-Monsoon,120,Village,Rift Valley fever
Wild boar,1,0,0,Virus,Russia,52.398827,35.021452,November,Post-Monsoon,0,Farm,African swine fever
Cattle,0,0,0,Virus,Switzerland,47.065071,6.925238,July,Monsoon,396,Farm,Infectious bovine rhinotracheitis/infectious pustular vulvovaginitis
Wildlife (species unspecified),1,0,0,Virus,South Africa,-32.04569444,25.55030556,May,Summer,16,Farm,Rift Valley fever
Common carp,0,0,1,Virus,Iraq,33.4618,44.2997,November,Post-Monsoon,5853700,River system,Koi herpesvirus
Birds,0,0,0,Virus,Laos,19.22979,101.7135,March,Summer,5142,Village,Highly pathogenic avian influenza
Swine,0,0,0,Virus,Russia,61.161128,73.078925,November,Post-Monsoon,410,Backyard,African swine fever
Swine,0,0,0,Virus,Korea (Dem People's Rep. of),40.6025,125.64611,May,Summer,99,Village,African swine fever
Birds,0,1,0,Virus,India,19.41684,73.29618,February,Winter,28308,Farm,Highly pathogenic avian influenza
Birds,0,1,0,Virus,Sweden,55.63288,14.180665,December,Winter,42039,Farm,Highly pathogenic avian influenza
Swine,0,0,0,Virus,Albania,41.75318365,19.63741282,December,Winter,71,Backyard,African swine fever
Mallard,1,0,0,Virus,Poland,52.28491,20.17708,February,Winter,0,Other,Highly pathogenic avian influenza
Dogs,0,0,0,Virus,Armenia,39.7572,45.3326,August,Monsoon,1,Village,Rabies
Cattle,0,0,0,Virus,Myanmar,16.44,96.15,December,Winter,28,Village,Foot and mouth disease
Mallard,1,0,0,Virus,France,47.61945,2.87546,July,Monsoon,19,Backyard,Highly pathogenic avian influenza
Birds,0,1,0,Virus,Bhutan,26.84426,89.4242,August,Monsoon,148,Backyard,Highly pathogenic avian influenza
Sheep/goats (mixed herd),0,0,0,Virus,Tajikistan,38.13,68.96,October,Post-Monsoon,3820,Farm,Peste des petits ruminants
Rabbits,0,0,0,Virus,Luxembourg,49.5141,5.9281,July,Monsoon,54,Backyard,Rabbit haemorrhagic disease
Birds,0,0,0,Virus,Nepal,27.683,84.063,March,Summer,17646,Village,Highly pathogenic avian influenza
Birds,0,1,0,Virus,Korea (Rep. of),37.046005,126.992749,December,Winter,584361,Farm,Highly pathogenic avian influenza
Swine,0,0,0,Virus,Bhutan,27.635515,89.803111,June,Monsoon,128,Farm,African swine fever
Bees,0,0,0,Bacterium,Norway,59.9487,10.7666,October,Post-Monsoon,108,Apiary,Melissococcus plutonius
Birds,0,1,0,Virus,Iraq,33.3112,44.2555,June,Monsoon,189000,Farm,Highly pathogenic avian influenza
Buffaloes,0,0,0,Virus,Germany,52.55,13.63,January,Winter,14,Backyard,Foot and mouth disease
Rabbits,0,0,0,Virus,Norway,58.1,7.3,June,Monsoon,20,Farm,Rabbit haemorrhagic disease
Great White Pelican,1,0,0,Virus,Senegal,16.40639,-16.30556,January,Winter,11563,Other,Highly pathogenic avian influenza
Camelidae,0,0,0,Bacterium,Bahrain,26.2152,50.4871,April,Summer,61,Village,Glanders
Wild boar,1,0,0,Virus,Poland,54.11275426,19.84182358,January,Winter,0,Not applicable,African swine fever
Cattle,0,0,0,Virus,China (People's Rep. of),39.358,99.84,September,Monsoon,123,Farm,Foot and mouth disease
Cattle,0,0,0,Virus,Botswana,-19.3692,22.167,December,Winter,19205,Village,Foot and mouth disease
Cattle,0,0,0,Virus,South Africa,-23.5994,30.8791,August,Monsoon,3781,Village,Foot and mouth disease
Cattle,0,0,0,Bacterium,Spain,43.434343,-6.0,June,Monsoon,65,Farm,Anthrax
Sheep,0,0,0,Virus,Morocco,33.91,-4.79,November,Post-Monsoon,9391,Farm,Bluetongue
Birds,0,1,0,Virus,Poland,54.2204591,17.8628483,February,Winter,232395,Farm,Highly pathogenic avian influenza
Birds,0,0,0,Virus,Canada,43.4757,-80.4809,October,Post-Monsoon,7300,Farm,Influenza A virus
Birds,0,1,0,Virus,Denmark,55.2415,11.421,January,Winter,104586,Farm,Highly pathogenic avian influenza
Birds,0,1,0,Virus,Russia,55.612552,60.924996,August,Monsoon,18215,Farm,Highly pathogenic avian influenza
Swine,0,0,0,Virus,Moldova,46.10781,28.86351,March,Summer,0,Backyard,African swine fever
Dogs,0,0,0,Virus,Armenia,40.2654,44.6902,December,Winter,1,Backyard,Rabies
Mustelidae,0,0,0,Virus,Poland,50.154,21.1926,December,Winter,1408,Farm,SARS-CoV-2 in animals
Greylag Goose,1,0,0,Virus,Spain,42.245278,3.126389,February,Winter,0,Natural park,Highly pathogenic avian influenza
Cattle,0,0,0,Virus,Korea (Rep. of),34.833525,126.677814,March,Summer,2137,Farm,Foot and mouth disease
Sheep,0,0,0,Virus,Kazakhstan,42.7984,69.1966,December,Winter,15,Village,Sheep pox and goat pox
Birds,0,0,0,Virus,Mexico,18.758571,-100.876535,March,Summer,120,Backyard,Highly pathogenic avian influenza
Swine,0,0,0,Virus,China (People's Rep. of),33.7986,118.6736,January,Winter,68969,Farm,African swine fever
Wild boar,1,0,0,Virus,Russia,49.802529,41.062487,May,Summer,0,Forest,African swine fever
Equidae,0,0,0,Virus,Germany,49.33,8.75,August,Monsoon,35,Farm,West Nile Fever
Goats,0,0,0,Virus,Bulgaria,42.23,24.9391,July,Monsoon,13,Farm,Sheep pox and goat pox
Birds,0,1,0,Virus,Bulgaria,41.79,25.5769,March,Summer,1031,Backyard,Newcastle disease
Birds,0,0,0,Virus,Chile,-32.866,-71.1509,July,Monsoon,59554,Farm,Influenza A virus
Mustelidae,0,0,0,Virus,Spain,42.9109,-8.7384,July,Monsoon,13100,Farm,SARS-CoV-2 in animals
Sheep/goats (mixed herd),0,0,0,Virus,Gabon,-0.8427,14.2714,September,Monsoon,90,Village,Peste des petits ruminants
Cattle,0,0,0,Virus,Algeria,36.1027,2.0766,September,Monsoon,7083,Farm,Foot and mouth disease
Birds,0,1,0,Virus,Philippines,11.5788747,122.717935,November,Post-Monsoon,388,Farm,Highly pathogenic avian influenza
Swine,0,0,0,Virus,Peru,-12.530881,-76.721015,December,Winter,14783,Farm,Porcine reproductive and respiratory syndrome
Cattle,0,0,0,Virus,Egypt,30.491,31.6918,February,Winter,1648,Farm,Foot and mouth disease
Birds,0,0,0,Virus,Slovakia,48.59143,21.061641,April,Summer,366,Backyard,Highly pathogenic avian influenza
Mallard,1,0,0,Virus,Slovakia,48.889491,18.120098,March,Summer,0,Other,Highly pathogenic avian influenza
Cattle,0,0,0,Virus,South Africa,-24.7,31.3,May,Summer,110176,Village,Foot and mouth disease
Swine,0,0,0,Virus,Moldova,47.32,27.74,July,Monsoon,6278,Farm,African swine fever
Birds,0,0,0,Virus,Luxembourg,49.89633,5.89432,May,Summer,50,Backyard,Avian infectious laryngotracheitis
Birds,0,1,0,Virus,China (People's Rep. of),27.37166,111.93861,January,Winter,7850,Farm,Highly pathogenic avian influenza
Goats,0,0,0,Virus,China (People's Rep. of),42.8193,93.5121,March,Summer,390,Other,Peste des petits ruminants
Birds,0,1,0,Virus,Moldova,47.89,28.86,January,Winter,72,Backyard,Highly pathogenic avian influenza
Dogs,0,0,0,Virus,Armenia,40.0833,43.9909,September,Monsoon,1,Village,Rabies
Sheep,0,0,0,Bacterium,Azerbaijan,39.88471,47.817269,September,Monsoon,471,Farm,Anthrax
Sheep,0,0,0,Virus,Bulgaria,42.6871,25.3287,July,Monsoon,1113,Farm,Sheep pox and goat pox
White-tailed Eagle,1,0,0,Virus,Finland,60.294658242,22.65633008,April,Summer,0,Not applicable,Highly pathogenic avian influenza
Birds,0,0,0,Virus,Myanmar,20.8533,99.9373,December,Winter,37506,Village,Highly pathogenic avian influenza
Cattle,0,0,0,Virus,France,41.39,9.15,October,Post-Monsoon,17568,Farm,Bluetongue
Cattle,0,0,0,Virus,China (People's Rep. of),27.09386,116.250072,June,Monsoon,25,Backyard,Lumpy skin disease
Sheep,0,0,0,Virus,Germany,51.45,10.19,August,Monsoon,40,Farm,Bluetongue
Birds,0,1,0,Virus,Netherlands,53.26,6.13,December,Winter,27681,Farm,Highly pathogenic avian influenza
Equidae,0,0,0,Virus,Eswatini,-26.485693,31.191971,March,Summer,46,Farm,African horse sickness
Goats,0,0,0,Virus,Turkey,37.65875136,28.1222856,November,Post-Monsoon,26,Farm,Bluetongue
Cattle,0,0,0,Bacterium,Spain,39.211202,-7.1561619,October,Post-Monsoon,103,Farm,Anthrax
Pacific whiteleg shrimp,1,0,1,Virus,Brazil,-4.56,-37.77,February,Winter,5600000,Pond,White spot disease
Swine,0,0,0,Virus,Hong Kong,22.48565,114.0061,December,Winter,2378,Farm,African swine fever
Laridae (unidentified),1,0,0,Virus,Germany,54.609167,8.904444,October,Post-Monsoon,0,Not applicable,Highly pathogenic avian influenza
Birds,0,1,0,Virus,Chinese Taipei,22.51758611,120.54351944,January,Winter,3136,Farm,Highly pathogenic avian influenza
Wild boar,1,0,0,Virus,Moldova,45.78217,28.28163,November,Post-Monsoon,0,Forest,African swine fever
Equidae,0,0,0,Virus,Greece,40.8206,22.0844,June,Monsoon,829,Farm,Equine infectious anaemia
Camelidae,0,0,0,Virus,Germany,52.44,7.3,June,Monsoon,4,Farm,Bluetongue
Birds,0,0,0,Virus,Mexico,21.3333,-101.95911,August,Monsoon,7865285,Farm,Highly pathogenic avian influenza
American wigeon,1,0,0,Virus,Canada,49.03601,-122.2455,February,Winter,0,Not applicable,Highly pathogenic avian influenza
Bees,0,1,0,Bacterium,Czech Republic,50.6751,15.8441,August,Monsoon,18,Apiary,European foulbrood of honey bees
Equidae,0,0,0,Virus,Hungary,47.1745,20.19146,September,Monsoon,0,Other,Equine infectious anaemia
Birds,0,1,0,Virus,India,23.6292,86.1382,February,Winter,6261,Farm,Highly pathogenic avian influenza
Leopard Cat,1,0,0,Virus,Korea (Rep. of),35.079201,126.918363,March,Summer,0,Other,Highly pathogenic avian influenza
Birds,0,1,0,Virus,Poland,53.58037,15.06903,January,Winter,328040,Farm,Highly pathogenic avian influenza
Wild boar,1,0,0,Virus,Poland,54.194722,21.37,December,Winter,0,Forest,African swine fever
Accipitridae (unidentified),1,0,0,Virus,Germany,51.9905,11.694,September,Monsoon,0,Zoo,West Nile Fever
Swine,0,0,0,Virus,China (People's Rep. of),36.46277,103.37166,May,Summer,10575,Farm,African swine fever
Accipitridae (unidentified),1,0,0,Virus,Germany,52.51,13.19,September,Monsoon,0,Not applicable,West Nile Fever
Equidae,0,0,0,Virus,Germany,53.45,10.3,September,Monsoon,4,Backyard,West Nile Fever
Sheep,0,0,0,Virus,Greece,39.0336,26.4642,January,Winter,379,Farm,Sheep pox and goat pox
Northern Goshawk,1,0,0,Virus,Sweden,59.711593,17.112894,June,Monsoon,0,Other,Highly pathogenic avian influenza
Wildlife (species unspecified),1,0,0,Virus,Cyprus,35.1085,33.8159,November,Post-Monsoon,0,Not applicable,Newcastle disease
Equidae,0,0,0,Virus,Eswatini,-26.519,31.214,May,Summer,28,Farm,African horse sickness
Cattle,0,0,0,Virus,Hong Kong,22.3833,114.2667,October,Post-Monsoon,0,Other,Lumpy skin disease
Anatidae (unidentified),1,0,0,Virus,North Macedonia,42.0163,21.3851,October,Post-Monsoon,0,Other,Highly pathogenic avian influenza
Cattle,0,0,0,Virus,Ecuador,-0.381986,-80.05066,June,Monsoon,230,Farm,Foot and mouth disease
Equidae,0,0,0,Virus,Portugal,37.1572,-8.724252,November,Post-Monsoon,30,Backyard,West Nile Fever
Swine,0,0,0,Virus,Poland,54.548321,18.157024,June,Monsoon,1310,Farm,African swine fever
Mute Swan,1,0,0,Virus,Moldova,47.16,29.22,December,Winter,0,Body of water,Highly pathogenic avian influenza
Swine,0,0,0,Virus,Russia,54.851247,37.694979,July,Monsoon,11,Backyard,Classical swine fever
Sheep,0,0,0,Prion,United States of America,34.747,-92.289,January,Winter,0,Farm,Scrapie
Goats,0,0,0,Prion,Slovenia,45.54,13.74,March,Summer,14,Farm,Scrapie
Swine,0,0,0,Virus,China (People's Rep. of),36.949,101.712,December,Winter,365,Backyard,African swine fever
Wild boar,1,0,0,Virus,Russia,52.4607,47.6962,May,Summer,0,Farm,African swine fever
Black-headed Gull,1,0,0,Virus,Hong Kong,22.382916,113.97569,January,Winter,0,Not applicable,Highly pathogenic avian influenza
Swine,0,0,0,Virus,Cote D'Ivoire,8.0227,-2.783,April,Summer,99,Farm,African swine fever
Cattle,0,0,0,Bacterium,Kazakhstan,49.517993,72.836089,October,Post-Monsoon,546,Village,Anthrax
Birds,0,1,0,Virus,Norway,68.51307,14.72709,September,Monsoon,7500,Farm,Highly pathogenic avian influenza
Birds,0,1,0,Virus,Denmark,54.862138,9.654193,July,Monsoon,38000,Farm,Highly pathogenic avian influenza
Cattle,0,0,0,Bacterium,Lesotho,-29.35,27.67,December,Winter,130,Village,Anthrax
Birds,0,1,0,Virus,Costa Rica,11.10612,-85.34491,February,Winter,84,Backyard,Newcastle disease
Birds,0,1,0,Virus,Germany,49.06,9.89,April,Summer,8901,Farm,Highly pathogenic avian influenza
Cattle,0,0,0,Bacterium,France,50.566667,2.416667,March,Summer,1188,Farm,Brucellosis
Birds,0,1,0,Virus,Laos,19.967169,102.245942,July,Monsoon,200,Farm,Low pathogenic avian influenza
Cattle,0,0,0,Virus,Namibia,-17.28148,15.25433,July,Monsoon,12541,Village,Foot and mouth disease
Barehead goby,1,0,1,Fungus,South Africa,-34.3,19.0,June,Monsoon,0,Estuary,Epizootic ulcerative syndrome
Pacific cupped oyster,0,0,1,Virus,Ireland,54.344,-8.594,June,Monsoon,0,Coastal area,Ostreid herpesvirus-1
Goats,0,0,0,Virus,Bulgaria,42.1442,26.8058,July,Monsoon,493,Farm,Peste des petits ruminants
Cattle,0,0,0,Bacterium,Kyrgyzstan,41.6875,72.0515,August,Monsoon,102,Farm,Anthrax
Birds,0,0,0,Virus,Germany,52.6753,7.6233,July,Monsoon,10104,Farm,Highly pathogenic avian influenza
Birds,0,0,0,Virus,Peru,-7.3354,-78.1697,August,Monsoon,25,Village,Newcastle disease
Mute Swan,1,0,0,Virus,Switzerland,47.624,8.682,December,Winter,0,Other,Highly pathogenic avian influenza
Cervidae,0,0,0,Bacterium,Russia,67.91,79.76,August,Monsoon,111000,Not applicable,Anthrax
Birds,0,1,0,Virus,Germany,51.81,9.8,January,Winter,116495,Farm,Highly pathogenic avian influenza
Swine,0,0,0,Virus,Tanzania,-8.568,32.147,October,Post-Monsoon,23922,Village,African swine fever
Goats,0,0,0,Virus,Tunisia,34.5356,9.305,February,Winter,30,Farm,Peste des petits ruminants
Equidae,0,0,0,Virus,Chile,-33.318431,-70.51616,April,Summer,103,Farm,Equine infectious anaemia
Sheep,0,0,0,Virus,Kazakhstan,48.13222,47.67389,June,Monsoon,13486,Farm,Sheep pox and goat pox
Birds,0,1,0,Virus,Hungary,47.59003,17.937804,November,Post-Monsoon,59560,Farm,Highly pathogenic avian influenza
Cattle,0,0,0,Virus,Russia,48.527472,134.906564,September,Monsoon,346,Farm,Lumpy skin disease
Goats,0,0,0,Virus,Greece,41.05687,23.476477,September,Monsoon,184,Farm,Sheep pox and goat pox
Birds,0,1,0,Virus,Chinese Taipei,24.94341,121.31395,December,Winter,714392,Other,Highly pathogenic avian influenza
Swine,0,0,0,Virus,Argentina,-35.125642,-58.738097,June,Monsoon,11690,Farm,Influenza A virus
Red-and-green Macaw,1,0,0,Virus,Pakistan,31.557759,74.326079,January,Winter,5,Zoo,Highly pathogenic avian influenza
Birds,0,0,0,Bacterium,United Kingdom,54.594036,-6.926751,September,Monsoon,30000,Farm,Fowl typhoid
Birds,0,1,0,Virus,Germany,54.583,8.92,November,Post-Monsoon,9870,Farm,Highly pathogenic avian influenza
Cattle,0,0,0,Virus,Albania,41.69319342,20.38898073,September,Monsoon,1138,Farm,Lumpy skin disease
Cattle,0,0,0,Virus,South Africa,-24.6,31.3,April,Summer,8888,Village,Foot and mouth disease
Birds,0,1,0,Virus,Vietnam,10.4668,106.2965,February,Winter,0,Farm,Highly pathogenic avian influenza
Birds,0,0,0,Virus,Malaysia,5.884719,102.1515994,March,Summer,15165,Backyard,Highly pathogenic avian influenza
Swine,0,0,0,Virus,South Africa,-32.7,25.6,March,Summer,34449,Farm,African swine fever
Cattle,0,0,0,Virus,China (People's Rep. of),41.59,81.53,January,Winter,1489,Farm,Foot and mouth disease
Cattle,0,0,0,Bacterium,Bangladesh,24.31136,89.31418,May,Summer,1,Village,Anthrax
Birds,0,0,0,Virus,Cabo verde,16.8432,-24.8838,November,Post-Monsoon,0,Farm,Avian infectious laryngotracheitis
Peregrin falcon,1,0,0,Virus,Sweden,56.058715,14.622207,March,Summer,0,Other,Highly pathogenic avian influenza
Rabbits,0,0,0,Virus,Sweden,57.75,11.98,June,Monsoon,3,Village,Rabbit haemorrhagic disease
Birds,0,1,0,Virus,Togo,6.2403,1.219,June,Monsoon,1500,Farm,Highly pathogenic avian influenza
Mute Swan,1,0,0,Virus,Slovenia,45.5515,13.7689,December,Winter,0,Other,Highly pathogenic avian influenza
Birds,0,1,0,Virus,France,46.858299,-0.962973,March,Summer,118666,Farm,Low pathogenic avian influenza
Birds,0,0,0,Virus,Mexico,20.810912,-102.785356,April,Summer,151132,Farm,Highly pathogenic avian influenza
Birds,0,0,0,Virus,Vietnam,15.3867,108.6382,September,Monsoon,8188,Backyard,Highly pathogenic avian influenza
Cooper's Hawk,1,0,0,Virus,Mexico,20.542223,-102.737407,November,Post-Monsoon,0,Other,Highly pathogenic avian influenza
Mandarin Duck,1,0,0,Virus,Korea (Rep. of),37.1352,127.262,November,Post-Monsoon,3197,Other,Highly pathogenic avian influenza
Imperial Eagle,1,0,0,Virus,Austria,48.262,16.4315,October,Post-Monsoon,0,Not applicable,West Nile Fever
Sheep,0,0,0,Prion,Iceland,65.863359,-18.694352,December,Winter,104,Farm,Scrapie
Sheep,0,0,0,Bacterium,Spain,39.091617,-5.55852,June,Monsoon,447,Farm,Anthrax
Swine,0,0,0,Virus,Cabo verde,16.6194,-24.3295,October,Post-Monsoon,711,Farm,African swine fever
Viverridae (unidentified),1,0,0,Virus,Chinese Taipei,21.90064,120.851091,December,Winter,0,Not applicable,Rabies
Swine,0,0,0,Virus,Georgia,42.85,41.12,July,Monsoon,400,Village,African swine fever
Birds,0,1,0,Virus,Bulgaria,41.79107,25.50184,September,Monsoon,100,Backyard,Newcastle disease
Cattle,0,0,0,Virus,Israel,32.4908496119,35.1063224316,May,Summer,127,Village,Foot and mouth disease
Bees,0,1,0,Bacterium,Peru,-6.441218,-79.718128,May,Summer,10,Apiary,European foulbrood of honey bees
Rabbits,0,0,0,Virus,Israel,31.93046,34.867949,September,Monsoon,47,Backyard,Rabbit haemorrhagic disease
Birds,0,1,0,Virus,Niger,13.5708,2.1167,February,Winter,57,Backyard,Highly pathogenic avian influenza
Cattle,0,0,0,Bacterium,Zambia,-15.0079,23.0293,November,Post-Monsoon,46500,Other,Anthrax
Cattle,0,0,0,Virus,Former Yug. Rep. of Macedonia,42.3081,22.2081,May,Summer,158,Village,Lumpy skin disease
Cattle,0,0,0,Virus,Botswana,-18.53,25.65,July,Monsoon,1300,Village,Foot and mouth disease
Equidae,0,0,0,Virus,Malaysia,5.319832,103.059028,August,Monsoon,5,Backyard,African horse sickness
Birds,0,1,0,Virus,Russia,59.247345,37.853453,July,Monsoon,490644,Farm,Highly pathogenic avian influenza
Mute Swan,1,0,0,Virus,Bosnia and Herzegovina,45.147559,17.249574,October,Post-Monsoon,0,Other,Highly pathogenic avian influenza
Wild boar,1,0,0,Virus,Ukraine,45.6496,28.7143,August,Monsoon,0,Farm,African swine fever
Sheep,0,0,0,Virus,Bulgaria,42.1872,24.9242,July,Monsoon,62,Farm,Sheep pox and goat pox
Dogs,0,0,0,Virus,France,48.609911,2.4843838,October,Post-Monsoon,35,Other,Rabies
Dogs,0,0,0,Parasite,Ireland,52.6408,-8.608,May,Summer,0,Other,Leishmaniosis
Anatidae (unidentified),1,0,0,Virus,Iceland,64.13111,-21.7812,October,Post-Monsoon,0,Not applicable,Highly pathogenic avian influenza
Birds,0,0,0,Virus,Bulgaria,43.2,23.54,August,Monsoon,548,Farm,Newcastle disease
Wild boar,1,0,0,Virus,Czech Republic,49.1449449,17.435122,November,Post-Monsoon,0,Forest,African swine fever
Wildlife (species unspecified),1,0,0,Virus,Israel,32.6414387162,35.118946512,August,Monsoon,265,Not applicable,Newcastle disease
Birds,0,1,0,Virus,United States of America,37.1959,-94.3555,April,Summer,39000,Farm,Low pathogenic avian influenza
Swine,0,0,0,Virus,Russia,57.068697,33.624516,July,Monsoon,55,Backyard,African swine fever
Red Fox,1,0,0,Virus,Slovakia,49.261908,20.828124,December,Winter,0,Not applicable,Rabies
Mallard,1,0,0,Virus,Romania,46.9319,26.3431,March,Summer,0,Natural park,Highly pathogenic avian influenza
Swine,0,0,0,Virus,Russia,55.080828,32.254468,July,Monsoon,301,Backyard,African swine fever
Birds,0,1,0,Virus,Russia,55.973139,44.661748,May,Summer,14,Backyard,Newcastle disease
Cattle,0,0,0,Bacterium,Lesotho,-29.6159,28.802,October,Post-Monsoon,156,Backyard,Anthrax
Birds,0,0,0,Virus,Portugal,38.740551,-8.803278,November,Post-Monsoon,79,Backyard,Highly pathogenic avian influenza
Equidae,0,0,0,Virus,Mongolia,46.0636,103.5145,July,Monsoon,0,Farm,Equine influenza
Birds,0,1,0,Virus,Chile,-36.7919,-72.7386,March,Summer,455113,Farm,Highly pathogenic avian influenza
Dogs,0,0,0,Virus,Melilla,35.282557,-2.94317,November,Post-Monsoon,0,Other,Rabies
Goats,0,0,0,Virus,Mongolia,46.4093,113.4711,May,Summer,0,Farm,Sheep pox and goat pox
Birds,0,1,0,Virus,Poland,52.12597,19.044864,September,Monsoon,1677,Farm,Highly pathogenic avian influenza
Birds,0,1,0,Virus,Germany,53.45,11.69,March,Summer,30112,Farm,Highly pathogenic avian influenza
Equidae,0,0,0,Virus,Germany,50.02,8.86,May,Summer,7,Farm,Equine infectious anaemia
Sheep,0,0,0,Prion,Israel,32.4926451432,35.0967451043,January,Winter,242,Village,Scrapie
Cattle,0,0,0,Parasite,El Salvador,13.7049,-87.9774,December,Winter,11,Farm,New world screwworm
Birds,0,1,0,Virus,Moldova,47.8317,29.0075,January,Winter,203,Backyard,Highly pathogenic avian influenza
Swine,0,0,0,Virus,Chad,9.6294,15.5132,July,Monsoon,1042,Farm,African swine fever
Wild boar,1,0,0,Virus,Germany,49.75,8.84,December,Winter,0,Forest,African swine fever
Birds,0,1,0,Virus,Germany,54.44,13.21,February,Winter,138667,Farm,Highly pathogenic avian influenza
Impala,1,0,0,Bacterium,Zimbabwe,-21.595,32.0012,July,Monsoon,0,Natural park,Anthrax
Wild boar,1,0,0,Virus,Latvia,57.06445,22.40198,December,Winter,0,Forest,African swine fever
Cattle,0,0,0,Virus,China (People's Rep. of),37.9,106.55,March,Summer,1951,Village,Foot and mouth disease
Birds,0,0,0,Parasite,Guatemala,14.9679,-89.4905,August,Monsoon,81,Farm,New world screwworm
Common carp,0,0,1,Virus,Italy,45.363869,12.136219,April,Summer,3288,Farm,Koi herpesvirus
Birds,0,1,0,Virus,Bhutan,26.816805,89.163818,July,Monsoon,3998,Village,Highly pathogenic avian influenza
Wild boar,1,0,0,Virus,Russia,52.734584,50.538146,September,Monsoon,0,Village,African swine fever
Cattle,0,0,0,Virus,China (People's Rep. of),36.73,101.2,July,Monsoon,4489,Village,Foot and mouth disease
Eurasian buzzard (common buzzard),1,0,0,Virus,Denmark,55.9588,11.7773,January,Winter,0,Not applicable,Highly pathogenic avian influenza
Sheep,0,0,0,Virus,Mongolia,47.9785,110.0225,May,Summer,795,Farm,Sheep pox and goat pox
Black-headed Gull,1,0,0,Virus,Israel,33.0706,35.1346,February,Winter,0,Other,Highly pathogenic avian influenza
Birds,0,1,0,Virus,Sweden,57.483004,18.221134,June,Monsoon,1900,Farm,Highly pathogenic avian influenza
Maxima clam,1,0,1,Parasite,United States of America,40.217,-74.763,May,Summer,10,Other,Perkinsus olseni
Birds,0,0,0,Virus,China (People's Rep. of),32.43,119.57,August,Monsoon,249859,Farm,Highly pathogenic avian influenza
Goats,0,0,0,Virus,United Kingdom,54.85,-6.68,September,Monsoon,6,Farm,Caprine arthritis/encephalitis
Birds,0,1,0,Virus,Hungary,46.4804,19.9678,December,Winter,161523,Farm,Highly pathogenic avian influenza
Sheep,0,0,0,Virus,Greece,39.3,26.33,January,Winter,159,Farm,Sheep pox and goat pox
Sheep,0,0,0,Virus,South Africa,-29.2,24.7,April,Summer,600,Farm,Rift Valley fever
Birds,0,1,0,Virus,Chinese Taipei,23.889611,120.33874,September,Monsoon,18000,Farm,Low pathogenic avian influenza
Wild boar,1,0,0,Virus,Ukraine,49.5346,34.8676,March,Summer,0,Farm,African swine fever
Birds,0,0,0,Virus,India,30.29,76.35,October,Post-Monsoon,43,Village,Highly pathogenic avian influenza
Rabbits,0,0,0,Virus,United States of America,38.5437,-76.611,January,Winter,4,Not applicable,Rabbit haemorrhagic disease
Birds,0,1,0,Virus,Portugal,40.435556,-8.748611,July,Monsoon,271,Other,Newcastle disease
Common magpie,1,0,0,Virus,Bulgaria,42.45025,27.39785,April,Summer,0,Forest,Highly pathogenic avian influenza
Birds,0,0,0,Virus,Greece,37.42,22.23,January,Winter,20500,Farm,Newcastle disease
Birds,0,1,0,Virus,Albania,41.330729,19.537997,March,Summer,68886,Farm,Highly pathogenic avian influenza
Swine,0,0,0,Virus,China (People's Rep. of),28.94,121.625,October,Post-Monsoon,4144,Farm,African swine fever
Birds,0,1,0,Virus,United Kingdom,53.93,-0.34,February,Winter,48000,Farm,Highly pathogenic avian influenza
Dogs,0,0,0,Parasite,Honduras,16.324274,-86.505368,May,Summer,1,Other,New world screwworm
Common Teal,1,0,0,Virus,Israel,33.0511,35.6089,January,Winter,0,Body of water,Highly pathogenic avian influenza
Equidae,0,0,0,Virus,Former Yug. Rep. of Macedonia,42.225201,21.468777,July,Monsoon,19,Village,Equine infectious anaemia
Birds,0,1,0,Virus,Poland,50.464244,18.650741,November,Post-Monsoon,193872,Farm,Highly pathogenic avian influenza
Black-faced spoonbill,1,0,0,Virus,Hong Kong,22.468785,114.01066,December,Winter,0,Not applicable,Highly pathogenic avian influenza
Birds,0,1,0,Virus,United Kingdom,54.17,-1.4,April,Summer,214792,Farm,Highly pathogenic avian influenza
Wild boar,1,0,0,Virus,France,49.181,3.049,May,Summer,692,Farm,Aujeszky's disease
Greater White-fronted Goose,1,0,0,Virus,Germany,51.78,14.64,January,Winter,0,Not applicable,Highly pathogenic avian influenza
Wild boar,1,0,0,Virus,Ukraine,48.966,29.2996,July,Monsoon,0,Forest,African swine fever
Birds,0,1,0,Virus,Poland,53.795418,19.147597,April,Summer,431293,Backyard,Highly pathogenic avian influenza
Equidae,0,0,0,Bacterium,Lebanon,34.2056,36.3478,August,Monsoon,82,Farm,Glanders
Accipitridae (unidentified),1,0,0,Virus,Germany,52.63,13.37,October,Post-Monsoon,32,Farm,West Nile Fever
Birds,0,1,0,Virus,China (People's Rep. of),36.255,111.561,March,Summer,6374,Backyard,Highly pathogenic avian influenza
Wildlife (species unspecified),1,0,0,Virus,Australia,-37.7998,144.9298,January,Winter,0,Not applicable,Newcastle disease
Equidae,0,0,0,Virus,Cameroon,10.339595,13.562534,March,Summer,3632,Not applicable,African horse sickness
Birds,0,0,0,Virus,Chinese Taipei,23.801583,120.235143,August,Monsoon,0,Other,Highly pathogenic avian influenza
Cattle,0,0,0,Virus,Korea (Rep. of),37.594678,127.111254,March,Summer,425,Farm,Foot and mouth disease
Birds,0,1,0,Virus,Australia,-35.741,143.9262,August,Monsoon,5099,Farm,Low pathogenic avian influenza
Swine,0,0,0,Virus,Ukraine,47.1192,30.5075,December,Winter,41,Other,African swine fever
Razorbill,1,0,0,Virus,Latvia,57.373142,21.512606,August,Monsoon,0,Not applicable,Highly pathogenic avian influenza
Equidae,0,1,0,Virus,Sudan,11.6682,24.9639,April,Summer,1230,Village,Equine influenza
Dogs,0,0,0,Virus,Armenia,39.1889,46.4161,March,Summer,1,Backyard,Rabies
Cattle,0,0,0,Virus,Libya,32.681454,13.427934,January,Winter,220,Farm,Foot and mouth disease
Birds,0,1,0,Virus,Netherlands,53.36703,6.83418,February,Winter,5436770,Farm,Highly pathogenic avian influenza
Cattle,0,0,0,Virus,Russia,53.46,135.0,December,Winter,4,Not applicable,Foot and mouth disease
Common redpoll,1,0,0,Virus,Israel,32.4114280156,35.0373150588,July,Monsoon,6,Farm,Foot and mouth disease
Cattle,0,0,0,Virus,Algeria,36.7865,3.0139,May,Summer,1251,Farm,Foot and mouth disease
Cattle,0,0,0,Bacterium,Gambia,13.53,-14.77,August,Monsoon,400,Village,Contagious bovine pleuropneumonia
Birds,0,1,0,Virus,Romania,45.1413,29.0316,November,Post-Monsoon,20,Village,Low pathogenic avian influenza
Cattle,0,0,0,Bacterium,Spain,38.9635,-3.9356,August,Monsoon,339,Farm,Anthrax
Wild boar,1,0,0,Virus,Russia,49.803519,42.521625,November,Post-Monsoon,0,Forest,African swine fever
Birds,0,1,0,Virus,Cote D'Ivoire,5.354455,-4.258067,July,Monsoon,176778,Farm,Highly pathogenic avian influenza
Wildlife (species unspecified),1,0,0,Virus,Ukraine,44.498,33.6,February,Winter,0,Not applicable,Highly pathogenic avian influenza
Birds,0,1,0,Virus,Russia,47.307698,39.096901,October,Post-Monsoon,2739963,Farm,Highly pathogenic avian influenza
Birds,0,0,0,Virus,Vietnam,18.8863,105.5699,February,Winter,40750,Backyard,Highly pathogenic avian influenza
Birds,0,1,0,Virus,Netherlands,52.134722,5.600556,March,Summer,26573,Farm,Low pathogenic avian influenza
Common carp,0,0,1,Virus,Iraq,33.45828,44.2569,November,Post-Monsoon,408000,River system,Koi herpesvirus
Swine,0,0,0,Virus,Poland,51.579739,19.575273,June,Monsoon,356,Farm,African swine fever
Accipitridae (unidentified),1,0,0,Virus,Germany,50.99,11.29,March,Summer,0,Not applicable,Highly pathogenic avian influenza
Cattle,0,0,0,Prion,Netherlands,51.61,5.68,October,Post-Monsoon,163,Farm,Bovine spongiform encephalopathy
Cattle,0,0,0,Virus,Russia,50.008163,118.53433,March,Summer,207,Backyard,Foot and mouth disease
Cattle,0,0,0,Virus,Russia,50.517803,128.874026,February,Winter,45,Backyard,Lumpy skin disease
Birds,0,0,0,Virus,Ukraine,51.0717,34.213,January,Winter,399,Village,Highly pathogenic avian influenza
Dogs,0,0,0,Virus,Armenia,40.8662,45.4959,August,Monsoon,4,Backyard,Rabies
Goats,0,0,0,Virus,Egypt,31.1993,30.8739,April,Summer,4,Backyard,Sheep pox and goat pox
Birds,0,1,0,Virus,Cambodia,12.287082,104.468312,July,Monsoon,10160,Village,Highly pathogenic avian influenza
Birds,0,1,0,Virus,Poland,54.3108,16.29178,December,Winter,509,Farm,Newcastle disease
Black Swan,1,0,0,Virus,North Macedonia,41.83136,20.97234,November,Post-Monsoon,0,Backyard,Highly pathogenic avian influenza
Birds,0,1,0,Virus,India,29.342658,79.57608,August,Monsoon,21449,Backyard,Highly pathogenic avian influenza
Falcated Duck,1,0,0,Virus,Korea (Rep. of),37.648788,127.005676,February,Winter,0,Other,Highly pathogenic avian influenza
Equidae,0,0,0,Bacterium,Brazil,-23.61416,-46.53277,August,Monsoon,33,Village,Glanders
Eurasian buzzard (common buzzard),1,0,0,Virus,Italy,40.39609,18.29576,January,Winter,0,Other,Highly pathogenic avian influenza
Birds,0,0,0,Virus,Serbia,45.43,19.81,May,Summer,19264,Village,Newcastle disease
Wild boar,1,0,0,Virus,Russia,56.389204,40.967792,October,Post-Monsoon,0,Forest,African swine fever
Mustelidae,0,0,0,Virus,Spain,43.2131,-8.201,June,Monsoon,9874,Farm,SARS-CoV-2 in animals
Cattle,0,0,0,Virus,Spain,39.9243777,-5.9282678,October,Post-Monsoon,586,Farm,Bluetongue
Wild boar,1,0,0,Virus,Romania,45.9677,27.9949,February,Winter,0,Natural park,African swine fever
Birds,0,1,0,Virus,Slovakia,48.21,17.53,January,Winter,5665,Farm,Highly pathogenic avian influenza
Cattle,0,0,0,Virus,Germany,50.0,6.2,November,Post-Monsoon,305,Farm,Bluetongue
Birds,0,0,0,Virus,Belgium,50.97,3.31,February,Winter,16,Backyard,Highly pathogenic avian influenza
Birds,0,1,0,Virus,Netherlands,53.24,5.54,March,Summer,22273,Farm,Low pathogenic avian influenza
Birds,0,1,0,Virus,Poland,51.559776,18.212755,July,Monsoon,116053,Farm,Highly pathogenic avian influenza
Northern Goshawk,1,0,0,Virus,Norway,58.45061,8.77808,October,Post-Monsoon,0,Other,Highly pathogenic avian influenza
Sheep,0,0,0,Virus,Spain,36.6538762,-4.6385031,October,Post-Monsoon,366,Farm,Bluetongue
Goats,0,0,0,Virus,China (People's Rep. of),33.35,83.75,September,Monsoon,0,Village,Peste des petits ruminants
Cattle,0,0,0,Virus,Namibia,-20.98479,20.8479,January,Winter,580,Village,Lumpy skin disease
Birds,0,1,0,Virus,Ireland,54.346944,-6.962346,December,Winter,211154,Farm,Highly pathogenic avian influenza
Cattle,0,0,0,Virus,Oman,17.052267,54.192993,January,Winter,5100,Other,Foot and mouth disease
Birds,0,1,0,Virus,Hungary,46.918638,19.470804,June,Monsoon,2947612,Farm,Highly pathogenic avian influenza
Cattle,0,0,0,Bacterium,Serbia,43.207428,19.91787,July,Monsoon,1,Farm,Anthrax
Swine,0,0,0,Virus,Russia,54.189249,34.337436,October,Post-Monsoon,14258,Farm,African swine fever
Swine,0,0,0,Virus,China (People's Rep. of),23.500833,111.239722,May,Summer,454,Slaughterhouse,Foot and mouth disease
Swine,0,0,0,Virus,Hong Kong,22.4189,114.0229,February,Winter,3989,Farm,African swine fever
Birds,0,1,0,Virus,France,43.8336,-0.177778,January,Winter,11595,Farm,Low pathogenic avian influenza
Cygnus (unidentified),1,0,0,Virus,Moldova,47.1521,29.1279,December,Winter,0,Body of water,Highly pathogenic avian influenza
Swine,0,0,0,Virus,Moldova,47.13,28.38,July,Monsoon,39,Backyard,African swine fever
Corvidae (unidentified),1,0,0,Virus,Japan,43.0619,141.3544,April,Summer,0,Not applicable,Highly pathogenic avian influenza
Birds,0,0,0,Virus,Vietnam,16.2652,107.7688,April,Summer,13010,Backyard,Highly pathogenic avian influenza
Rainbow trout,0,0,1,Virus,Italy,45.858281,10.145031,February,Winter,0,Pond,Viral haemorrhagic septicaemia
Cattle,0,0,0,Bacterium,France,45.227623,2.599865,August,Monsoon,631,Farm,Anthrax
Dorcas gazelle,1,0,0,Virus,Senegal,16.0643411,-16.4496228,September,Monsoon,36,Other,Rift Valley fever
Orange River mudfish,1,0,1,Fungus,South Africa,-29.99,24.74,April,Summer,0,Reservoir,Epizootic ulcerative syndrome
Equidae,0,0,0,Virus,Netherlands,51.65196,5.34393,March,Summer,1,Farm,Equine infectious anaemia
Birds,0,1,0,Virus,Romania,45.734096,25.458326,January,Winter,224549,Farm,Highly pathogenic avian influenza
Birds,0,1,0,Virus,India,23.39791,85.338741,May,Summer,3622,Farm,Highly pathogenic avian influenza
Birds,0,0,0,Virus,Italy,45.93009,12.67074,November,Post-Monsoon,61,Farm,Newcastle disease
Wild boar,1,0,0,Virus,Ukraine,48.1989,25.8037,February,Winter,0,Forest,African swine fever
Cattle,0,0,0,Virus,Malawi,-16.5833,35.1333,January,Winter,9500,Village,Foot and mouth disease
Wild boar,1,0,0,Virus,Moldova,46.87,29.28,August,Monsoon,0,Forest,African swine fever
Dogs,0,0,0,Virus,Armenia,40.1397,44.0371,September,Monsoon,1,Village,Rabies
Buffaloes,0,0,0,Virus,Cambodia,12.210822,106.877601,July,Monsoon,20,Village,Lumpy skin disease
Wild boar,1,0,0,Virus,Myanmar,20.7719,99.8472,August,Monsoon,5,Village,African swine fever
Tilapia,0,0,1,Virus,Malaysia,3.01684,102.09063,October,Post-Monsoon,899000,Pond,Tilapia lake virus disease
Birds,0,1,0,Virus,United Kingdom,56.71,-3.42,December,Winter,71,Farm,Highly pathogenic avian influenza
Birds,0,1,0,Virus,Portugal,38.898732,-9.400721,January,Winter,55773,Farm,Highly pathogenic avian influenza
Bees,0,0,0,Bacterium,Norway,58.53,7.72,June,Monsoon,237,Apiary,Melissococcus plutonius
Sheep,0,0,0,Virus,Azerbaijan,40.086273,48.840396,January,Winter,333,Farm,Sheep pox and goat pox
Northern Gannet,1,0,0,Virus,Portugal,39.364765,-9.343684,June,Monsoon,0,Other,Highly pathogenic avian influenza
Common carp,0,0,1,Virus,Norway,60.3006,5.2815,July,Monsoon,20,Pond,Koi herpesvirus
Birds,0,0,0,Virus,India,24.1,88.16,January,Winter,200481,Village,Highly pathogenic avian influenza
Northern Goshawk,1,0,0,Virus,Finland,60.22175,25.01456,January,Winter,0,Not applicable,Highly pathogenic avian influenza
Cattle,0,0,0,Virus,Belgium,49.72564,5.78715,February,Winter,4172,Farm,Bluetongue
Birds,0,1,0,Virus,Poland,52.60327,18.6911,January,Winter,376709,Farm,Newcastle disease
Cattle,0,0,0,Prion,Denmark,54.8731,10.3999,November,Post-Monsoon,116,Farm,Bovine spongiform encephalopathy
Cattle,0,0,0,Virus,Botswana,-19.87242,22.39808,October,Post-Monsoon,167982,Village,Foot and mouth disease
Mute Swan,1,0,0,Virus,China (People's Rep. of),37.734981,119.035344,January,Winter,249,Natural park,Highly pathogenic avian influenza
Anatidae (unidentified),1,0,0,Virus,Germany,50.28,10.93,October,Post-Monsoon,0,Not applicable,Highly pathogenic avian influenza
Cattle,0,0,0,Virus,Chinese Taipei,24.44647222,118.33933333,May,Summer,177,Village,Foot and mouth disease
Equidae,0,0,0,Virus,Eswatini,-26.513987,31.269146,April,Summer,123,Farm,African horse sickness
Sheep,0,0,0,Virus,Palestine,31.3702,35.1043,October,Post-Monsoon,70,Farm,Bluetongue
Cattle,0,0,0,Bacterium,Azerbaijan,41.471435,46.528302,June,Monsoon,3,Backyard,Anthrax
Swine,0,0,0,Virus,Romania,47.1122,25.9626,November,Post-Monsoon,87,Farm,Aujeszky's disease
Whooper Swan,1,0,0,Virus,Romania,44.150167,28.650167,December,Winter,0,Other,Highly pathogenic avian influenza
Cats,0,0,0,Virus,Israel,31.5631335013,34.7660592349,March,Summer,50,Village,Highly pathogenic avian influenza
Birds,0,0,0,Virus,Israel,32.8756515488,35.4520885659,May,Summer,3627558,Village,Newcastle disease
North African catfish,1,0,1,Fungus,Malawi,-10.9278,33.9978,April,Summer,1000,River system,Aphanomyces invadans
Birds,0,0,0,Virus,Korea (Dem People's Rep. of),38.978,125.675,April,Summer,226000,Farm,Highly pathogenic avian influenza
Cattle,0,0,0,Virus,Russia,50.184043,127.740343,October,Post-Monsoon,2466,Farm,Lumpy skin disease
Birds,0,0,0,Virus,Myanmar,21.672895,100.018669,March,Summer,300,Livestock market,Highly pathogenic avian influenza
Dogs,0,0,0,Virus,Liberia,6.135322,-10.138535,November,Post-Monsoon,2,Other,Rabies
Equidae,0,0,0,Bacterium,United Kingdom,51.9095,-0.2326,July,Monsoon,23,Farm,Contagious equine metritis
Birds,0,1,0,Virus,Hungary,46.479115,20.231791,April,Summer,214481,Farm,Highly pathogenic avian influenza
Birds,0,1,0,Virus,Hungary,47.09462,19.94228,March,Summer,3482,Farm,Highly pathogenic avian influenza
Birds,0,1,0,Virus,Sweden,59.120644,14.873169,October,Post-Monsoon,7500,Farm,Newcastle disease
Swine,0,0,0,Virus,Moldova,48.07,27.28,June,Monsoon,7,Backyard,African swine fever
Equidae,0,0,0,Virus,Hungary,46.467616,18.453205,July,Monsoon,34,Farm,Equine infectious anaemia
Cattle,0,0,0,Bacterium,South Sudan (Rep. of),7.6968,28.0088,July,Monsoon,560,Village,Anthrax
Equidae,0,0,0,Virus,Germany,51.27,11.24,September,Monsoon,17,Backyard,West Nile Fever
Wild boar,1,0,0,Virus,Moldova,47.7765,27.26862,April,Summer,0,Forest,African swine fever
Rainbow trout,0,0,1,Virus,Czech Republic,49.36879,16.01604,May,Summer,7186,Reservoir,Infectious haematopoietic necrosis virus
Birds,0,1,0,Virus,Germany,48.5,7.83,May,Summer,1883,Backyard,Highly pathogenic avian influenza
Wild boar,1,0,0,Virus,Poland,50.394668,19.187401,December,Winter,0,Not applicable,African swine fever
Swine,0,0,0,Virus,Ukraine,49.8949,28.6102,April,Summer,67,Farm,African swine fever
Cattle,0,0,0,Bacterium,Belgium,51.045467,4.011882,October,Post-Monsoon,14,Farm,Mycobacterium tuberculosis complex
Cattle,0,0,0,Virus,Montenegro,42.6111,19.1326,December,Winter,4,Farm,Bluetongue
Swine,0,0,0,Virus,China (People's Rep. of),25.3926,98.651,November,Post-Monsoon,2185,Farm,African swine fever
Cats,0,0,0,Virus,United Kingdom,51.353,-0.493,May,Summer,2,Not applicable,SARS-CoV-2 in animals
Birds,0,1,0,Virus,Spain,37.2274,-4.9209,February,Winter,1183218,Farm,Highly pathogenic avian influenza
Accipitridae (unidentified),1,0,0,Virus,Germany,49.306,8.49,December,Winter,0,Not applicable,Highly pathogenic avian influenza
Pacific cupped oyster,0,0,1,Virus,United Kingdom,49.174872,-2.015978,July,Monsoon,9000000,Farm,Ostreid herpesvirus-1
Cattle,0,0,0,Virus,Greece,40.2805592,22.5058399,August,Monsoon,2500,Farm,Bluetongue
Swine,0,0,0,Virus,China (People's Rep. of),34.77582,112.01782,March,Summer,364,Farm,African swine fever
Swine,0,0,0,Virus,China (People's Rep. of),35.5986,112.9908,December,Winter,37477,Farm,African swine fever
Swine,0,0,0,Virus,Ukraine,48.2833,26.0038,June,Monsoon,13,Other,African swine fever
Red Knot,1,0,0,Virus,Denmark,55.0851,8.5649,April,Summer,0,Not applicable,Highly pathogenic avian influenza
Accipitridae (unidentified),1,0,0,Virus,Germany,51.46,14.02,October,Post-Monsoon,2,Farm,West Nile Fever
Equidae,0,0,0,Virus,Egypt,23.3335,32.9514,August,Monsoon,3538,Not applicable,Equine influenza
Swine,0,0,0,Virus,Myanmar,24.25496,97.34355,February,Winter,365,Farm,African swine fever
Swine,0,0,0,Virus,Ukraine,48.740876,37.508368,March,Summer,175,Backyard,African swine fever
Birds,0,1,0,Virus,Italy,45.255374,11.323602,November,Post-Monsoon,150148,Farm,Highly pathogenic avian influenza
Buffaloes,0,0,0,Virus,Laos,16.9268,105.35384,May,Summer,978,Village,Lumpy skin disease
Birds,0,1,0,Virus,Israel,31.7387,34.6787,January,Winter,20671588,Farm,Newcastle disease
Cattle,0,0,0,Virus,Zimbabwe,-16.05638,31.09203,May,Summer,26472,Village,Foot and mouth disease
Birds,0,1,0,Virus,Philippines,15.116135,120.817973,February,Winter,2573,Farm,Highly pathogenic avian influenza
Birds,0,1,0,Virus,Sweden,55.394729,13.005446,November,Post-Monsoon,44000,Farm,Newcastle disease
Greylag Goose,1,1,0,Virus,France,43.474423,-1.116476,January,Winter,14,Farm,Highly pathogenic avian influenza
Common Teal,1,0,0,Virus,Italy,45.577621,9.181599,December,Winter,0,Natural park,Highly pathogenic avian influenza
Swine,0,0,0,Virus,France,43.1,-1.19,November,Post-Monsoon,466,Farm,Aujeszky's disease
Dogs,0,0,0,Virus,Kazakhstan,53.314,65.537,July,Monsoon,1,Backyard,Rabies
Cats,0,0,0,Virus,Greece,40.94,21.92,May,Summer,1,Not applicable,Rabies
Cattle,0,0,0,Prion,Spain,43.6120709,-7.8281047,July,Monsoon,68,Farm,Bovine spongiform encephalopathy
Cattle,0,0,0,Virus,Algeria,36.3962,4.2495,January,Winter,916,Farm,Foot and mouth disease
Birds,0,1,0,Virus,United States of America,37.181,-94.315,February,Winter,20000,Farm,Low pathogenic avian influenza
Hippopotamus,1,0,0,Bacterium,Malawi,-14.95306,35.28576,October,Post-Monsoon,2000,Natural park,Anthrax
Cattle,0,0,0,Virus,Algeria,33.849,2.834,November,Post-Monsoon,6,Farm,Bluetongue
Wood Duck,1,0,0,Virus,Brazil,-23.442,-47.457,July,Monsoon,0,Other,Highly pathogenic avian influenza
Swine,0,0,0,Virus,Ukraine,51.0559,34.6546,January,Winter,6915,Farm,African swine fever
Atlantic salmon,1,0,1,Virus,Denmark,56.4063,10.1114,February,Winter,0,Other,Infectious salmon anaemia virus
Cattle,0,0,0,Bacterium,Norway,59.372,5.942,November,Post-Monsoon,237,Farm,Mycobacterium tuberculosis complex
Sheep,0,0,0,Bacterium,Azerbaijan,40.055311,47.458543,September,Monsoon,51,Backyard,Anthrax
Swine,0,0,0,Virus,Israel,32.838004084,35.1273026969,June,Monsoon,8173,Farm,Porcine reproductive and respiratory syndrome
Cattle,0,0,0,Virus,Bahrain,26.2127,50.5558,April,Summer,64,Farm,Foot and mouth disease
Wild boar,1,0,0,Virus,Ukraine,50.517804,29.461246,July,Monsoon,0,Forest,African swine fever
Birds,0,1,0,Virus,Botswana,-24.36,26.13,July,Monsoon,2286,Village,Newcastle disease
Birds,0,1,0,Virus,Poland,51.78404,18.425196,January,Winter,12051,Farm,Highly pathogenic avian influenza
Brown Pelican,1,0,0,Virus,Honduras,15.805,-87.5416,February,Winter,0,Other,Highly pathogenic avian influenza
Cattle,0,0,0,Bacterium,Bulgaria,41.5805,23.9668,November,Post-Monsoon,368,Farm,Brucellosis
Birds,0,1,0,Virus,United States of America,45.114,-95.036,November,Post-Monsoon,382050,Farm,Low pathogenic avian influenza
Birds,0,1,0,Virus,Vietnam,10.7722,105.5123,May,Summer,25366,Village,Highly pathogenic avian influenza
Birds,0,1,0,Virus,Germany,51.486795,10.690727,November,Post-Monsoon,2340,Farm,Low pathogenic avian influenza
Birds,0,1,0,Virus,Albania,41.355869,19.828327,January,Winter,410,Backyard,Highly pathogenic avian influenza
Cattle,0,0,0,Virus,Congo (Dem. Rep. of the),-3.2231,28.9034,May,Summer,15045,Farm,Foot and mouth disease
Cattle,0,0,0,Bacterium,Croatia,44.477455,16.088891,May,Summer,5,Farm,Anthrax
Cattle,0,0,0,Bacterium,Nigeria,12.58986,9.8261,January,Winter,38,Farm,Mycoplasma mycoides subsp. mycoides SC
Bees,0,1,0,Parasite,Canada,51.156,-100.3014,August,Monsoon,1700,Apiary,Small hive beetle infestation
Birds,0,1,0,Virus,South Africa,-34.3,21.9,May,Summer,977,Farm,Low pathogenic avian influenza
Herring Gull,1,0,0,Virus,Spain,43.1027,-8.2813,October,Post-Monsoon,0,Other,Highly pathogenic avian influenza
Equidae,0,0,0,Virus,Venezuela,7.616,-70.233,November,Post-Monsoon,21,Farm,Equine encephalomyelitis
Birds,0,0,0,Virus,Czech Republic,49.9974,15.7124,January,Winter,36,Not applicable,Newcastle disease
Birds,0,1,0,Virus,Belize,17.214964,-89.044389,February,Winter,302261,Village,Low pathogenic avian influenza
Cattle,0,0,0,Virus,Palestinian Territory,32.457572,35.229827,April,Summer,1752,Farm,Lumpy skin disease
Cattle,0,0,0,Bacterium,Romania,46.4847,27.6096,August,Monsoon,4,Village,Anthrax
Greylag Goose,1,0,0,Virus,Iceland,64.094396,-20.966731,October,Post-Monsoon,0,Not applicable,Highly pathogenic avian influenza
Cattle,0,0,0,Virus,Portugal,38.150904,-7.106192,July,Monsoon,159,Farm,Epizootic hemorrhagic disease virus
Cattle,0,0,0,Virus,China (People's Rep. of),42.1189,96.0281,March,Summer,72,Other,Foot and mouth disease
Equidae,0,0,0,Virus,Ecuador,-2.247265,-80.135728,March,Summer,26,Farm,Equine encephalomyelitis
Birds,0,1,0,Virus,United Kingdom,56.09982,-3.4454402,January,Winter,39800,Farm,Low pathogenic avian influenza
Cattle,0,0,0,Virus,United Kingdom,51.4484,-0.5539,September,Monsoon,791,Farm,Foot and mouth disease
Wild boar,1,0,0,Virus,Russia,50.2235,129.1249,November,Post-Monsoon,0,Forest,Classical swine fever
Birds,0,1,0,Virus,Hungary,47.724837,21.690693,June,Monsoon,10503,Farm,Highly pathogenic avian influenza
Birds,0,1,0,Virus,Kuwait,28.570663,48.002132,March,Summer,714443,Farm,Highly pathogenic avian influenza
Equidae,0,0,0,Virus,Italy,40.038981,8.40136,December,Winter,290,Farm,West Nile Fever
Birds,0,1,0,Virus,United Kingdom,50.11,-5.42,November,Post-Monsoon,41,Farm,Highly pathogenic avian influenza
Birds,0,1,0,Virus,Russia,52.3495,48.315277,June,Monsoon,727,Village,Newcastle disease
Wild boar,1,0,0,Virus,Hungary,47.419444,20.645833,January,Winter,0,Forest,African swine fever
Cattle,0,0,0,Virus,Slovakia,47.8049,17.6666,March,Summer,7490,Farm,Foot and mouth disease
Cattle,0,0,0,Bacterium,Lesotho,-29.1162,27.9743,April,Summer,13,Backyard,Anthrax
Cattle,0,0,0,Virus,Ecuador,-3.41489966,-79.35188579,March,Summer,25,Farm,Rabies
Birds,0,1,0,Virus,Philippines,11.146491,124.568738,March,Summer,60529,Farm,Highly pathogenic avian influenza
Goats,0,0,0,Bacterium,Ukraine,49.56,31.05,September,Monsoon,342,Farm,Anthrax
Cattle,0,0,0,Virus,South Africa,-23.4,30.6,June,Monsoon,9831,Village,Foot and mouth disease
Swine,0,0,0,Virus,Bulgaria,42.2594,24.5722,March,Summer,11,Other,African swine fever
Swine,0,0,0,Virus,Serbia,43.43,21.22,January,Winter,10830,Farm,Influenza A virus
Swine,0,0,0,Virus,Moldova,47.44,28.67,December,Winter,3,Backyard,African swine fever
Wild boar,1,0,0,Virus,Hungary,48.135967,22.502264,June,Monsoon,0,Forest,African swine fever
Equidae,0,0,0,Virus,Panama,9.1583,-79.1234,June,Monsoon,41,Farm,Venezuelan equine encephalomyelitis
Cats,0,0,0,Virus,Mexico,19.34,-99.0,July,Monsoon,9,Other,SARS-CoV-2 in animals
Peregrin falcon,1,0,0,Virus,Japan,28.3777,129.4939,April,Summer,0,Not applicable,Highly pathogenic avian influenza
Birds,0,1,0,Virus,Russia,55.961854,48.433531,June,Monsoon,484521,Farm,Highly pathogenic avian influenza
Wildlife (species unspecified),1,0,0,Virus,Poland,52.58,19.55,December,Winter,18,Village,Highly pathogenic avian influenza
Cattle,0,0,0,Prion,Slovenia,45.49989,15.33404,September,Monsoon,2,Backyard,Bovine spongiform encephalopathy
Cattle,0,0,0,Parasite,Mexico,19.273567,-101.297852,December,Winter,1,Farm,Cochliomyia hominivorax
Sheep,0,0,0,Virus,Botswana,-24.28333,26.21667,January,Winter,39,Village,Bluetongue
Gemsbok,1,0,0,Virus,Chad,14.029,18.043,September,Monsoon,171,Natural park,Rift Valley fever
Wild boar,1,0,0,Virus,Ukraine,50.6365,27.1456,October,Post-Monsoon,0,Backyard,African swine fever
Cattle,0,0,0,Bacterium,Spain,39.2235617,-5.4153948,September,Monsoon,217,Farm,Anthrax
Swine,0,0,0,Virus,Bhutan,26.914,90.1514,January,Winter,0,Backyard,African swine fever
Wild boar,1,0,0,Virus,Russia,50.290626,128.920475,January,Winter,0,Natural park,African swine fever
Birds,0,1,0,Virus,Bulgaria,42.3347,25.0803,January,Winter,803101,Farm,Highly pathogenic avian influenza
Common Raven,1,0,0,Virus,Iceland,64.83292,-22.97363,October,Post-Monsoon,0,Other,Highly pathogenic avian influenza
Wild boar,1,0,0,Virus,Ukraine,49.6937,33.4237,November,Post-Monsoon,0,Farm,African swine fever
Equidae,0,0,0,Virus,Hungary,47.5484,19.2251,July,Monsoon,31,Farm,Equine infectious anaemia
Birds,0,1,0,Virus,Netherlands,51.71,4.25,December,Winter,38677,Farm,Low pathogenic avian influenza
Cattle,0,0,0,Bacterium,Kyrgyzstan,42.5472,71.1627,July,Monsoon,2,Backyard,Anthrax
Birds,0,0,0,Virus,Germany,52.18,8.86,May,Summer,73,Forest,Highly pathogenic avian influenza
Wildlife (species unspecified),1,0,0,Virus,Russia,55.81,37.96,December,Winter,800,Farm,Classical swine fever
Birds,0,1,0,Virus,Hungary,46.48925,20.79109,May,Summer,385635,Farm,Highly pathogenic avian influenza
Birds,0,1,0,Virus,Sweden,55.403746,14.090864,November,Post-Monsoon,5100,Farm,Highly pathogenic avian influenza
Cattle,0,0,0,Bacterium,Kazakhstan,51.02,51.86,August,Monsoon,144,Farm,Anthrax
Birds,0,1,0,Virus,India,21.887572,83.407596,January,Winter,44730,Farm,Highly pathogenic avian influenza
Cattle,0,0,0,Bacterium,Romania,46.404377,28.101925,July,Monsoon,34,Backyard,Anthrax
Northern Pintail,1,0,0,Virus,Hungary,46.879439,17.899443,February,Winter,0,Forest,Highly pathogenic avian influenza
Cattle,0,0,0,Virus,South Africa,-23.6,30.8,October,Post-Monsoon,4316,Village,Foot and mouth disease
Cattle,0,0,0,Virus,Israel,32.7035945348,35.0559680702,May,Summer,69,Not applicable,Foot and mouth disease
Birds,0,1,0,Virus,Botswana,-24.88117,25.88117,October,Post-Monsoon,1265,Village,Newcastle disease
Birds,0,1,0,Virus,Netherlands,52.17,6.56,March,Summer,80152,Farm,Low pathogenic avian influenza
Cats,0,0,0,Virus,Armenia,40.112,44.5024,September,Monsoon,1,Backyard,Rabies
Wild boar,1,0,0,Virus,Ukraine,51.9,31.2419,January,Winter,0,Forest,African swine fever
Birds,0,1,0,Virus,Ukraine,48.9001,28.9558,January,Winter,116544,Farm,Highly pathogenic avian influenza
Birds,0,1,0,Virus,Hong Kong,22.343783,114.154917,January,Winter,22604,Not applicable,Low pathogenic avian influenza
Scolopacidae (unidentified),1,0,0,Virus,Germany,53.47,7.17,January,Winter,0,Not applicable,Highly pathogenic avian influenza
Cattle,0,0,0,Virus,Kazakhstan,51.2,72.59,June,Monsoon,618,Village,Foot and mouth disease
Cattle,0,0,0,Virus,Tajikistan,37.84,70.05,November,Post-Monsoon,209,Village,Foot and mouth disease
Swine,0,0,0,Virus,Ukraine,47.1773,33.4196,December,Winter,6,Backyard,African swine fever
Greylag Goose,1,0,0,Virus,Belgium,51.272329,3.101039,January,Winter,0,Other,Highly pathogenic avian influenza
Mallard,1,0,0,Virus,Pakistan,33.720231,73.108652,February,Winter,10,Other,Highly pathogenic avian influenza
Cattle,0,0,0,Bacterium,Panama,8.7765,-79.8745,October,Post-Monsoon,975,Farm,Brucellosis
Pygmy brocket,1,0,0,Virus,Brazil,-25.4501444444,-54.5499055556,March,Summer,30,Zoo,Bluetongue
Wild boar,1,0,0,Virus,Bosnia and Herzegovina,43.2053,18.3477,November,Post-Monsoon,0,Forest,African swine fever
Birds,0,0,0,Virus,Peru,-7.19,-79.52,June,Monsoon,211,Village,Newcastle disease
Cattle,0,0,0,Virus,Algeria,32.4266,1.1081,January,Winter,18,Farm,Bluetongue
Buffaloes,0,0,0,Virus,Egypt,29.5836,30.7796,June,Monsoon,118,Village,Foot and mouth disease
Cattle,0,0,0,Virus,Zambia,-9.0016,31.5554,October,Post-Monsoon,4803,Other,Foot and mouth disease
Dogs,0,0,0,Virus,Argentina,-34.6152,-58.4444,November,Post-Monsoon,1,Village,Rabies
Swine,0,0,0,Virus,Namibia,-17.51,15.6,April,Summer,210,Village,African swine fever
Birds,0,1,0,Virus,New Zealand,-45.38234,170.82806,November,Post-Monsoon,198000,Farm,Highly pathogenic avian influenza
Birds,0,1,0,Virus,Moldova,47.86,28.23,December,Winter,175,Backyard,Highly pathogenic avian influenza
Birds,0,0,0,Virus,Pakistan,34.1333,72.85,June,Monsoon,6000,Farm,Highly pathogenic avian influenza
Cattle,0,0,0,Virus,Zambia,-15.8678,27.5808,February,Winter,1448,Village,Foot and mouth disease
Cattle,0,0,0,Virus,Algeria,32.5298,3.6136,June,Monsoon,284,Farm,Lumpy skin disease
Goats,0,0,0,Virus,Cyprus,34.8576,33.5688,November,Post-Monsoon,53,Farm,Foot and mouth disease
Cattle,0,0,0,Bacterium,Namibia,-19.19,19.06,December,Winter,200,Farm,Anthrax
Swine,0,0,0,Virus,China (People's Rep. of),26.592,117.931,December,Winter,22247,Farm,African swine fever
Eurasian Sparrowhawk,1,0,0,Virus,Sweden,59.858133,17.633623,March,Summer,0,Not applicable,Highly pathogenic avian influenza
Sheep,0,0,0,Virus,Gabon,-0.6563,13.6829,July,Monsoon,58,Farm,Peste des petits ruminants
Cattle,0,0,0,Virus,Albania,40.166383,20.049987,September,Monsoon,46,Farm,Bluetongue
Birds,0,1,0,Virus,Iraq,33.212428,43.687343,November,Post-Monsoon,125000,Village,Highly pathogenic avian influenza
Cattle,0,0,0,Prion,United States of America,29.186,-82.134,August,Monsoon,1,Farm,Bovine spongiform encephalopathy
Equidae,0,0,0,Virus,Ecuador,-2.068069,-79.863379,May,Summer,148,Other,Equine encephalomyelitis
Wildlife (species unspecified),1,0,0,Virus,Hong Kong,22.32596,114.17389,June,Monsoon,1,Not applicable,Highly pathogenic avian influenza
Cape fur seal ,1,0,0,Virus,Namibia,-22.96348,14.48727,June,Monsoon,0,Other,Rabies
Sheep,0,0,0,Virus,Greece,39.2636,26.1461,January,Winter,4712,Farm,Sheep pox and goat pox
Birds,0,1,0,Virus,Vietnam,10.4036,106.6019,January,Winter,0,Farm,Highly pathogenic avian influenza
Birds,0,0,0,Virus,Czech Republic,49.918012,18.35516,December,Winter,90,Village,Newcastle disease
Sheep,0,0,0,Prion,Portugal,40.697092,-6.828066,December,Winter,341,Farm,Scrapie
European Rabbit,1,0,0,Virus,New Zealand,-41.945,173.185,April,Summer,0,Farm,Rabbit haemorrhagic disease
House Crow,1,0,0,Virus,India,23.718039,76.012809,November,Post-Monsoon,0,Not applicable,Highly pathogenic avian influenza
Equidae,0,0,0,Bacterium,Kazakhstan,42.841,71.408,April,Summer,41,Farm,Anthrax
Cattle,0,0,0,Virus,China (People's Rep. of),31.125,115.698,May,Summer,115,Backyard,Foot and mouth disease
Equidae,0,0,0,Bacterium,Afghanistan,34.5035,69.3312,June,Monsoon,1400,Village,Glanders
Birds,0,0,0,Virus,Norway,62.95742,7.10114,July,Monsoon,24,Not applicable,Avian infectious laryngotracheitis
Birds,0,1,0,Virus,Poland,50.971,17.866,December,Winter,233391,Backyard,Highly pathogenic avian influenza
Cattle,0,0,0,Bacterium,Guinea,9.0422,-8.0961,November,Post-Monsoon,816,Village,Contagious bovine pleuropneumonia
Camelidae,0,0,0,Virus,Libya,32.481963,12.940292,September,Monsoon,146,Farm,Foot and mouth disease
Wild boar,1,0,0,Virus,Latvia,56.019273,26.189094,November,Post-Monsoon,0,Forest,African swine fever
Cattle,0,0,0,Virus,Madagascar,-21.35,46.81,December,Winter,48,Farm,Rift Valley fever
Birds,0,1,0,Virus,United Kingdom,51.73,-5.04,November,Post-Monsoon,147111,Farm,Highly pathogenic avian influenza
Cattle,0,0,0,Virus,Mozambique,-16.144,39.721,May,Summer,7520,Village,Foot and mouth disease
Birds,0,1,0,Virus,Togo,6.285502,1.248623,January,Winter,11450,Farm,Highly pathogenic avian influenza
Birds,0,1,0,Virus,Bulgaria,42.2121,24.8901,May,Summer,121850,Farm,Highly pathogenic avian influenza
Swine,0,0,0,Virus,Brazil,-3.8692222222,-42.7154444444,December,Winter,65,Backyard,Classical swine fever
Birds,0,0,0,Virus,India,9.22,76.21,November,Post-Monsoon,871856,Village,Highly pathogenic avian influenza
Cattle,0,0,0,Virus,South Africa,-26.0,26.8,January,Winter,993756,Farm,Foot and mouth disease
Dogs,0,0,0,Virus,Armenia,40.1459,44.5238,May,Summer,1,Backyard,Rabies
Wild boar,1,0,0,Virus,Ukraine,48.4809,36.9646,July,Monsoon,0,Backyard,African swine fever
Birds,0,1,0,Virus,Netherlands,52.48,5.61,July,Monsoon,10968,Farm,Highly pathogenic avian influenza
Wildlife (species unspecified),1,0,0,Virus,Hong Kong,22.469557,114.009288,December,Winter,0,Natural park,Highly pathogenic avian influenza
Cattle,0,0,0,Virus,Mozambique,-26.838089,32.283288,October,Post-Monsoon,5700,Village,Foot and mouth disease
Wildlife (species unspecified),1,0,0,Virus,Sweden,58.75,17.01,March,Summer,0,Not applicable,Highly pathogenic avian influenza
Bees,0,0,0,Parasite,Australia,-32.9051,151.7239,October,Post-Monsoon,6181,Apiary,Varroa spp.
Northern Goshawk,1,0,0,Virus,Japan,34.784302,134.400923,March,Summer,0,Not applicable,Highly pathogenic avian influenza
Birds,0,1,0,Virus,India,11.2076,75.8204,March,Summer,20100,Farm,Highly pathogenic avian influenza
Cattle,0,0,0,Virus,Zambia,-8.6932,31.3118,March,Summer,6096,Village,Foot and mouth disease
Giant tiger prawn or black tiger shrimp,0,0,1,Virus,Australia,-27.17,153.12,March,Summer,0,Coastal area,White spot disease
Swine,0,0,0,Virus,Russia,57.192493,38.038527,July,Monsoon,150,Backyard,African swine fever
Wildlife (species unspecified),1,0,0,Virus,Croatia,45.060556,16.303611,November,Post-Monsoon,0,Not applicable,Classical swine fever
Birds,0,1,0,Virus,Portugal,39.160411,-9.26667,November,Post-Monsoon,1155612,Farm,Highly pathogenic avian influenza
Cattle,0,0,0,Virus,Israel,33.0506470909,35.4065418169,October,Post-Monsoon,4162,Farm,Lumpy skin disease
Wildlife (species unspecified),1,0,0,Virus,Hong Kong,22.489856,114.034098,November,Post-Monsoon,0,Natural park,Highly pathogenic avian influenza
Whooper Swan,1,0,0,Virus,Finland,61.597840841,22.86843646,May,Summer,0,Not applicable,Highly pathogenic avian influenza
Common carp,0,0,1,Virus,Croatia,45.7694,18.1742,June,Monsoon,1005700,Farm,Koi herpesvirus
Birds,0,1,0,Virus,Korea (Rep. of),36.42058,126.491193,October,Post-Monsoon,5000,Farm,Low pathogenic avian influenza
Birds,0,1,0,Virus,United States of America,38.292,-86.818,January,Winter,155405,Farm,Low pathogenic avian influenza
Hooded crane,1,0,0,Virus,Japan,32.0906,130.3532,March,Summer,0,Not applicable,Highly pathogenic avian influenza
Cattle,0,0,0,Bacterium,Serbia,45.43,20.18,June,Monsoon,22,Farm,Anthrax
Swine,0,0,0,Virus,Ukraine,50.092632,28.475424,December,Winter,480,Farm,African swine fever
Birds,0,0,0,Virus,Palestinian Territory,32.139,35.0207,February,Winter,26600,Farm,Highly pathogenic avian influenza
Birds,0,1,0,Virus,China (People's Rep. of),30.691,111.246,September,Monsoon,5337,Backyard,Highly pathogenic avian influenza
Wild boar,1,0,0,Virus,Ukraine,50.41,30.811,April,Summer,0,Forest,African swine fever
Birds,0,1,0,Virus,India,21.16137,79.04288,February,Winter,11411,Farm,Highly pathogenic avian influenza
Birds,0,1,0,Virus,Ireland,54.2093,-7.22207,November,Post-Monsoon,7916,Farm,Highly pathogenic avian influenza
Bees,0,0,0,Parasite,Australia,-19.250293,146.838051,May,Summer,0,Not applicable,Varroa spp.
Wild boar,1,0,0,Virus,Russia,53.080125,46.214773,November,Post-Monsoon,0,Backyard,African swine fever
Birds,0,1,0,Virus,Czech Republic,49.7208,14.0144,September,Monsoon,33,Backyard,Highly pathogenic avian influenza
Buffaloes,0,0,0,Virus,China (People's Rep. of),22.630538,107.144167,March,Summer,79,Other,Foot and mouth disease
Cattle,0,0,0,Virus,Algeria,36.012,5.4442,April,Summer,2,Farm,Foot and mouth disease
Swine,0,0,0,Virus,Korea (Rep. of),35.040796,128.21156,December,Winter,27381,Farm,Influenza A virus
Cattle,0,0,0,Virus,Armenia,39.1604,46.4384,December,Winter,227,Backyard,Lumpy skin disease
Birds,0,1,0,Virus,Hungary,47.68622,17.987319,January,Winter,107500,Farm,Highly pathogenic avian influenza
Swine,0,0,0,Virus,Poland,53.545722,15.220137,August,Monsoon,15162,Farm,African swine fever
Birds,0,1,0,Virus,Romania,43.904983,25.379945,October,Post-Monsoon,164,Backyard,Highly pathogenic avian influenza
Meretrix taiwanica,0,0,1,Parasite,Chinese Taipei,23.96075,120.330333,April,Summer,1800000,Pond,Perkinsus olseni
Birds,0,1,0,Virus,Germany,54.05,12.49,August,Monsoon,8961,Farm,Highly pathogenic avian influenza
Wild boar,1,0,0,Virus,Moldova,46.00936,28.167851,December,Winter,0,Backyard,African swine fever
Birds,0,0,0,Virus,Sweden,58.3383,15.5689,November,Post-Monsoon,32400,Farm,Newcastle disease
Red Fox,1,0,0,Virus,France,48.998396433,2.9767878919,February,Winter,0,Natural park,Highly pathogenic avian influenza
Sheep,0,0,0,Virus,Mongolia,46.78,110.0755,April,Summer,2747,Farm,Sheep pox and goat pox
Accipitridae (unidentified),1,0,0,Virus,Germany,52.61,13.47,August,Monsoon,0,Not applicable,West Nile Fever
Royal Tern,1,0,0,Virus,Uruguay,-34.3549,-53.6597,October,Post-Monsoon,0,Body of water,Highly pathogenic avian influenza
Birds,0,1,0,Virus,Japan,32.5821,131.6652,January,Winter,4202324,Farm,Highly pathogenic avian influenza
Dogs,0,0,0,Virus,France,45.4,4.316667,May,Summer,0,Not applicable,Rabies
Sheep,0,0,0,Bacterium,Italy,40.81798,15.10888,October,Post-Monsoon,160,Farm,Anthrax
Cattle,0,0,0,Bacterium,Liberia,5.884977,-10.038938,September,Monsoon,5,Other,Anthrax
Cattle,0,0,0,Virus,China (People's Rep. of),36.3199,117.9013,December,Winter,91,Village,Foot and mouth disease
Cattle,0,0,0,Virus,Jordan,32.1273,36.2775,January,Winter,41600,Village,Foot and mouth disease
Sheep,0,0,0,Bacterium,Spain,39.088825,-5.34124,October,Post-Monsoon,270,Farm,Anthrax
Swine,0,0,0,Virus,Ukraine,49.5631,28.3042,March,Summer,368,Farm,African swine fever
Mallard,1,0,0,Virus,Sweden,57.2923693359775,18.4975545656433,January,Winter,0,Other,Highly pathogenic avian influenza
Cattle,0,0,0,Virus,Switzerland,47.35168,7.07733,March,Summer,172,Farm,Infectious bovine rhinotracheitis/infectious pustular vulvovaginitis
Equidae,0,0,0,Virus,Germany,53.47,11.18,March,Summer,15,Farm,Equine infectious anaemia
Equidae,0,0,0,Virus,France,44.555556,4.598889,April,Summer,25,Farm,Equine infectious anaemia
Tilapia,0,0,1,Virus,Peru,-4.6125,-80.4546,November,Post-Monsoon,3713793,Reservoir,Tilapia lake virus disease
Birds,0,1,0,Virus,Vietnam,20.8009,105.7239,May,Summer,114602,Village,Highly pathogenic avian influenza
Cattle,0,0,0,Virus,Burkina Faso,11.1691,-4.2887,October,Post-Monsoon,79962,Village,Rift Valley fever
Wild boar,1,0,0,Virus,Russia,48.624238,42.84106,September,Monsoon,0,Backyard,African swine fever
Grey Heron,1,0,0,Virus,Chinese Taipei,25.117318,121.474572,March,Summer,0,Natural park,Highly pathogenic avian influenza
Greylag Goose,1,0,0,Virus,Sweden,58.6084,16.2648,December,Winter,0,Other,Highly pathogenic avian influenza
Swine,0,0,0,Virus,Russia,48.81,44.48,March,Summer,82,Farm,Classical swine fever
Birds,0,0,0,Virus,Sweden,58.66,16.18,November,Post-Monsoon,40000,Farm,Newcastle disease
Cattle,0,0,0,Virus,Portugal,41.7102,-7.4412,October,Post-Monsoon,5,Farm,Bluetongue
Birds,0,1,0,Virus,Poland,50.932906,17.785026,November,Post-Monsoon,4300,Farm,Highly pathogenic avian influenza
Birds,0,1,0,Virus,Poland,51.4712728,17.3723352,January,Winter,2100,Farm,Newcastle disease
Farmed fish (species unspecified),0,0,1,Fungus,Botswana,-17.8071,24.9454,December,Winter,0,River system,Epizootic ulcerative syndrome
Cattle,0,0,0,Virus,Saudi Arabia,26.5714,50.0468,June,Monsoon,47442,Farm,Lumpy skin disease
Wild boar,1,0,0,Virus,Russia,58.100422,30.183834,August,Monsoon,0,Backyard,African swine fever
Wood Duck,1,0,0,Virus,Switzerland,47.6646,8.9764,January,Winter,0,Body of water,Highly pathogenic avian influenza
Birds,0,1,0,Virus,Germany,50.959,11.521,December,Winter,272,Farm,Highly pathogenic avian influenza
Sheep,0,0,0,Prion,Portugal,40.7805,-7.12886,January,Winter,273,Farm,Scrapie
Birds,0,0,0,Virus,Argentina,-43.065,-64.4597,October,Post-Monsoon,814,Body of water,Highly pathogenic avian influenza
Equidae,0,0,0,Bacterium,United Kingdom,54.891,-1.6701,March,Summer,0,Farm,Contagious equine metritis
Camelidae,0,0,0,Virus,Greece,38.0617,23.6217,September,Monsoon,1,Farm,West Nile Fever
Pacific cupped oyster,0,0,1,Virus,Ireland,51.492778,-9.405,October,Post-Monsoon,0,Coastal area,Ostreid herpesvirus-1
Equidae,0,0,0,Virus,Belgium,50.420346,5.6732,June,Monsoon,46,Other,Equine infectious anaemia
Birds,0,1,0,Virus,Slovakia,47.829517,17.983497,February,Winter,37305,Farm,Highly pathogenic avian influenza
Birds,0,1,0,Virus,Chinese Taipei,25.0287,121.4941,May,Summer,15328,Slaughterhouse,Highly pathogenic avian influenza
Leporidae (unidentified),1,0,0,Virus,Cote D'Ivoire,6.062815,-3.51187,May,Summer,0,Farm,Rabbit haemorrhagic disease
Mustelidae,0,0,0,Virus,Poland,51.689607,19.818133,January,Winter,8189,Farm,SARS-CoV-2 in animals
Swine,0,0,0,Virus,Russia,51.533853,55.029788,November,Post-Monsoon,17,Backyard,African swine fever
Bees,0,1,0,Bacterium,Luxembourg,49.7798,5.93,September,Monsoon,25,Apiary,American foulbrood of honey bees
Swine,0,0,0,Bacterium,Germany,51.8507,13.531795,December,Winter,38,Farm,Brucellosis
Great Cormorant,1,0,0,Virus,North Macedonia,41.668115,22.186184,February,Winter,0,Village,Highly pathogenic avian influenza
Bees,0,1,0,Bacterium,Samoa,-13.8438,-171.7544,July,Monsoon,12,Apiary,American foulbrood of honey bees
Birds,0,0,0,Virus,Israel,32.4627779682,35.0053129119,January,Winter,43000,Farm,Highly pathogenic avian influenza
Birds,0,0,0,Virus,Ukraine,50.8976,25.2597,January,Winter,15,Backyard,Highly pathogenic avian influenza
Birds,0,0,0,Parasite,Panama,9.28953,-79.69881,June,Monsoon,57,Farm,New world screwworm
Wild boar,1,0,0,Virus,Germany,49.76,8.41,August,Monsoon,0,Forest,African swine fever
Equidae,0,1,0,Virus,Ecuador,-0.101106,-78.49428,September,Monsoon,432,Farm,Equine influenza
Eurasian buzzard (common buzzard),1,0,0,Virus,Netherlands,53.3904,6.3622,January,Winter,0,Other,Highly pathogenic avian influenza
Birds,0,0,0,Virus,India,29.1,75.43,October,Post-Monsoon,958,Village,Highly pathogenic avian influenza
Cattle,0,0,0,Virus,Russia,56.704273,51.97163,March,Summer,5978,Farm,Lumpy skin disease
Birds,0,0,0,Virus,Romania,47.3851,27.3021,February,Winter,10,Village,Newcastle disease
Wild boar,1,0,0,Virus,Ukraine,47.5315,31.2585,January,Winter,0,Forest,African swine fever
Accipitridae (unidentified),1,0,0,Virus,Germany,52.02,7.65,January,Winter,0,Not applicable,Highly pathogenic avian influenza
Birds,0,0,0,Virus,Laos,17.98217,102.60814,July,Monsoon,6000,Farm,Highly pathogenic avian influenza
Sheep,0,0,0,Bacterium,North Macedonia,41.593796,20.970555,July,Monsoon,170,Farm,Anthrax
Eurasian Wigeon,1,0,0,Virus,Italy,45.71034,13.48683,January,Winter,0,Natural park,Highly pathogenic avian influenza
Sheep,0,0,0,Virus,Bulgaria,42.1903,25.034,July,Monsoon,70,Farm,Sheep pox and goat pox
Sheep,0,0,0,Virus,Libya,29.0458,21.1956,February,Winter,18,Farm,Sheep pox and goat pox
Cattle,0,0,0,Prion,Austria,47.35,10.17,June,Monsoon,8,Farm,Bovine spongiform encephalopathy
Swine,0,0,0,Virus,Zambia,-17.0393,26.4836,September,Monsoon,9184,Other,African swine fever
Birds,0,1,0,Virus,Bulgaria,41.8317,25.7012,April,Summer,39950,Farm,Highly pathogenic avian influenza
Swine,0,0,0,Virus,Moldova,46.119126,28.861743,May,Summer,17,Backyard,African swine fever
Common Crane,1,0,0,Virus,Croatia,45.12926,17.73979,November,Post-Monsoon,0,Village,Highly pathogenic avian influenza
Equidae,0,0,0,Virus,Greece,40.79,23.12,August,Monsoon,81,Farm,West Nile Fever
Goats,0,0,0,Virus,Cyprus,35.058047,33.935095,November,Post-Monsoon,731,Farm,Bluetongue
Rabbits,0,0,0,Virus,Mexico,20.266508,-98.153439,September,Monsoon,122,Farm,Myxomatosis
Birds,0,0,0,Virus,Saudi Arabia,26.4412,49.525,March,Summer,670,Village,Highly pathogenic avian influenza
Cattle,0,0,0,Bacterium,Sweden,59.18,15.31,October,Post-Monsoon,54,Farm,Anthrax
Birds,0,1,0,Virus,Poland,51.4792,22.9772,January,Winter,92414,Farm,Highly pathogenic avian influenza
Bees,0,1,0,Bacterium,Ecuador,-4.582656,-79.441225,April,Summer,19,Apiary,European foulbrood of honey bees
Birds,0,1,0,Virus,Hungary,47.647837,21.536752,December,Winter,256198,Farm,Highly pathogenic avian influenza
Birds,0,1,0,Virus,Chinese Taipei,23.74941,120.54827,January,Winter,14494,Farm,Low pathogenic avian influenza
Swine,0,0,0,Virus,Russia,50.575145,137.081834,April,Summer,154,Backyard,African swine fever
Birds,0,0,0,Virus,India,25.4,88.13,May,Summer,672615,Village,Highly pathogenic avian influenza
Rainbow trout,0,0,1,Virus,Slovakia,49.299941,19.499651,June,Monsoon,1230,Farm,Viral haemorrhagic septicaemia
Black-headed Gull,1,0,0,Virus,Hong Kong,22.46522,113.98899,February,Winter,0,Not applicable,Highly pathogenic avian influenza
Birds,0,1,0,Virus,Poland,52.1999144,15.5217637,August,Monsoon,14730,Farm,Highly pathogenic avian influenza
Cattle,0,0,0,Virus,Ecuador,-0.19417301,-76.51244951,March,Summer,64,Farm,Rabies
Birds,0,1,0,Virus,Togo,6.3776,1.3913,March,Summer,5001,Backyard,Highly pathogenic avian influenza
Cattle,0,0,0,Bacterium,Namibia,-17.58,15.04,August,Monsoon,1100,Village,Mycoplasma mycoides subsp. mycoides SC
Dogs,0,0,0,Virus,Bosnia and Herzegovina,43.8571,18.397,January,Winter,1,Other,SARS-CoV-2 in animals
Mustelidae,0,0,0,Virus,Slovenia,46.141,15.085,January,Winter,1,Village,SARS-CoV-2 in animals
Birds,0,1,0,Virus,Moldova,47.39,28.78,February,Winter,93,Backyard,Highly pathogenic avian influenza
European flat oyster,1,0,1,Parasite,Sweden,58.1295,11.78733,December,Winter,0,Coastal area,Bonamia ostreae
Wild boar,1,0,0,Virus,Russia,42.9796,44.5209,July,Monsoon,0,Backyard,African swine fever
Swine,0,0,0,Virus,Mongolia,47.4617,107.2311,November,Post-Monsoon,0,Farm,Classical swine fever
Cattle,0,0,0,Virus,Algeria,35.1699,1.3243,September,Monsoon,27,Farm,Bluetongue
Swine,0,0,0,Virus,Bolivia,-19.744,-64.101,September,Monsoon,1320,Farm,Classical swine fever
Birds,0,1,0,Virus,Mexico,25.69111,-103.47568,April,Summer,2209995,Farm,Highly pathogenic avian influenza
Equidae,0,0,0,Virus,Namibia,-24.56,18.06,April,Summer,35677,Farm,African horse sickness
Cattle,0,0,0,Virus,Mongolia,48.752212,90.597349,August,Monsoon,83126,Farm,Foot and mouth disease
European Rabbit,1,0,0,Virus,Denmark,55.755,10.305,August,Monsoon,0,Not applicable,Rabbit haemorrhagic disease
Mallard,1,0,0,Virus,Serbia,45.890222,20.234461,September,Monsoon,0,Other,Highly pathogenic avian influenza
Sheep,0,0,0,Virus,Bulgaria,42.0973,24.8738,July,Monsoon,13,Backyard,Sheep pox and goat pox
Sheep,0,0,0,Virus,Morocco,34.69,-1.87,November,Post-Monsoon,12757,Farm,Bluetongue
Birds,0,1,0,Virus,Brazil,-29.8,-51.4,May,Summer,17025,Farm,Highly pathogenic avian influenza
Cattle,0,0,0,Virus,Spain,38.899806,-6.090008,October,Post-Monsoon,63,Farm,Bluetongue
Harris's hawk,1,0,0,Virus,Chinese Taipei,22.65026,120.60434,February,Winter,1,Other,Highly pathogenic avian influenza
Rainbow trout,1,0,1,Virus,Bulgaria,41.7407,24.4234,October,Post-Monsoon,350000,Farm,Viral haemorrhagic septicaemia
Cats,0,0,0,Virus,Uruguay,-31.9069,-54.3533,March,Summer,10,Farm,Rabies
Birds,0,0,0,Virus,Finland,61.2124,21.373,January,Winter,77,Farm,Avian infectious laryngotracheitis
Golden Jackal,1,0,0,Virus,Kazakhstan,41.911,67.9883,February,Winter,25,Other,Rabies
Swine,0,0,0,Virus,China (People's Rep. of),30.812,121.143,November,Post-Monsoon,314,Farm,African swine fever
Birds,0,0,0,Virus,Russia,52.3827,81.2364,September,Monsoon,2745,Village,Highly pathogenic avian influenza
Birds,0,1,0,Virus,India,26.4526,80.566,January,Winter,14631,Backyard,Highly pathogenic avian influenza
Wildlife (species unspecified),1,0,0,Virus,Bulgaria,42.07796,27.07458,April,Summer,0,Village,Foot and mouth disease
Swine,0,0,0,Virus,Moldova,46.629015,28.506774,January,Winter,34,Backyard,African swine fever
Birds,0,1,0,Virus,Sweden,57.57,12.25,February,Winter,263,Farm,Highly pathogenic avian influenza
Swine,0,0,0,Virus,Bhutan,26.89111,90.47368,August,Monsoon,82,Backyard,African swine fever
Sheep,0,0,0,Virus,Israel,32.7559779388,35.2148717848,November,Post-Monsoon,1093,Village,Bluetongue
Birds,0,1,0,Virus,Ukraine,50.5843,29.9986,February,Winter,641,Backyard,Highly pathogenic avian influenza
White clawed crayfish,1,0,1,Parasite,Italy,41.60139,14.05,October,Post-Monsoon,10,River system,Crayfish plague
Wild boar,1,0,0,Virus,Russia,43.9455,132.4568,November,Post-Monsoon,0,Forest,Classical swine fever
Swine,0,0,0,Bacterium,Germany,53.566333,12.138191,September,Monsoon,8631,Farm,Brucellosis
Cattle,0,0,0,Virus,United States of America,33.625,-111.7417,April,Summer,13291,Farm,Vesicular stomatitis
Cattle,0,0,0,Virus,Vietnam,22.88,104.89,May,Summer,0,Farm,Foot and mouth disease
Accipitridae (unidentified),1,0,0,Virus,Germany,48.885,9.2,December,Winter,0,Not applicable,West Nile Fever
Birds,0,0,0,Virus,Myanmar,22.76914,95.43049,March,Summer,62766,Farm,Highly pathogenic avian influenza
Cattle,0,0,0,Virus,Colombia,0.82329,-77.62397,July,Monsoon,22,Not applicable,Foot and mouth disease
Equidae,0,0,0,Virus,Tunisia,36.911252,10.04307,October,Post-Monsoon,25,Farm,West Nile Fever
Common carp,0,0,1,Virus,South Africa,-26.1,28.0,December,Winter,1044,Other,Koi herpesvirus
Birds,0,1,0,Virus,South Africa,-34.225,20.87083,October,Post-Monsoon,26750,Farm,Low pathogenic avian influenza
Birds,0,1,0,Virus,Bulgaria,43.0791,25.3568,March,Summer,33,Backyard,Highly pathogenic avian influenza
Wild boar,1,0,0,Virus,Ukraine,48.5661,27.3689,March,Summer,0,Forest,African swine fever
Swine,0,0,0,Virus,Chinese Taipei,22.5984772,120.4967119,May,Summer,900,Farm,Foot and mouth disease
Birds,0,1,0,Virus,Brazil,-28.97,-52.0,July,Monsoon,14400,Farm,Newcastle disease
Cattle,0,0,0,Bacterium,Croatia,44.4395033,16.1218966,December,Winter,35,Farm,Anthrax
Northern Fur Seal,1,0,0,Virus,Russia,46.795727,143.315639,August,Monsoon,0,Not applicable,Highly pathogenic avian influenza
Wild boar,1,0,0,Virus,Ukraine,50.8546,25.9171,February,Winter,0,Forest,African swine fever
Equidae,0,0,0,Virus,Germany,52.69,13.26,September,Monsoon,6,Backyard,West Nile Fever
Birds,0,1,0,Virus,Czech Republic,48.8525,17.1132,February,Winter,679,Farm,Low pathogenic avian influenza
Swine,0,0,0,Virus,Moldova,46.755122,28.358177,November,Post-Monsoon,5,Backyard,African swine fever
Cattle,0,0,0,Parasite,Honduras,15.43552,-86.26191,February,Winter,82063,Farm,New world screwworm
Equidae,0,0,0,Virus,Germany,48.075406,10.508035,March,Summer,15,Farm,Equine infectious anaemia
Blue shrimp,0,0,1,Virus,Brunei,4.72242,114.5427,April,Summer,11418,Farm,White spot disease
Dogs,0,0,0,Parasite,Mozambique,-15.112196,39.247959,January,Winter,5,Backyard,Leishmaniosis
Common Shelduck,1,0,0,Virus,China (People's Rep. of),39.164856,118.299387,November,Post-Monsoon,0,Other,Highly pathogenic avian influenza
Mallard,1,0,0,Virus,Denmark,55.2333,11.2908,September,Monsoon,0,Not applicable,Highly pathogenic avian influenza
Wild boar,1,0,0,Virus,Estonia,59.03102511,24.56534431,February,Winter,0,Forest,African swine fever
Cattle,0,0,0,Bacterium,Italy,40.323105,15.8213,October,Post-Monsoon,209,Farm,Anthrax
Cattle,0,0,0,Virus,Korea (Rep. of),37.776998,126.44655,January,Winter,246,Farm,Foot and mouth disease
Cats,0,0,0,Virus,Former Yug. Rep. of Macedonia,41.6182,22.5573,March,Summer,2,Village,Rabies
Swine,0,0,0,Virus,Ukraine,50.0392,34.9341,June,Monsoon,22,Backyard,African swine fever
Wildlife (species unspecified),1,0,0,Virus,Nepal,27.6435,85.3016,March,Summer,0,Farm,Highly pathogenic avian influenza
Swine,0,0,0,Virus,Ukraine,49.14,37.83,September,Monsoon,3,Village,African swine fever
Birds,0,1,0,Virus,Chinese Taipei,23.732281,120.246906,January,Winter,723674,Farm,Highly pathogenic avian influenza
Sheep,0,0,0,Virus,Mongolia,43.0878,110.0395,January,Winter,308,Farm,Sheep pox and goat pox
Cattle,0,0,0,Bacterium,Namibia,-17.83,18.98,June,Monsoon,2072,Village,Mycoplasma mycoides subsp. mycoides SC
Sheep/goats (mixed herd),0,0,0,Virus,Uganda,2.5915,34.2652,April,Summer,0,Farm,Peste des petits ruminants
Sheep,0,0,0,Prion,Hungary,47.2813,21.0607,May,Summer,1061,Farm,Scrapie
Cattle,0,0,0,Virus,Tunisia,36.6678,10.159,February,Winter,1900,Farm,Foot and mouth disease
Northern Goshawk,1,0,0,Virus,Finland,60.1537,24.9399,August,Monsoon,0,Not applicable,Highly pathogenic avian influenza
Common carp,1,0,1,Virus,Romania,45.136498,26.873908,July,Monsoon,1500,Lake,Koi herpesvirus
Birds,0,0,0,Virus,Palestinian Territory,31.3303,34.298,March,Summer,45800,Farm,Highly pathogenic avian influenza
Dogs,0,0,0,Virus,Kazakhstan,51.2035,70.4007,June,Monsoon,2,Backyard,Rabies
Cattle,0,0,0,Parasite,Mexico,22.677704,-98.5384,January,Winter,331,Farm,Cochliomyia hominivorax
Swine,0,0,0,Virus,France,43.695703,1.182296,November,Post-Monsoon,82,Farm,Aujeszky's disease
Eurasian Collared-Dove,1,1,0,Virus,Bulgaria,42.4983,27.4747,December,Winter,0,Other,Newcastle disease
Swine,0,0,0,Virus,Ukraine,48.2047,30.0536,December,Winter,1,Other,African swine fever
Cattle,0,0,0,Virus,Tunisia,35.031,9.2227,December,Winter,5,Farm,Bluetongue
Cats,0,0,0,Virus,Armenia,40.1481,44.5074,January,Winter,1,Backyard,Rabies
Birds,0,1,0,Virus,France,46.7803,-0.565556,April,Summer,58828,Farm,Low pathogenic avian influenza
Birds,0,1,0,Virus,Iran,39.06532,47.85607,September,Monsoon,90,Village,Highly pathogenic avian influenza
Wildlife (species unspecified),1,0,0,Virus,Bulgaria,44.039,26.6552,October,Post-Monsoon,290,Not applicable,Classical swine fever
Birds,0,1,0,Virus,China (People's Rep. of),31.05944,105.87055,February,Winter,2497,Farm,Highly pathogenic avian influenza
Birds,0,1,0,Virus,United Kingdom,54.72,-1.94,June,Monsoon,76562,Farm,Highly pathogenic avian influenza
Wildlife (species unspecified),1,0,0,Virus,Panama,8.49227,-79.94976,March,Summer,0,Other,Highly pathogenic avian influenza
Swine,0,0,0,Virus,Ukraine,48.5455,37.4215,January,Winter,19,Backyard,African swine fever
Sheep,0,0,0,Virus,Mongolia,49.6355,114.8468,August,Monsoon,1240,Farm,Foot and mouth disease
Birds,0,0,0,Virus,India,20.27,72.51,December,Winter,860,Farm,Highly pathogenic avian influenza
Birds,0,0,0,Virus,Sweden,58.796388,16.733243,April,Summer,260106,Farm,Highly pathogenic avian influenza
Cattle,0,0,0,Virus,Namibia,-17.8232,24.8348,August,Monsoon,247,Village,Foot and mouth disease
Camelidae,0,0,0,Virus,Slovenia,45.688918,14.4634921,July,Monsoon,1,Farm,Bluetongue
Cattle,0,0,0,Parasite,Ecuador,-1.266572,-79.392677,December,Winter,2,Farm,New world screwworm
Birds,0,1,0,Virus,Russia,56.249942,42.103139,November,Post-Monsoon,450,Backyard,Newcastle disease
Birds,0,0,0,Virus,Germany,51.475455,7.184187,May,Summer,28,Farm,Newcastle disease
Buffaloes,0,0,0,Bacterium,Ukraine,49.5812,25.5313,September,Monsoon,2,Natural park,Anthrax
Cattle,0,0,0,Prion,Norway,63.9467,11.0043,January,Winter,27,Farm,Bovine spongiform encephalopathy
Birds,0,1,0,Virus,Iraq,36.18253,43.15561,May,Summer,59700,Farm,Highly pathogenic avian influenza
Birds,0,1,0,Virus,Denmark,54.6952,11.5734,September,Monsoon,6000,Farm,Highly pathogenic avian influenza
Apidae (unidentified),1,0,0,Parasite,Cayman Islands,19.2728,-81.2588,June,Monsoon,30,Apiary,Varroa spp.
Cattle,0,0,0,Bacterium,Kyrgyzstan,41.1218,75.8,October,Post-Monsoon,30,Farm,Anthrax
Birds,0,0,0,Virus,Italy,43.6471,11.127026,January,Winter,101,Farm,Newcastle disease
Birds,0,0,0,Virus,Bulgaria,44.11,27.07,March,Summer,22,Not applicable,Highly pathogenic avian influenza
Birds,0,1,0,Virus,France,43.470661,-1.130879,January,Winter,19657,Farm,Low pathogenic avian influenza
Northern Goshawk,1,0,0,Virus,Sweden,58.82476,16.887975,April,Summer,0,Natural park,Highly pathogenic avian influenza
Birds,0,1,0,Virus,Austria,48.17,12.97,January,Winter,6105,Farm,Highly pathogenic avian influenza
Cattle,0,0,0,Bacterium,France,48.7203,7.0244,September,Monsoon,2130,Farm,Anthrax
Swine,0,0,0,Virus,Hong Kong,22.49086,114.0875,January,Winter,17467,Farm,African swine fever
Cattle,0,0,0,Virus,China (People's Rep. of),46.777,87.9385,October,Post-Monsoon,188,Other,Foot and mouth disease
Birds,0,1,0,Virus,Cote D'Ivoire,5.211764,-3.70558,July,Monsoon,115143,Village,Highly pathogenic avian influenza
Cattle,0,0,0,Virus,Algeria,33.8068,2.9593,September,Monsoon,170,Farm,Epizootic hemorrhagic disease virus
Mallard,1,0,0,Virus,Czech Republic,50.4123,14.99436,April,Summer,0,Backyard,Highly pathogenic avian influenza
Swine,0,0,0,Virus,Chile,-33.216506,-70.817384,November,Post-Monsoon,20368,Farm,Porcine reproductive and respiratory syndrome
Birds,0,1,0,Virus,Vietnam,14.638,107.7006,October,Post-Monsoon,7706,Village,Highly pathogenic avian influenza
Anatidae (unidentified),1,0,0,Virus,Germany,48.25,11.42,January,Winter,0,Not applicable,Highly pathogenic avian influenza
Birds,0,1,0,Virus,Poland,52.1781602,17.216559,January,Winter,3636358,Farm,Highly pathogenic avian influenza
Bees,0,1,0,Bacterium,Sweden,59.30533333,15.20888889,July,Monsoon,1,Apiary,European foulbrood of honey bees
Birds,0,0,0,Virus,China (People's Rep. of),28.19,113.01,September,Monsoon,0,Not applicable,Highly pathogenic avian influenza
Cats,0,0,0,Virus,El Salvador,13.8526,-88.706,August,Monsoon,0,Village,Rabies
White clawed crayfish,0,0,1,Parasite,Italy,45.540463,12.230041,September,Monsoon,0,Farm,Crayfish plague
Dogs,0,0,0,Virus,Slovakia,49.375324,20.453332,August,Monsoon,3,Village,Rabies
Wild boar,1,0,0,Virus,Poland,52.009444,21.1575,February,Winter,0,Not applicable,African swine fever
Swine,0,0,0,Virus,Russia,49.638649,43.073171,August,Monsoon,53,Backyard,African swine fever
Cattle,0,0,0,Virus,Hong Kong,22.26,114.16,March,Summer,560,Not applicable,Foot and mouth disease
Swine,0,0,0,Virus,Tanzania,-3.833325,32.60013,January,Winter,19431,Village,African swine fever
Equidae,0,1,0,Virus,Colombia,5.339373,-75.73171,December,Winter,7914,Farm,Equine influenza
Swine,0,0,0,Virus,Romania,45.309,28.1399,August,Monsoon,64,Backyard,Aujeszky's disease
Wildlife (species unspecified),1,0,0,Virus,China (People's Rep. of),46.8078,87.6616,October,Post-Monsoon,0,Body of water,Highly pathogenic avian influenza
Birds,0,0,0,Virus,Jordan,32.46182,35.77581,March,Summer,20074,Farm,Highly pathogenic avian influenza
Swine,0,0,0,Virus,Mexico,18.191,-99.646056,March,Summer,633,Farm,Classical swine fever
Straightfin barb,1,0,1,Fungus,Mozambique,-14.6144,35.8941,July,Monsoon,0,Lake,Aphanomyces invadans
Equidae,0,0,0,Virus,Romania,46.1003,26.1947,September,Monsoon,78,Backyard,West Nile Fever
Cats,0,0,0,Virus,Hong Kong,22.242,114.151,March,Summer,1,Other,SARS-CoV-2 in animals
Swine,0,0,0,Virus,Ukraine,49.3417,23.8458,August,Monsoon,102204,Farm,African swine fever
Pygmy brocket,1,0,0,Virus,Brazil,-25.4501444444,-54.5499055556,March,Summer,30,Zoo,Bluetongue
Birds,0,1,0,Virus,Denmark,55.5278,11.3745,January,Winter,102042,Farm,Highly pathogenic avian influenza
Cattle,0,0,0,Virus,Botswana,-19.8281,22.3641,January,Winter,506402,Village,Foot and mouth disease
Birds,0,1,0,Virus,France,47.59846,1.77285,October,Post-Monsoon,2600,Farm,Low pathogenic avian influenza
Camelidae,0,0,0,Virus,Kenya,3.2960744,38.375008,January,Winter,120,Village,Rift Valley fever
Accipitridae (unidentified),1,0,0,Virus,Germany,52.5,13.33,September,Monsoon,1,Not applicable,West Nile Fever
Birds,0,0,0,Virus,Belgium,49.647185,5.893571,August,Monsoon,362,Backyard,Highly pathogenic avian influenza
Wildlife (species unspecified),1,0,0,Virus,Romania,45.833333,24.916666,May,Summer,92,Village,Highly pathogenic avian influenza
Birds,0,1,0,Virus,Croatia,45.79272,18.611286,January,Winter,52,Backyard,Highly pathogenic avian influenza
Equidae,0,0,0,Virus,Germany,49.55,8.6,August,Monsoon,1,Backyard,West Nile Fever
Cattle,0,0,0,Virus,China (People's Rep. of),27.639,107.236,June,Monsoon,122,Farm,Foot and mouth disease
Cattle,0,0,0,Virus,Saudi Arabia,24.0595,47.4161,October,Post-Monsoon,595,Farm,Foot and mouth disease
Birds,0,1,0,Virus,Moldova,48.2288,28.1802,January,Winter,173,Backyard,Highly pathogenic avian influenza
Common carp,0,0,1,Virus,Romania,45.0332,23.3055,July,Monsoon,50,Pond,Koi herpesvirus
Swine,0,0,0,Virus,Russia,46.600218,38.417285,November,Post-Monsoon,20611,Farm,African swine fever
Birds,0,1,0,Virus,Germany,52.88,8.09,December,Winter,974448,Farm,Highly pathogenic avian influenza
Birds,0,1,0,Virus,Hungary,46.48925,20.79109,April,Summer,106230,Farm,Highly pathogenic avian influenza
Equidae,0,0,0,Virus,Germany,51.62,12.91,October,Post-Monsoon,6,Backyard,West Nile Fever
Birds,0,1,0,Virus,Algeria,35.917,6.8263,January,Winter,51600,Farm,Highly pathogenic avian influenza
Cattle,0,0,0,Virus,Romania,45.761883,23.992825,December,Winter,54,Other,Bluetongue
Red Fox,1,0,0,Virus,Slovenia,46.571354,15.592484,December,Winter,0,Village,Highly pathogenic avian influenza
Wild boar,1,0,0,Virus,Russia,47.409315,47.252067,June,Monsoon,0,Backyard,African swine fever
Birds,0,1,0,Virus,Germany,53.175896,9.358891,November,Post-Monsoon,1011,Farm,Low pathogenic avian influenza
Birds,0,1,0,Virus,United Kingdom,52.29,1.24,December,Winter,27000,Farm,Low pathogenic avian influenza
Birds,0,0,0,Virus,India,30.44,76.49,December,Winter,132,Not applicable,Highly pathogenic avian influenza
Swine,0,0,0,Virus,Belarus,53.1682,25.7913,April,Summer,40058,Farm,Porcine reproductive and respiratory syndrome
Equidae,0,0,0,Virus,Brazil,-19.8,-45.009,April,Summer,4,Farm,Equine encephalomyelitis
Dogs,0,0,0,Virus,Melilla,35.2828,-2.9392,April,Summer,0,Other,Rabies
Eurasian Eagle-Owl,1,0,0,Virus,Israel,31.777611456,35.2242622457,January,Winter,0,Other,Highly pathogenic avian influenza
Birds,0,1,0,Virus,United Kingdom,51.23,1.35,October,Post-Monsoon,556,Farm,Low pathogenic avian influenza
Dogs,0,0,0,Virus,Melilla,35.2976,-2.9428,January,Winter,0,Other,Rabies
Swine,0,0,0,Virus,Chinese Taipei,24.0825,120.64111,May,Summer,337,Farm,Foot and mouth disease
Cattle,0,0,0,Virus,Switzerland,46.82371,7.148361,March,Summer,4295,Farm,Bluetongue
Cattle,0,0,0,Virus,China (People's Rep. of),38.62,106.61,January,Winter,14,Backyard,Foot and mouth disease
Birds,0,0,0,Virus,Norway,69.55713,18.0913,October,Post-Monsoon,27,Backyard,Highly pathogenic avian influenza
Red deer,1,0,0,Virus,Bulgaria,42.8528,24.8127,November,Post-Monsoon,0,Forest,Bluetongue
Bees,0,1,0,Bacterium,Romania,46.533333,24.8,October,Post-Monsoon,126,Apiary,American foulbrood of honey bees
Cattle,0,0,0,Virus,United Kingdom,54.10954,-4.69,February,Winter,2269,Farm,Bluetongue
Birds,0,1,0,Virus,Germany,54.78,9.56,July,Monsoon,6389,Farm,Highly pathogenic avian influenza
Equidae,0,0,0,Virus,Spain,36.4449561,-5.113853,October,Post-Monsoon,845,Farm,West Nile Fever
Cattle,0,0,0,Virus,Syria,34.9092,36.4843,September,Monsoon,5844,Farm,Lumpy skin disease
Wild boar,1,0,0,Virus,Moldova,46.406789,30.078733,October,Post-Monsoon,0,Other,African swine fever
Swine,0,0,0,Virus,Russia,52.506624,39.198353,October,Post-Monsoon,1724,Farm,African swine fever
Birds,0,0,0,Virus,Portugal,38.028361,-8.696194,January,Winter,60,Backyard,Highly pathogenic avian influenza
Northern Goshawk,1,0,0,Virus,Finland,60.571367,21.572217,February,Winter,0,Not applicable,Highly pathogenic avian influenza
Cattle,0,0,0,Virus,United States of America,31.88,-109.75,May,Summer,5,Farm,Vesicular stomatitis
Wild boar,1,0,0,Virus,Albania,42.12019,20.39775,February,Winter,0,Forest,African swine fever
Northern Goshawk,1,0,0,Virus,Sweden,56.65679,16.348262,February,Winter,0,Other,Highly pathogenic avian influenza
Swine,0,0,0,Virus,Indonesia,0.966,103.91,August,Monsoon,250000,Farm,Influenza A virus
Birds,0,1,0,Virus,Hungary,46.955039,21.586031,January,Winter,50983,Farm,Highly pathogenic avian influenza
Equidae,0,0,0,Parasite,United States of America,35.68,-105.93,May,Summer,1,Farm,Equine piroplasmosis
Sheep,0,0,0,Virus,Italy,42.454167,11.3325,November,Post-Monsoon,273,Farm,Bluetongue
Hippopotamus,1,0,0,Bacterium,Namibia,-18.19,21.69,October,Post-Monsoon,0,Natural park,Anthrax
Swine,0,0,0,Virus,Ecuador,-0.8356,-77.1493,October,Post-Monsoon,49,Farm,Classical swine fever
White-tailed Eagle,1,0,0,Virus,Sweden,58.59286,11.26862,April,Summer,0,Other,Highly pathogenic avian influenza
Brown bullhead,1,0,1,Fungus,Canada,43.2831,-79.8296,September,Monsoon,0,Lake,Epizootic ulcerative syndrome
Accipitridae (unidentified),1,0,0,Virus,Germany,50.85,12.75,March,Summer,2,Zoo,Highly pathogenic avian influenza
Mute Swan,1,0,0,Virus,Serbia,44.873325,20.4413939,October,Post-Monsoon,0,Body of water,Highly pathogenic avian influenza
Equidae,0,0,0,Virus,Swaziland,-27.221,31.735,December,Winter,3,Farm,African horse sickness
Mallard,1,0,0,Virus,Czech Republic,49.04691,14.33401,March,Summer,0,Backyard,Highly pathogenic avian influenza
Cattle,0,0,0,Bacterium,Croatia,45.36093,16.67312,November,Post-Monsoon,7,Farm,Anthrax
Equidae,0,0,0,Virus,Germany,50.103505,11.401968,January,Winter,168,Farm,Equine infectious anaemia
Camelidae,0,0,0,Virus,Mongolia,48.3135,114.7879,August,Monsoon,94,Village,Foot and mouth disease
Swine,0,0,0,Virus,Italy,40.26746,9.57974,September,Monsoon,13,Farm,African swine fever
Equidae,0,0,0,Virus,Germany,51.46,13.56,September,Monsoon,12,Farm,West Nile Fever
Birds,0,1,0,Virus,India,25.088746,87.095517,January,Winter,4751,Backyard,Highly pathogenic avian influenza
Dogs,0,0,0,Virus,Hong Kong,22.44001,114.02215,January,Winter,2,Other,SARS-CoV-2 in animals
Birds,0,0,0,Virus,Luxembourg,49.673,6.328,September,Monsoon,60,Backyard,Highly pathogenic avian influenza
Cattle,0,0,0,Bacterium,Spain,43.33347,-5.04527,June,Monsoon,61,Farm,Anthrax
Wild boar,1,0,0,Virus,Lithuania,55.61,24.4886,June,Monsoon,0,Backyard,African swine fever
Sheep,0,0,0,Virus,Germany,53.46,10.24,August,Monsoon,30,Backyard,Bluetongue
Wild boar,1,0,0,Virus,Bulgaria,42.9278,27.7575,August,Monsoon,3,Farm,African swine fever
Goats,0,0,0,Virus,Morocco,32.53281,-6.64731,October,Post-Monsoon,3,Farm,Bluetongue
Dogs,0,0,0,Virus,Armenia,40.1907,43.8549,June,Monsoon,1,Backyard,Rabies
Camelidae,0,0,0,Virus,Kenya,3.821088,41.09124,January,Winter,400,Village,Rift Valley fever
Birds,0,1,0,Virus,Germany,50.674145,12.262015,November,Post-Monsoon,827,Farm,Low pathogenic avian influenza
Wild boar,1,0,0,Virus,Russia,57.285245,33.251082,December,Winter,0,Forest,African swine fever
Sheep,0,0,0,Virus,Bulgaria,42.18222,24.86694,July,Monsoon,14,Backyard,Sheep pox and goat pox
Birds,0,1,0,Virus,Cameroon,5.4939,10.3757,January,Winter,13513,Farm,Highly pathogenic avian influenza
Equidae,0,0,0,Virus,Greece,40.4364,21.0822,January,Winter,1,Not applicable,Equine infectious anaemia
Mustelidae,0,0,0,Virus,Italy,45.516105,10.457794,April,Summer,3107,Farm,SARS-CoV-2 in animals
Birds,0,1,0,Virus,Croatia,45.76155,18.600002,May,Summer,17,Backyard,Highly pathogenic avian influenza
Birds,0,1,0,Virus,Italy,45.289456,10.758892,January,Winter,4362092,Farm,Highly pathogenic avian influenza
Cattle,0,0,0,Virus,Mauritius,-19.71782,63.43774,March,Summer,57,Farm,Foot and mouth disease
Rainbow trout,0,0,1,Virus,Czech Republic,49.36879,16.01604,May,Summer,7186,Reservoir,Viral haemorrhagic septicaemia
Birds,0,0,0,Virus,Libya,32.0513,24.0019,February,Winter,12,Backyard,Highly pathogenic avian influenza
Birds,0,0,0,Virus,Vietnam,15.1074,108.7421,July,Monsoon,1805,Village,Highly pathogenic avian influenza
Mustelidae,0,0,0,Virus,Spain,43.2298,-8.2858,June,Monsoon,18222,Farm,SARS-CoV-2 in animals
Goats,0,0,0,Virus,Sierra Leone,7.833333,-11.166667,July,Monsoon,100,Village,Peste des petits ruminants
House Crow,1,0,0,Virus,Bangladesh,23.996073,90.394991,January,Winter,0,Other,Highly pathogenic avian influenza
Swine,0,0,0,Virus,Hong Kong,22.5128,114.1176,May,Summer,4159,Slaughterhouse,African swine fever
Sheep/goats (mixed herd),0,0,0,Virus,Romania,43.757239,24.893361,November,Post-Monsoon,884,Backyard,Sheep pox and goat pox
Swine,0,0,0,Virus,Moldova,48.1273,27.791,January,Winter,123,Backyard,African swine fever
Whooper Swan,1,0,0,Virus,Romania,45.319365,29.334968,April,Summer,0,Natural park,Highly pathogenic avian influenza
Cattle,0,0,0,Virus,Belgium,50.63,5.37,September,Monsoon,69,Farm,Bluetongue
Cattle,0,0,0,Virus,Kuwait,29.2616,47.8028,May,Summer,22909,Farm,Foot and mouth disease
Birds,0,1,0,Virus,Hungary,46.275056,19.94625,May,Summer,435233,Farm,Highly pathogenic avian influenza
Swine,0,0,0,Virus,Russia,47.881797,131.905814,September,Monsoon,13,Backyard,African swine fever
Cattle,0,0,0,Virus,United States of America,43.0283,-106.7483,October,Post-Monsoon,938,Farm,Vesicular stomatitis
Cattle,0,0,0,Virus,Vietnam,10.0954,106.5606,August,Monsoon,3248,Village,Lumpy skin disease
Cattle,0,0,0,Bacterium,France,47.529261,4.247424,September,Monsoon,63,Farm,Anthrax
Birds,0,1,0,Virus,Cayman Islands,19.3716,-81.3906,November,Post-Monsoon,65,Farm,Highly pathogenic avian influenza
Birds,0,1,0,Virus,Botswana,-23.57635,23.05502,January,Winter,68383,Backyard,Newcastle disease
Cattle,0,0,0,Virus,Kyrgyzstan,42.66,75.25,June,Monsoon,59,Village,Foot and mouth disease
Arctic Fox,1,0,0,Virus,Norway,76.5,25.01,April,Summer,0,Other,Rabies
Birds,0,0,0,Virus,Peru,-6.98,-78.82,December,Winter,140,Village,Newcastle disease
Swine,0,0,0,Virus,China (People's Rep. of),40.5655,122.1348,October,Post-Monsoon,73808,Backyard,African swine fever
Cattle,0,0,0,Virus,Bangladesh,23.377472,89.582985,August,Monsoon,2,Village,Rabies
Birds,0,1,0,Virus,Bulgaria,42.2012,26.5589,July,Monsoon,2000,Farm,Newcastle disease
Equidae,0,0,0,Parasite,United States of America,29.38,-94.86,December,Winter,2500,Farm,Equine piroplasmosis
Cattle,0,0,0,Bacterium,Kyrgyzstan,40.5387,72.933,January,Winter,1,Village,Anthrax
Goats,0,0,0,Bacterium,Hungary,46.7467,20.3864,March,Summer,21,Farm,Anthrax
Sheep,0,0,0,Virus,Georgia,41.55104,45.96013,February,Winter,717,Farm,Sheep pox and goat pox
Accipitridae (unidentified),1,0,0,Virus,Germany,49.576,8.42,March,Summer,13,Not applicable,Highly pathogenic avian influenza
Cattle,0,0,0,Virus,Comoros,-11.49861,43.3575,January,Winter,86,Village,Foot and mouth disease
Cattle,0,0,0,Virus,Azerbaijan,39.4256,48.3744,July,Monsoon,3142,Village,Lumpy skin disease
Mute Swan,1,0,0,Virus,Ukraine,50.3564,24.2546,January,Winter,0,Body of water,Highly pathogenic avian influenza
Wild boar,1,0,0,Virus,Russia,43.79,132.677,February,Winter,0,Forest,Classical swine fever
Cattle,0,0,0,Virus,Burundi,-2.4869095,30.2281933,July,Monsoon,3385,Village,Lumpy skin disease
Birds,0,0,0,Virus,Thailand,18.1388,103.5125,January,Winter,2199,Farm,Highly pathogenic avian influenza
Birds,0,1,0,Virus,India,9.411045,76.447921,April,Summer,255792,Backyard,Highly pathogenic avian influenza
Cattle,0,0,0,Bacterium,Lesotho,-29.259,28.071,February,Winter,7400,Village,Anthrax
Swine,0,0,0,Virus,Bulgaria,43.103,26.9048,February,Winter,467,Village,Classical swine fever
Sheep,0,0,0,Bacterium,Italy,40.375631,16.044202,June,Monsoon,122,Farm,Anthrax
Common Raven,1,0,0,Virus,Norway,71.0598,-8.30566,September,Monsoon,0,Other,Highly pathogenic avian influenza
Lesser sand plover,1,0,0,Virus,Chinese Taipei,23.937125,121.608815,May,Summer,0,Other,Highly pathogenic avian influenza
Cattle,0,0,0,Virus,Russia,56.0021,40.2073,October,Post-Monsoon,814,Farm,Foot and mouth disease
Birds,0,1,0,Virus,Netherlands,51.23,5.84,March,Summer,44500,Farm,Low pathogenic avian influenza
Birds,0,1,0,Virus,Netherlands,51.97,5.12,August,Monsoon,31870,Farm,Low pathogenic avian influenza
Atlantic salmon,0,0,1,Virus,Norway,68.13661,14.48313,October,Post-Monsoon,4479181,Farm,Infectious salmon anaemia virus
Birds,0,0,0,Virus,Greece,40.4642,22.8633,November,Post-Monsoon,108,Other,West Nile Fever
Birds,0,1,0,Virus,Russia,61.2019,72.4307,August,Monsoon,108,Backyard,Newcastle disease
Birds,0,1,0,Virus,Denmark,56.5335,9.4753,May,Summer,22215,Farm,Low pathogenic avian influenza
Cattle,0,0,0,Bacterium,Azerbaijan,41.3599,46.6937,August,Monsoon,4,Farm,Anthrax
Rabbits,0,0,0,Virus,Singapore,1.45982,103.83907,August,Monsoon,11,Other,Rabbit haemorrhagic disease
Sheep/goats (mixed herd),0,0,0,Virus,North Macedonia,41.4669,21.123056,July,Monsoon,697,Farm,Bluetongue
Birds,0,1,0,Virus,Philippines,14.148227,122.9591,November,Post-Monsoon,428,Backyard,Highly pathogenic avian influenza
Swine,0,0,0,Virus,Nicaragua,11.7393,-86.0308,June,Monsoon,385,Farm,Classical swine fever
Goats,0,0,0,Virus,Palestine,31.688,35.2176,November,Post-Monsoon,5,Farm,Foot and mouth disease
Swine,0,0,0,Virus,Norway,63.817063,11.497937,November,Post-Monsoon,19266,Farm,Influenza A virus
Wild boar,1,0,0,Virus,Italy,38.122875,15.820852,April,Summer,0,Forest,African swine fever
Equidae,0,0,0,Parasite,United States of America,33.448,-112.074,January,Winter,0,Farm,Equine piroplasmosis
Swine,0,0,0,Virus,Guatemala,14.59083,-91.52222,September,Monsoon,47,Farm,Classical swine fever
North African catfish,1,0,1,Fungus,South Africa,-22.4,31.2,May,Summer,0,River system,Epizootic ulcerative syndrome
Cattle,0,0,0,Prion,France,49.6500109,4.2864026,March,Summer,394,Farm,Bovine spongiform encephalopathy
Birds,0,1,0,Virus,Germany,52.57,14.57,January,Winter,204177,Farm,Highly pathogenic avian influenza
Apidae (unidentified),1,0,0,Parasite,Australia,-27.3837,153.1679,March,Summer,1,Other,Varroa spp.
Equidae,0,0,0,Virus,Turkey,40.114462,28.356327,August,Monsoon,300,Farm,West Nile Fever
Cattle,0,0,0,Virus,Ecuador,-1.0222,-77.4729,December,Winter,39,Farm,Vesicular stomatitis
Birds,0,1,0,Virus,Russia,51.9201,37.28435,December,Winter,446,Backyard,Newcastle disease
Sheep,0,0,0,Virus,Libya,32.514,13.1534,October,Post-Monsoon,997,Farm,Bluetongue
Cattle,0,0,0,Virus,Namibia,-17.72,25.11,December,Winter,1132,Village,Foot and mouth disease
Swine,0,0,0,Virus,Philippines,14.297306,122.759867,January,Winter,459698,Village,African swine fever
Birds,0,1,0,Virus,Slovakia,47.77,18.01,October,Post-Monsoon,425260,Farm,Highly pathogenic avian influenza
Cats,0,0,0,Virus,Melilla,35.2992,-2.9504,March,Summer,0,Other,Rabies
Cattle,0,0,0,Virus,Namibia,-17.81,24.81,September,Monsoon,5001,Village,Foot and mouth disease
Greylag Goose,1,0,0,Virus,Belgium,51.231954,4.10175,March,Summer,0,Other,Highly pathogenic avian influenza
Eurasian Sparrowhawk,1,0,0,Virus,Finland,61.1295,25.557,May,Summer,0,Not applicable,Highly pathogenic avian influenza
Wild boar,1,0,0,Virus,Romania,45.295369,28.800622,August,Monsoon,0,Backyard,African swine fever
Equidae,0,0,0,Parasite,United States of America,30.28,-97.74,February,Winter,0,Farm,Equine piroplasmosis
Birds,0,0,0,Virus,Cyprus,35.1857,33.3257,January,Winter,0,Not applicable,Newcastle disease
Blue-and-yellow Macaw,1,1,0,Virus,United Kingdom,52.53,0.66,December,Winter,1,Farm,Highly pathogenic avian influenza
Cattle,0,0,0,Bacterium,Italy,41.8422,15.64724,September,Monsoon,139,Farm,Anthrax
Cattle,0,0,0,Bacterium,Israel,32.9799306959,35.8075276374,August,Monsoon,174,Village,Anthrax
Sheep,0,0,0,Virus,Morocco,32.48,-7.98,December,Winter,62699,Farm,Bluetongue
Bees,0,0,0,Parasite,Eswatini,-26.792602,31.581498,August,Monsoon,925,Apiary,Small hive beetle infestation
Birds,0,1,0,Virus,Chinese Taipei,23.62273,120.4926,January,Winter,2474,Farm,Highly pathogenic avian influenza
Northern Goshawk,1,0,0,Virus,Denmark,55.7139,11.9674,January,Winter,0,Not applicable,Highly pathogenic avian influenza
Cattle,0,0,0,Bacterium,Romania,46.477829,24.437416,August,Monsoon,30,Backyard,Anthrax
Cats,0,0,0,Virus,Hong Kong,22.3420553,114.1898863,July,Monsoon,5,Other,SARS-CoV-2 in animals
Swine,0,0,0,Virus,Moldova,48.16,27.22,February,Winter,2,Backyard,African swine fever
Cattle,0,0,0,Virus,China (People's Rep. of),31.011,118.165,May,Summer,63,Backyard,Foot and mouth disease
Birds,0,1,0,Virus,Germany,52.04,12.27,November,Post-Monsoon,107000,Farm,Highly pathogenic avian influenza
Cattle,0,0,0,Virus,Zambia,-8.8345,31.3844,January,Winter,6733,Village,Foot and mouth disease
Birds,0,1,0,Virus,Russia,45.00524,133.29048,April,Summer,94,Village,Newcastle disease
Sheep/goats (mixed herd),0,0,0,Bacterium,Niger,12.95,2.98,March,Summer,130,Village,Anthrax
Equidae,0,0,0,Virus,Austria,46.651014,13.980827,October,Post-Monsoon,66,Farm,West Nile Fever
Camelidae,0,0,0,Virus,United Kingdom,50.04,-5.14,November,Post-Monsoon,3,Farm,Bluetongue
Cattle,0,0,0,Prion,Poland,50.96804,15.367077,January,Winter,50,Farm,Bovine spongiform encephalopathy
Bees,0,0,0,Bacterium,Ecuador,-0.092563,-78.352811,June,Monsoon,16,Apiary,Melissococcus plutonius
Cattle,0,0,0,Virus,Croatia,45.217335,14.575296,January,Winter,3739,Farm,Bluetongue
Buffaloes,0,0,0,Virus,Japan,31.9465,131.3884,July,Monsoon,42,Farm,Foot and mouth disease
Wolf (gray wolf),1,0,0,Parasite,Singapore,1.369108,103.932078,August,Monsoon,0,Not applicable,Leishmaniosis
New Zealand scallop,1,0,1,Parasite,New Zealand,-40.3762,173.2484,November,Post-Monsoon,0,Coastal area,Perkinsus olseni
Goats,0,0,0,Virus,Türkiye (Rep. of),37.82,27.58,December,Winter,170,Village,Peste des petits ruminants
Cattle,0,0,0,Virus,Palestinian Territory,31.3108,34.2442,April,Summer,120,Farm,Foot and mouth disease
Cattle,0,0,0,Virus,Guinea,10.3013,-8.3036,February,Winter,335,Village,Foot and mouth disease
Birds,0,1,0,Virus,South Africa,-33.8,22.1,September,Monsoon,22885,Farm,Low pathogenic avian influenza
Birds,0,1,0,Virus,Netherlands,51.519708,5.21007,February,Winter,1898794,Farm,Highly pathogenic avian influenza
Birds,0,0,0,Virus,Togo,6.25,1.616667,June,Monsoon,8429,Farm,Highly pathogenic avian influenza
Birds,0,1,0,Virus,Laos,15.6633,106.3867,September,Monsoon,1539,Village,Highly pathogenic avian influenza
Accipitridae (unidentified),1,0,0,Virus,Germany,50.31,7.594,December,Winter,0,Not applicable,Highly pathogenic avian influenza
Canada Goose,1,0,0,Virus,Sweden,58.361123,15.658133,October,Post-Monsoon,0,Other,Highly pathogenic avian influenza
Tilapia,0,0,1,Virus,Chinese Taipei,25.067298,121.168321,June,Monsoon,1320000,Pond,Tilapia lake virus disease
Black-headed Gull,1,0,0,Virus,Slovenia,46.0571,14.4673,September,Monsoon,0,Zoo,Highly pathogenic avian influenza
Birds,0,1,0,Virus,Chinese Taipei,24.83639,120.96972,November,Post-Monsoon,6000,Farm,Low pathogenic avian influenza
Wildlife (species unspecified),1,0,0,Virus,Mongolia,45.2635,113.997,October,Post-Monsoon,0,Other,Highly pathogenic avian influenza
Cattle,0,0,0,Virus,Indonesia,-0.4059,102.5046,February,Winter,423769,Village,Lumpy skin disease
Northern Pintail,1,0,0,Virus,Hong Kong,22.4975,114.0489,January,Winter,0,Natural park,Highly pathogenic avian influenza
Cattle,0,0,0,Virus,Lebanon,33.2518,35.2035,February,Winter,581,Farm,Lumpy skin disease
Swine,0,0,0,Virus,Ukraine,46.5896,32.1777,December,Winter,4,Other,African swine fever
Bar-headed Goose,1,0,0,Virus,China (People's Rep. of),43.37,122.15,August,Monsoon,0,Farm,Highly pathogenic avian influenza
Birds,0,0,0,Virus,Norway,63.7008,8.8149,November,Post-Monsoon,91,Backyard,Highly pathogenic avian influenza
Equidae,0,0,0,Virus,Hungary,47.11002,20.75136,February,Winter,47,Farm,Equine infectious anaemia
Cattle,0,0,0,Bacterium,Croatia,45.5936,16.9725,November,Post-Monsoon,40,Farm,Anthrax
Cattle,0,0,0,Virus,Eswatini,-27.204806,31.178578,January,Winter,50282,Other,Foot and mouth disease
Sheep/goats (mixed herd),0,0,0,Virus,Kazakhstan,43.6256,73.80611,August,Monsoon,6,Farm,Sheep pox and goat pox
Birds,0,1,0,Virus,Switzerland,47.355,7.294,March,Summer,14280,Farm,Newcastle disease
Birds,0,1,0,Virus,Belgium,50.873926,3.94265,July,Monsoon,100985,Farm,Newcastle disease
Equidae,0,0,0,Virus,Ethiopia,6.916675,35.488331,June,Monsoon,46451,Village,African horse sickness
Cattle,0,0,0,Virus,Cambodia,11.16107,103.394162,January,Winter,4389,Village,Foot and mouth disease
Birds,0,1,0,Virus,Hungary,47.799248,22.606032,January,Winter,564704,Farm,Highly pathogenic avian influenza
Cattle,0,0,0,Virus,Colombia,10.463809,-73.22751,October,Post-Monsoon,261,Farm,Foot and mouth disease
Wild boar,1,0,0,Virus,Latvia,56.695698,26.240096,April,Summer,0,Forest,African swine fever
Cattle,0,0,0,Virus,Andorra,42.4551,1.5014,November,Post-Monsoon,65,Village,Epizootic hemorrhagic disease virus
Wildlife (species unspecified),1,0,0,Virus,Egypt,29.8732,31.2622,November,Post-Monsoon,191,Not applicable,Highly pathogenic avian influenza
Birds,0,1,0,Virus,Chinese Taipei,23.402341,121.343721,November,Post-Monsoon,20885,Farm,Low pathogenic avian influenza
Wildlife (species unspecified),1,0,0,Virus,Mongolia,46.5699,108.4845,November,Post-Monsoon,1605,Farm,Foot and mouth disease
Cattle,0,0,0,Virus,Spain,42.673,-0.5894,December,Winter,1974,Farm,Bluetongue
Goats,0,0,0,Virus,Romania,45.280274,21.472984,September,Monsoon,763,Backyard,Peste des petits ruminants
Dogs,0,0,0,Virus,Armenia,40.165,44.5355,February,Winter,1,Backyard,Rabies
Swine,0,0,0,Virus,Chad,9.2776,15.0421,November,Post-Monsoon,155225,Village,African swine fever
Sheep,0,0,0,Prion,Israel,31.3917579086,34.7573957857,January,Winter,20,Village,Scrapie
Wildlife (species unspecified),1,0,0,Virus,Kazakhstan,46.8254,51.7397,June,Monsoon,0,Body of water,Highly pathogenic avian influenza
Rabbits,0,0,0,Virus,Italy,45.996464,9.054768,November,Post-Monsoon,6220,Farm,Rabbit haemorrhagic disease
Wild boar,1,0,0,Virus,Ukraine,48.0793,26.0257,December,Winter,0,Backyard,African swine fever
Wild boar,1,0,0,Virus,Germany,51.69,14.32,February,Winter,25,Forest,African swine fever
Birds,0,1,0,Virus,China (People's Rep. of),25.832,106.665,September,Monsoon,37299,Village,Highly pathogenic avian influenza
Cattle,0,0,0,Bacterium,Italy,41.7971367,12.6944435,March,Summer,195,Other,Anthrax
Birds,0,1,0,Virus,Slovakia,48.44,17.6,February,Winter,92326,Farm,Highly pathogenic avian influenza
Birds,0,0,0,Virus,Korea (Rep. of),37.455241,127.2084877,April,Summer,11653,Farm,Highly pathogenic avian influenza
Egyptian Goose,1,0,0,Virus,South Africa,-25.6,27.2,August,Monsoon,0,Backyard,Highly pathogenic avian influenza
Swine,0,0,0,Virus,Mexico,20.597306,-100.123444,April,Summer,360,Farm,Influenza A virus
Mute Swan,1,0,0,Virus,Ukraine,50.5247,30.5224,January,Winter,0,Other,Highly pathogenic avian influenza
Wild boar,1,0,0,Virus,Russia,43.24375,131.30727,February,Winter,0,Natural park,African swine fever
Cattle,0,0,0,Bacterium,Colombia,11.32188,-72.32115,May,Summer,6,Farm,Anthrax
White clawed crayfish,1,0,1,Parasite,Ireland,52.519405,-8.960171,May,Summer,401000,River system,Crayfish plague
Birds,0,1,0,Virus,France,47.766,-0.323,March,Summer,13000,Farm,Low pathogenic avian influenza
Equidae,0,0,0,Virus,France,43.82,4.56,September,Monsoon,13,Farm,Equine infectious anaemia
Common carp,0,0,1,Virus,Belgium,50.0833,5.1167,July,Monsoon,15,Other,Koi herpesvirus
Cattle,0,0,0,Virus,Ecuador,0.191353771,-78.11405557,March,Summer,134,Farm,Foot and mouth disease
Equidae,0,0,0,Bacterium,Portugal,38.598,-8.149,July,Monsoon,18,Farm,Contagious equine metritis
Birds,0,0,0,Virus,United Kingdom,49.21,-2.16,August,Monsoon,72,Backyard,Highly pathogenic avian influenza
Cattle,0,0,0,Virus,Israel,32.4346454424,34.9128723984,November,Post-Monsoon,1,Village,Bluetongue
Birds,0,0,0,Virus,Turkey,41.898423,35.054491,February,Winter,5610,Village,Highly pathogenic avian influenza
Cats,0,0,0,Virus,Hong Kong,22.49725,114.12659,February,Winter,5,Other,SARS-CoV-2 in animals
Birds,0,1,0,Virus,Hungary,47.62331,20.285607,January,Winter,2744,Farm,Highly pathogenic avian influenza
Birds,0,1,0,Virus,Chinese Taipei,23.401091,121.346827,August,Monsoon,49286,Farm,Low pathogenic avian influenza
Cattle,0,0,0,Virus,Singapore,1.44011,103.70929,March,Summer,58,Farm,Lumpy skin disease
Equidae,0,0,0,Virus,Portugal,37.247904,-8.344378,October,Post-Monsoon,17,Farm,West Nile Fever
Wildlife (species unspecified),1,0,0,Virus,United Kingdom,56.22,-2.73,March,Summer,0,Not applicable,Highly pathogenic avian influenza
Birds,0,1,0,Virus,United Kingdom,55.59,-2.092,November,Post-Monsoon,44911,Farm,Highly pathogenic avian influenza
Otter,1,0,0,Virus,Finland,62.2743,21.3729,November,Post-Monsoon,0,Farm,Highly pathogenic avian influenza
Cats,0,0,0,Virus,Melilla,35.2853,-2.9419,July,Monsoon,0,Other,Rabies
Equidae,0,0,0,Virus,France,48.286111,-1.930833,November,Post-Monsoon,3,Farm,Equine infectious anaemia
Dogs,0,0,0,Virus,Hungary,48.058626,22.852611,November,Post-Monsoon,0,Forest,Rabies
Swine,0,0,0,Virus,Russia,56.666816,65.393956,November,Post-Monsoon,17691,Farm,African swine fever
Grey Heron,1,0,0,Virus,Portugal,37.022583,-7.999167,January,Winter,0,Natural park,Highly pathogenic avian influenza
Northern Shoveler,1,0,0,Virus,Algeria,31.257,2.8246,October,Post-Monsoon,0,Natural park,Highly pathogenic avian influenza
Lion,1,0,0,Virus,Peru,-18.320303,-70.415216,March,Summer,1,Body of water,Highly pathogenic avian influenza
Cattle,0,0,0,Bacterium,Italy,37.563625,14.504053,October,Post-Monsoon,170,Farm,Anthrax
Birds,0,1,0,Virus,India,25.180833,87.349167,January,Winter,4849,Backyard,Highly pathogenic avian influenza
Cattle,0,0,0,Virus,Malaysia,5.316247,103.118949,May,Summer,135,Farm,Foot and mouth disease
Birds,0,1,0,Virus,Switzerland,45.98,8.93,November,Post-Monsoon,6000,Farm,Newcastle disease
Equidae,0,0,0,Virus,Germany,48.56,11.26,September,Monsoon,20,Farm,West Nile Fever
Birds,0,1,0,Virus,Togo,6.2,1.118,July,Monsoon,1590,Farm,Highly pathogenic avian influenza
Buffaloes,0,0,0,Virus,Laos,21.0103,101.6875,October,Post-Monsoon,2,Village,Foot and mouth disease
Swine,0,0,0,Virus,Moldova,47.66,27.96,June,Monsoon,196,Farm,African swine fever
Sheep,0,0,0,Virus,Portugal,39.860908,-7.26956,October,Post-Monsoon,2452,Farm,Bluetongue
Cattle,0,0,0,Virus,Zambia,-16.3331,22.1042,July,Monsoon,3524,Village,Foot and mouth disease
Cattle,0,0,0,Virus,Guinea-Bissau,12.1949,-14.6882,October,Post-Monsoon,280,Farm,Foot and mouth disease
Sheep/goats (mixed herd),0,0,0,Virus,China (People's Rep. of),33.711,80.379,May,Summer,1163,Village,Peste des petits ruminants
Birds,0,0,0,Virus,Ukraine,50.92,34.78,June,Monsoon,276984,Village,Highly pathogenic avian influenza
Cattle,0,0,0,Bacterium,Croatia,43.714055,16.812647,January,Winter,15,Farm,Anthrax
Goats,0,0,0,Virus,Mongolia,48.4493,91.4131,September,Monsoon,1593,Farm,Peste des petits ruminants
Sheep,0,0,0,Virus,Israel,31.7784803477,35.2981595685,February,Winter,69,Village,Sheep pox and goat pox
Birds,0,0,0,Virus,Netherlands,52.12302,4.49421,November,Post-Monsoon,245600,Farm,Highly pathogenic avian influenza
Swine,0,0,0,Virus,Cabo verde,15.001,-23.529,May,Summer,1217,Farm,African swine fever
Birds,0,1,0,Virus,United Kingdom,54.61,-6.77,February,Winter,112403,Farm,Highly pathogenic avian influenza
Sheep,0,0,0,Virus,Bulgaria,42.1862,24.8316,July,Monsoon,97,Farm,Sheep pox and goat pox
Cattle,0,0,0,Virus,Kazakhstan,50.05,57.35,November,Post-Monsoon,84,Backyard,Infectious bovine rhinotracheitis/infectious pustular vulvovaginitis
Birds,0,1,0,Virus,Belize,16.2144,-88.906,January,Winter,130,Backyard,Newcastle disease
Swine,0,0,0,Virus,South Africa,-30.4,29.4,September,Monsoon,487,Farm,African swine fever
Swine,0,0,0,Virus,Ukraine,47.771608,33.993286,August,Monsoon,2,Backyard,African swine fever
Cattle,0,0,0,Virus,Belize,16.9657,-89.1188,March,Summer,28,Farm,Vesicular stomatitis
Cattle,0,0,0,Bacterium,Switzerland,47.23,7.07,April,Summer,80,Farm,Anthrax
Cattle,0,0,0,Virus,Eritrea,14.8385,38.5593,April,Summer,240,Village,Foot and mouth disease
Cattle,0,0,0,Virus,Israel,32.9254724233,35.2630001354,July,Monsoon,4220,Village,Foot and mouth disease
Equidae,0,0,0,Virus,Chile,-34.279,-71.2246,January,Winter,882,Farm,Equine influenza
Indian Peafowl,1,0,0,Virus,Bulgaria,41.9587,25.3597,November,Post-Monsoon,700,Other,Highly pathogenic avian influenza
Mute Swan,1,0,0,Virus,Lithuania,54.88,23.93,March,Summer,0,Other,Highly pathogenic avian influenza
Birds,0,0,0,Virus,Germany,49.253461,12.248057,September,Monsoon,340723,Farm,Highly pathogenic avian influenza
Mute Swan,1,0,0,Virus,Sweden,59.32916667,18.07472222,February,Winter,0,Not applicable,Highly pathogenic avian influenza
Cattle,0,0,0,Virus,Saudi Arabia,24.0864,47.7066,October,Post-Monsoon,60817,Farm,Foot and mouth disease
Birds,0,1,0,Virus,Korea (Rep. of),37.685483,126.625952,December,Winter,2491276,Farm,Highly pathogenic avian influenza
Swine,0,0,0,Virus,Ukraine,50.3435,32.2792,November,Post-Monsoon,480,Farm,African swine fever
Swine,0,0,0,Virus,Ukraine,49.1365,33.5962,November,Post-Monsoon,74,Backyard,African swine fever
Black-crowned Night-Heron,1,0,0,Virus,Croatia,45.821896,16.01947,November,Post-Monsoon,0,Zoo,Highly pathogenic avian influenza
Swine,0,0,0,Virus,Ukraine,48.1888,29.9369,November,Post-Monsoon,44,Backyard,African swine fever
Birds,0,0,0,Virus,Mexico,20.81,-102.77,September,Monsoon,11400799,Not applicable,Highly pathogenic avian influenza
Tilapia,0,0,1,Virus,India,22.8172,88.4181,July,Monsoon,26000,Pond,Tilapia lake virus disease
Birds,0,1,0,Virus,Chinese Taipei,24.18833,120.53833,April,Summer,109551,Farm,Low pathogenic avian influenza
Wild boar,1,0,0,Virus,North Macedonia,41.29277,22.57433,February,Winter,2,Forest,African swine fever
Birds,0,0,0,Virus,China (People's Rep. of),29.65,91.14,April,Summer,16916,Farm,Highly pathogenic avian influenza
Cattle,0,0,0,Virus,Namibia,-18.07,18.5,January,Winter,9882,Village,Lumpy skin disease
Birds,0,1,0,Virus,Mexico,19.235024,-99.146274,August,Monsoon,1565,Backyard,Newcastle disease
Swine,0,0,0,Virus,Ukraine,47.8114,29.439,April,Summer,14,Backyard,African swine fever
Swine,0,0,0,Virus,Russia,52.7351,45.7991,August,Monsoon,27,Backyard,African swine fever
Cattle,0,0,0,Virus,Spain,36.2125913,-5.9987347,September,Monsoon,162,Farm,Bluetongue
Indian Peafowl,1,0,0,Virus,China (People's Rep. of),41.14476,121.13994,March,Summer,394,Zoo,Highly pathogenic avian influenza
Cattle,0,0,0,Parasite,Panama,8.9477,-78.1928,July,Monsoon,80,Farm,New world screwworm
Birds,0,1,0,Virus,Netherlands,52.5097,5.9339,March,Summer,66752,Farm,Highly pathogenic avian influenza
Birds,0,1,0,Virus,Nepal,27.722425,85.25697,January,Winter,87454,Farm,Highly pathogenic avian influenza
Dalmatian pelican,1,0,0,Virus,Kazakhstan,46.9262,51.6576,May,Summer,0,Not applicable,Highly pathogenic avian influenza
Birds,0,1,0,Virus,Australia,-37.8333,147.6167,August,Monsoon,12476,Farm,Low pathogenic avian influenza
Swine,0,0,0,Bacterium,Ukraine,49.835278,36.675556,March,Summer,0,Backyard,Anthrax
Swine,0,0,0,Virus,Ukraine,50.9233,31.1056,October,Post-Monsoon,12,Backyard,African swine fever
Birds,0,1,0,Virus,Ireland,52.868,-6.48,December,Winter,127,Farm,Highly pathogenic avian influenza
Birds,0,1,0,Virus,Philippines,13.632335,123.171263,April,Summer,110,Backyard,Highly pathogenic avian influenza
Sheep,0,0,0,Virus,Greece,39.28,26.273,November,Post-Monsoon,413,Farm,Bluetongue
Swine,0,0,0,Virus,China (People's Rep. of),29.889,115.205,November,Post-Monsoon,1800,Backyard,African swine fever
Swine,0,0,0,Virus,Russia,52.444799,104.406957,March,Summer,40,Backyard,African swine fever
Buffaloes,0,0,0,Virus,Pakistan,34.102999,72.015062,April,Summer,16,Village,Foot and mouth disease
Sheep,0,0,0,Virus,Bulgaria,42.3107,26.8495,September,Monsoon,135,Farm,Sheep pox and goat pox
Cattle,0,0,0,Virus,Ecuador,-0.2051,-78.9311,May,Summer,585,Farm,Foot and mouth disease
Equidae,0,0,0,Virus,Mexico,18.633306,-96.422639,July,Monsoon,5,Farm,Venezuelan equine encephalomyelitis
Bees,0,0,0,Bacterium,Liechtenstein,47.06899,9.492248,May,Summer,1,Apiary,European foulbrood of honey bees
Birds,0,0,0,Virus,Ukraine,46.994,32.0898,November,Post-Monsoon,1035,Backyard,Highly pathogenic avian influenza
Swine,0,0,0,Virus,Ukraine,47.8352,30.6297,January,Winter,45,Other,African swine fever
Birds,0,1,0,Virus,Honduras,14.2933,-86.5153,July,Monsoon,1113,Backyard,Newcastle disease
Cattle,0,0,0,Virus,Russia,51.750977,107.387634,January,Winter,6979,Backyard,Lumpy skin disease
Wildlife (species unspecified),1,0,0,Virus,Mongolia,44.8,98.64,August,Monsoon,0,Not applicable,Highly pathogenic avian influenza
White clawed crayfish,1,0,1,Parasite,Italy,45.943884,10.628457,March,Summer,0,River system,Crayfish plague
Wild boar,1,0,0,Virus,Russia,57.994869,45.119115,June,Monsoon,0,Backyard,African swine fever
Birds,0,0,0,Virus,Azerbaijan,41.0,49.0,February,Winter,1300000,Farm,Newcastle disease
Amberjack,0,0,1,Virus,Japan,33.07,131.86,March,Summer,2500,Coastal area,Viral haemorrhagic septicaemia
Northern Pintail,1,0,0,Virus,Korea (Rep. of),35.89165,126.625969,October,Post-Monsoon,0,Other,Highly pathogenic avian influenza
Birds,0,0,0,Virus,China (People's Rep. of),41.04,121.98,September,Monsoon,0,Not applicable,Highly pathogenic avian influenza
Birds,0,1,0,Virus,India,26.4929,78.6141,March,Summer,137,Livestock market,Highly pathogenic avian influenza
Anserinae (unidentified),1,0,0,Virus,Germany,53.52,9.92,April,Summer,0,Not applicable,Highly pathogenic avian influenza
Birds,0,0,0,Virus,Niger,14.2217,7.298,April,Summer,28000,Village,Highly pathogenic avian influenza
Birds,0,1,0,Virus,Mexico,22.78382,-102.50435,June,Monsoon,2244987,Backyard,Highly pathogenic avian influenza
Swine,0,0,0,Virus,Moldova,45.689641,28.387051,August,Monsoon,35,Backyard,African swine fever
Northern Goshawk,1,0,0,Virus,Denmark,57.5752,10.4169,December,Winter,0,Not applicable,Highly pathogenic avian influenza
Dogs,0,0,0,Virus,Armenia,40.8275,43.8503,January,Winter,1,Backyard,Rabies
Cattle,0,0,0,Virus,United Kingdom,51.09,0.69,February,Winter,142,Farm,Bluetongue
Sheep,0,0,0,Virus,Russia,50.41,127.92,November,Post-Monsoon,1108,Village,Sheep pox and goat pox
Goats,0,0,0,Virus,Libya,26.1123,11.4921,April,Summer,140,Farm,Rift Valley fever
Swine,0,0,0,Virus,China (People's Rep. of),26.40305,111.5875,February,Winter,4776,Farm,African swine fever
Sheep,0,0,0,Virus,Germany,50.025,9.196,August,Monsoon,400,Farm,Bluetongue
Cattle,0,0,0,Virus,China (People's Rep. of),38.488,112.862,May,Summer,60,Backyard,Foot and mouth disease
Wild boar,1,0,0,Virus,Germany,51.471,14.103,July,Monsoon,1,Forest,African swine fever
Cattle,0,0,0,Bacterium,Burkina Faso,11.2436,-4.2145,April,Summer,284,Village,Anthrax
Cattle,0,0,0,Virus,United Kingdom,51.26,1.15,November,Post-Monsoon,17954,Farm,Bluetongue
Brown Pelican,1,0,0,Virus,Guatemala,15.8573,-88.4486,January,Winter,0,Natural park,Highly pathogenic avian influenza
Birds,0,1,0,Virus,Peru,-13.307065,-76.155992,November,Post-Monsoon,364394,Farm,Newcastle disease
Accipitridae (unidentified),1,0,0,Virus,Germany,52.1,11.6,September,Monsoon,0,Backyard,West Nile Fever
Equidae,0,0,0,Virus,France,43.189015,6.224695,October,Post-Monsoon,48,Other,West Nile Fever
Northern Goshawk,1,0,0,Virus,United Kingdom,55.76,-1.9959,September,Monsoon,0,Other,Highly pathogenic avian influenza
Cattle,0,0,0,Virus,Tunisia,35.39,9.2854,November,Post-Monsoon,62,Farm,Bluetongue
Wild boar,1,0,0,Virus,Russia,56.321947,47.546602,October,Post-Monsoon,0,Forest,African swine fever
Equidae,0,1,0,Virus,Nigeria,12.5755,3.9657,January,Winter,555,Village,Equine influenza
Swine,0,0,0,Virus,China (People's Rep. of),30.401166,106.842965,July,Monsoon,809,Other,African swine fever
Swine,0,0,0,Virus,Ukraine,50.6925,28.6209,November,Post-Monsoon,29,Farm,African swine fever
Cattle,0,0,0,Virus,Rwanda,-2.2451,30.4972,August,Monsoon,35000,Not applicable,Rift Valley fever
Cattle,0,0,0,Prion,Spain,42.0921797,-2.8270989,December,Winter,353,Farm,Bovine spongiform encephalopathy
Northern Goshawk,1,0,0,Virus,Denmark,55.256,11.4518,May,Summer,0,Not applicable,Highly pathogenic avian influenza
Cattle,0,0,0,Bacterium,Myanmar,23.51,95.72,April,Summer,115,Village,Anthrax
Buffaloes,0,0,0,Virus,Nepal,28.1278,84.4105,September,Monsoon,398,Farm,Lumpy skin disease
Birds,0,1,0,Virus,Sweden,58.4148,15.2201,March,Summer,120400,Farm,Highly pathogenic avian influenza
Wildlife (species unspecified),1,0,0,Virus,Serbia and Montenegro,43.97,19.55,March,Summer,18,Village,Highly pathogenic avian influenza
Cattle,0,0,0,Prion,United Kingdom,57.288956,-2.862434,October,Post-Monsoon,1,Farm,Bovine spongiform encephalopathy
Birds,0,1,0,Virus,Netherlands,51.4646,3.9855,March,Summer,127500,Farm,Low pathogenic avian influenza
Birds,0,0,0,Virus,Canada,49.10595,-122.63719,December,Winter,244685,Backyard,Highly pathogenic avian influenza
Cattle,0,0,0,Virus,South Africa,-29.463646,30.16469,June,Monsoon,11612,Farm,Rift Valley fever
Cattle,0,0,0,Virus,Montenegro,43.155515,19.122602,October,Post-Monsoon,2376,Backyard,Lumpy skin disease
Birds,0,1,0,Virus,United Kingdom,58.23,-6.168,September,Monsoon,5841107,Farm,Highly pathogenic avian influenza
Mute Swan,1,0,0,Virus,Ukraine,48.3789,25.5581,January,Winter,0,Other,Highly pathogenic avian influenza
Cattle,0,0,0,Bacterium,Zambia,-17.7115,25.1914,April,Summer,724,Village,Contagious bovine pleuropneumonia
Cattle,0,0,0,Bacterium,Italy,38.01009,13.37378,September,Monsoon,43,Farm,Anthrax
Birds,0,1,0,Virus,Hungary,46.756123,19.764002,January,Winter,1120378,Farm,Highly pathogenic avian influenza
Wild crustaceans (species unspecified),1,0,1,Virus,United States of America,22.0003,-159.729,June,Monsoon,0,Pond,White spot disease
Cattle,0,0,0,Virus,Botswana,-18.15277,24.3399062,June,Monsoon,218,Village,Foot and mouth disease
Swine,0,0,0,Virus,Ukraine,47.3445,33.189,February,Winter,7,Backyard,African swine fever
Brown-Headed Gull,1,0,0,Virus,China (People's Rep. of),36.874073,99.652794,July,Monsoon,0,Other,Highly pathogenic avian influenza
Cattle,0,0,0,Virus,Tunisia,35.9062,10.4413,November,Post-Monsoon,2999,Farm,Epizootic hemorrhagic disease virus
Common carp,0,0,1,Virus,South Africa,-26.1,27.9,March,Summer,3097,Other,Koi herpesvirus
Birds,0,1,0,Virus,Sweden,56.24792,12.92934,November,Post-Monsoon,102928,Farm,Highly pathogenic avian influenza
Cattle,0,0,0,Virus,Saudi Arabia,16.3967,42.9071,March,Summer,1,Not applicable,Rift Valley fever
Northern Goshawk,1,0,0,Virus,Norway,59.03623,5.58311,November,Post-Monsoon,0,Other,Highly pathogenic avian influenza
Cattle,0,0,0,Virus,Kazakhstan,49.79,51.39,June,Monsoon,972,Village,Foot and mouth disease
Cattle,0,0,0,Virus,Romania,45.812891,24.317101,November,Post-Monsoon,212,Backyard,Bluetongue
Wildlife (species unspecified),1,0,0,Virus,Czech Republic,48.7843,16.8295,June,Monsoon,0,Not applicable,Highly pathogenic avian influenza
Cattle,0,0,0,Virus,Kyrgyzstan,42.71,75.25,July,Monsoon,447038,Village,Foot and mouth disease
Dogs,0,0,0,Virus,Malaysia,5.351844,100.235845,September,Monsoon,10353,Not applicable,Rabies
Rabbits,0,0,0,Virus,Canada,49.8952,-97.1388,March,Summer,3,Not applicable,Rabbit haemorrhagic disease
Birds,0,1,0,Virus,Russia,43.234542,132.461718,September,Monsoon,90,Backyard,Newcastle disease
Wild boar,1,0,0,Virus,Ukraine,50.0533,28.2059,January,Winter,0,Village,African swine fever
Cattle,0,0,0,Virus,Ecuador,0.004529784,-77.230941259,March,Summer,62,Farm,Vesicular stomatitis
Birds,0,0,0,Virus,Zimbabwe,-18.0912723,30.9216241,May,Summer,2000000,Farm,Highly pathogenic avian influenza
Cattle,0,0,0,Virus,Ecuador,-2.5822,-79.433,October,Post-Monsoon,900,Farm,Foot and mouth disease
Equidae,0,0,0,Virus,Germany,49.7536,8.7222,August,Monsoon,168,Farm,Equine infectious anaemia
Birds,0,0,0,Virus,Poland,54.1146187,19.39750307,June,Monsoon,126,Backyard,Highly pathogenic avian influenza
Rainbow trout,0,0,1,Virus,Italy,45.628711,11.554718,May,Summer,19700,Farm,Viral haemorrhagic septicaemia
Equidae,0,0,0,Virus,United Kingdom,50.4513,-3.6191,October,Post-Monsoon,37,Farm,Equine infectious anaemia
Cattle,0,0,0,Prion,Ireland,53.1989,-8.5658,January,Winter,3,Farm,Bovine spongiform encephalopathy
Swine,0,0,0,Virus,Russia,53.595393,92.884058,March,Summer,415,Backyard,African swine fever
Accipitridae (unidentified),1,0,0,Virus,Germany,52.59,11.85,October,Post-Monsoon,0,Not applicable,Highly pathogenic avian influenza
Cattle,0,0,0,Virus,Mozambique,-24.8494,32.31944,August,Monsoon,14000,Village,Foot and mouth disease
Cattle,0,0,0,Virus,South Africa,-23.8,30.6,August,Monsoon,93088,Farm,Foot and mouth disease
Egyptian Goose,1,0,0,Virus,Israel,31.303252,34.523594,April,Summer,0,Other,Highly pathogenic avian influenza
Cattle,0,0,0,Virus,China (People's Rep. of),43.95194,119.02305,February,Winter,486,Farm,Foot and mouth disease
Cattle,0,0,0,Virus,Mozambique,-14.29509,32.76413,May,Summer,6791,Village,Foot and mouth disease
Wild boar,1,0,0,Virus,Korea (Rep. of),37.95477,126.844542,September,Monsoon,2,Farm,African swine fever
Cattle,0,0,0,Virus,Senegal,14.826792,-17.245701,October,Post-Monsoon,190,Farm,Rift Valley fever
Birds,0,0,0,Virus,Ukraine,49.44,36.83,March,Summer,99,Other,Highly pathogenic avian influenza
Birds,0,1,0,Virus,Libya,32.4867,20.8338,May,Summer,240,Farm,Low pathogenic avian influenza
Puma,1,0,0,Virus,South Africa,-26.0,28.1,July,Monsoon,2,Zoo,SARS-CoV-2 in animals
Birds,0,1,0,Virus,Slovenia,46.23085,14.51712,February,Winter,1053,Farm,Highly pathogenic avian influenza
Equidae,0,0,0,Virus,Spain,39.7986588,-6.165795,September,Monsoon,40,Farm,Equine infectious anaemia
Cervidae,0,0,0,Virus,Oman,24.3948,56.55,February,Winter,69,Farm,Bluetongue
Birds,0,0,0,Bacterium,Honduras,14.641,-87.758,December,Winter,95106,Farm,Fowl typhoid
Birds,0,1,0,Virus,Chile,-32.78932,-71.0556,October,Post-Monsoon,186038,Farm,Low pathogenic avian influenza
Swine,0,0,0,Virus,China (People's Rep. of),30.27361,94.81111,March,Summer,5750,Village,African swine fever
Cattle,0,0,0,Virus,Kuwait,29.25333,47.78778,January,Winter,2060,Farm,Foot and mouth disease
Birds,0,0,0,Virus,Paraguay,-21.461764,-60.346331,May,Summer,751,Backyard,Highly pathogenic avian influenza
Northern Shoveler,1,0,0,Virus,Israel,31.8981,35.0043,January,Winter,0,Other,Highly pathogenic avian influenza
Sheep,0,0,0,Virus,Germany,53.159,8.63,August,Monsoon,55,Farm,Bluetongue
Wild boar,1,0,0,Virus,Hungary,47.8783,19.0503,January,Winter,0,Forest,African swine fever
Birds,0,1,0,Virus,Vietnam,16.7569,107.2204,April,Summer,0,Farm,Highly pathogenic avian influenza
Mountain hare,1,0,0,Virus,Sweden,56.439787,12.565321,November,Post-Monsoon,0,Not applicable,Rabbit haemorrhagic disease
Booted eagle,1,0,0,Virus,Israel,32.701,35.2725,March,Summer,0,Other,Highly pathogenic avian influenza
Wildlife (species unspecified),1,0,0,Virus,China (People's Rep. of),33.0055,88.6622,May,Summer,0,Body of water,Highly pathogenic avian influenza
Birds,0,0,0,Virus,Israel,31.667569086,35.1251237294,March,Summer,13000,Farm,Highly pathogenic avian influenza
Camelidae,0,0,0,Virus,Denmark,54.9865,9.6643,September,Monsoon,16,Farm,Bluetongue
Birds,0,1,0,Virus,Japan,31.4168,130.3232,February,Winter,14021,Farm,Highly pathogenic avian influenza
Birds,0,1,0,Virus,Chinese Taipei,25.0287,121.4941,September,Monsoon,597499,Slaughterhouse,Highly pathogenic avian influenza
Sheep,0,0,0,Virus,Bulgaria,42.0341,25.1186,July,Monsoon,322,Farm,Sheep pox and goat pox
Cattle,0,0,0,Prion,Brazil,-23.1619,-51.0879,December,Winter,148,Farm,Bovine spongiform encephalopathy
"Black paua
",0,0,1,Parasite,New Zealand,-35.899,174.44499,June,Monsoon,11100000,Farm,Perkinsus olseni
Cattle,0,0,0,Virus,Albania,41.251651,20.255393,August,Monsoon,17,Farm,Bluetongue
Tiger,1,0,0,Virus,Indonesia,-6.3114,106.8211,July,Monsoon,10,Zoo,SARS-CoV-2 in animals
Birds,0,1,0,Virus,Poland,53.108303,20.342014,March,Summer,3546136,Farm,Highly pathogenic avian influenza
Wildlife (species unspecified),1,0,0,Virus,Germany,48.82,12.48,April,Summer,0,Not applicable,Highly pathogenic avian influenza
Black Swan,1,0,0,Virus,China (People's Rep. of),40.009991,116.3107,January,Winter,15,Natural park,Highly pathogenic avian influenza
Equidae,0,0,0,Virus,Uruguay,-31.9992,-57.5329,December,Winter,2087,Farm,Equine encephalomyelitis
Goats,0,0,0,Virus,Libya,32.103223,20.103223,November,Post-Monsoon,26,Farm,Foot and mouth disease
Wild boar,1,0,0,Virus,China (People's Rep. of),32.153611,111.961666,March,Summer,0,Farm,African swine fever
Wildlife (species unspecified),1,0,0,Virus,United Arab Emirates,25.1797,55.5428,January,Winter,195,Farm,Foot and mouth disease
Carrion Crow,1,0,0,Virus,France,43.692513,5.486417,October,Post-Monsoon,0,Other,West Nile Fever
White clawed crayfish,1,0,1,Parasite,Italy,41.68861,14.29639,September,Monsoon,17,River system,Crayfish plague
Cattle,0,0,0,Virus,Germany,51.54,9.35,July,Monsoon,59,Farm,Bluetongue
Birds,0,1,0,Virus,Germany,51.74,8.52,November,Post-Monsoon,161555,Farm,Highly pathogenic avian influenza
Wildlife (species unspecified),1,0,0,Virus,China (People's Rep. of),32.422,89.206,May,Summer,0,Not applicable,Highly pathogenic avian influenza
Birds,0,1,0,Virus,Russia,58.404317,51.09752,October,Post-Monsoon,422015,Farm,Highly pathogenic avian influenza
Birds,0,1,0,Virus,Indonesia,-2.412129,115.237907,April,Summer,5770,Village,Highly pathogenic avian influenza
Swine,0,0,0,Virus,Chinese Taipei,24.9985,121.07763,August,Monsoon,1560,Farm,Foot and mouth disease
Buffaloes,0,0,0,Virus,Turkey,40.66667,26.885326,March,Summer,26,Village,Foot and mouth disease
Swine,0,0,0,Virus,China (People's Rep. of),21.72,110.93,February,Winter,948,Farm,Foot and mouth disease
Birds,0,1,0,Virus,United States of America,45.1367,-94.5157,July,Monsoon,160000,Farm,Low pathogenic avian influenza
Birds,0,1,0,Virus,Germany,50.22,7.15,March,Summer,817,Farm,Highly pathogenic avian influenza
Equidae,0,0,0,Bacterium,Brazil,-15.65,-47.8338,December,Winter,1,Village,Glanders
Dogs,0,0,0,Virus,Melilla,35.2825,-2.943,September,Monsoon,0,Other,Rabies
Birds,0,1,0,Virus,Germany,51.02,12.68,January,Winter,87557,Farm,Highly pathogenic avian influenza
Argali,1,0,0,Virus,China (People's Rep. of),32.6326,80.1885,February,Winter,0,Other,Peste des petits ruminants
Swine,0,0,0,Virus,Germany,51.7715,6.8565,April,Summer,5662,Farm,Classical swine fever
Equidae,0,0,0,Virus,France,44.841667,-0.774444,October,Post-Monsoon,64,Farm,Equine infectious anaemia
Swine,0,0,0,Virus,China (People's Rep. of),38.90805,115.69055,February,Winter,5600,Farm,African swine fever
Mallard,1,0,0,Virus,Romania,44.565037,28.782711,March,Summer,0,Natural park,Highly pathogenic avian influenza
Sheep,0,0,0,Virus,Mongolia,46.5699,112.9884,December,Winter,330,Farm,Sheep pox and goat pox
Cattle,0,0,0,Bacterium,Italy,38.60759,15.90756,May,Summer,3,Farm,Anthrax
Swine,0,0,0,Virus,Ukraine,48.5348,35.3646,August,Monsoon,12,Other,African swine fever
Equidae,0,0,0,Virus,Turkey,40.099582,28.358272,October,Post-Monsoon,44,Farm,West Nile Fever
Birds,0,1,0,Virus,Germany,48.73,11.81,February,Winter,150344,Backyard,Highly pathogenic avian influenza
Swine,0,0,0,Virus,Mongolia,49.31447,105.58281,September,Monsoon,122,Village,Classical swine fever
Eurasian Wigeon,1,0,0,Virus,Denmark,55.6421,10.1689,April,Summer,0,Not applicable,Highly pathogenic avian influenza
Goats,0,0,0,Virus,Tunisia,37.235659,9.910183,July,Monsoon,44,Farm,Peste des petits ruminants
Anatidae (unidentified),1,0,0,Virus,Germany,54.88,8.31,February,Winter,0,Not applicable,Highly pathogenic avian influenza
Equidae,0,0,0,Bacterium,Belarus,51.9596,26.9083,August,Monsoon,1,Backyard,Anthrax
Moose,1,0,0,Bacterium,Sweden,58.320959,14.697638,August,Monsoon,0,Not applicable,Anthrax
Birds,0,0,0,Virus,South Africa,-33.678,19.6072,June,Monsoon,58,Farm,Highly pathogenic avian influenza
Goats,0,0,0,Virus,Bulgaria,41.9685,25.6562,October,Post-Monsoon,217,Farm,Sheep pox and goat pox
Anserinae (unidentified),1,0,0,Virus,Germany,52.88,8.41,November,Post-Monsoon,0,Not applicable,Highly pathogenic avian influenza
Common Teal,1,0,0,Virus,Italy,45.246265,10.190601,October,Post-Monsoon,2,Natural park,Highly pathogenic avian influenza
Swine,0,0,0,Virus,Cambodia,12.08,105.08,August,Monsoon,34420,Village,Porcine reproductive and respiratory syndrome
Cattle,0,0,0,Virus,Libya,32.4849,13.2559,April,Summer,736,Farm,Lumpy skin disease
Birds,0,1,0,Virus,Germany,52.78,12.37,January,Winter,33202,Backyard,Highly pathogenic avian influenza
Wildlife (species unspecified),1,0,0,Virus,Mongolia,45.163,113.3759,May,Summer,0,Not applicable,Highly pathogenic avian influenza
Birds,0,1,0,Virus,Ireland,54.04799,-7.40816,November,Post-Monsoon,85229,Farm,Highly pathogenic avian influenza
Birds,0,1,0,Virus,Israel,31.762063,34.967776,December,Winter,356624,Farm,Highly pathogenic avian influenza
Dogs,0,0,0,Virus,Armenia,40.1003,43.8255,March,Summer,1,Backyard,Rabies
Cattle,0,0,0,Prion,Germany,52.091589,14.633128,December,Winter,80,Farm,Bovine spongiform encephalopathy
Cattle,0,0,0,Virus,Botswana,-20.824849,22.4111777,August,Monsoon,8684,Farm,Foot and mouth disease
Cattle,0,0,0,Bacterium,United Kingdom,51.271,-2.2201,October,Post-Monsoon,352,Farm,Anthrax
Wildlife (species unspecified),1,0,0,Virus,Russia,55.53,70.33,August,Monsoon,15220,Village,Highly pathogenic avian influenza
Birds,0,1,0,Virus,Denmark,55.1415,10.5813,April,Summer,2750,Farm,Low pathogenic avian influenza
Birds,0,1,0,Virus,Germany,52.36,11.32,January,Winter,9613,Farm,Highly pathogenic avian influenza
Birds,0,0,0,Virus,Israel,31.7734157071,34.8167948861,June,Monsoon,156500,Farm,Newcastle disease
Sheep,0,0,0,Virus,Botswana,-25.59165,25.48165,May,Summer,124,Village,Bluetongue
Birds,0,1,0,Virus,Botswana,-18.730564,24.429215,July,Monsoon,70,Backyard,Highly pathogenic avian influenza
Cattle,0,0,0,Bacterium,Armenia,40.86,44.03,October,Post-Monsoon,1,Farm,Anthrax
Birds,0,0,0,Virus,Italy,45.040336,12.219175,December,Winter,31985,Farm,Highly pathogenic avian influenza
Equidae,0,0,0,Virus,Italy,45.7554,13.4999,December,Winter,454,Farm,West Nile Fever
Birds,0,0,0,Virus,Laos,19.35786,101.46438,October,Post-Monsoon,534,Farm,Highly pathogenic avian influenza
Cattle,0,0,0,Bacterium,Romania,47.7838,27.0102,October,Post-Monsoon,20,Backyard,Anthrax
Mallard,1,0,0,Virus,Portugal,37.755833,-7.8875,August,Monsoon,5,Backyard,Highly pathogenic avian influenza
Birds,0,1,0,Virus,Peru,-16.635723,-71.862579,July,Monsoon,28708,Farm,Highly pathogenic avian influenza
Tilapia,0,0,1,Virus,Israel,32.7915994157,35.5383205851,August,Monsoon,0,Lake,Tilapia lake virus disease
Birds,0,1,0,Virus,Hong Kong,22.343783,114.154917,December,Winter,18962,Not applicable,Low pathogenic avian influenza
Rabbits,0,0,0,Virus,Tunisia,35.751071,10.090555,February,Winter,1000,Farm,Rabbit haemorrhagic disease
Swine,0,0,0,Virus,Mauritius,-20.3,57.73,July,Monsoon,1472,Village,African swine fever
Equidae,0,0,0,Virus,France,43.67665,4.627803,October,Post-Monsoon,262,Farm,West Nile Fever
Cattle,0,0,0,Virus,Denmark,55.7428,8.4307,November,Post-Monsoon,1000,Farm,Bluetongue
Cattle,0,0,0,Virus,Burundi,-2.7451,29.9885,April,Summer,0,Village,Rift Valley fever
Anatidae (unidentified),1,0,0,Virus,Germany,53.91,9.18,January,Winter,0,Not applicable,Highly pathogenic avian influenza
Dogs,0,0,0,Virus,Belgium,50.77,4.3,October,Post-Monsoon,2,Not applicable,Rabies
Wild boar,1,0,0,Virus,Russia,56.535296,36.287897,April,Summer,0,Forest,African swine fever
Cattle,0,0,0,Bacterium,Tanzania,-3.1309,36.8442,November,Post-Monsoon,23000,Natural park,Anthrax
Birds,0,1,0,Virus,Bulgaria,42.829,23.981,January,Winter,26000,Farm,Highly pathogenic avian influenza
Swine,0,0,0,Virus,Moldova,46.413385,30.088559,April,Summer,9,Backyard,African swine fever
Wild boar,1,0,0,Virus,Ukraine,51.0588,24.9001,February,Winter,0,Forest,African swine fever
Birds,0,1,0,Virus,Sweden,56.219118,15.366144,January,Winter,5000,Farm,Newcastle disease
Bees,0,1,0,Bacterium,Malta,35.866565,14.461382,November,Post-Monsoon,69,Apiary,European foulbrood of honey bees
Equidae,0,0,0,Parasite,Turkmenistan,38.6393,57.3972,February,Winter,2631,Village,Equine piroplasmosis
Birds,0,0,0,Virus,Russia,55.060812,21.377523,November,Post-Monsoon,50,Backyard,Highly pathogenic avian influenza
Equidae,0,0,0,Virus,France,48.352222,-0.076667,September,Monsoon,38,Farm,Equine infectious anaemia
Camelidae,0,0,0,Virus,Kazakhstan,42.6282,52.751,April,Summer,1201,Natural park,Rabies
Birds,0,1,0,Virus,United Kingdom,53.85,-0.23,November,Post-Monsoon,23227,Farm,Highly pathogenic avian influenza
Rainbow trout,0,0,1,Virus,Italy,45.818915,10.546102,December,Winter,0,Farm,Infectious haematopoietic necrosis virus
Equidae,0,0,0,Virus,China (People's Rep. of),36.5246,103.0929,January,Winter,133159,Village,Equine influenza
Goats,0,0,0,Virus,Bulgaria,42.3036,25.0928,December,Winter,17,Farm,Sheep pox and goat pox
Wild boar,1,0,0,Virus,Estonia,58.036111,25.425556,March,Summer,0,Not applicable,African swine fever
Equidae,0,0,0,Bacterium,United States of America,36.74,-119.79,January,Winter,22,Farm,Contagious equine metritis
Cats,0,0,0,Virus,Japan,33.6782,135.3479,January,Winter,5,Zoo,SARS-CoV-2 in animals
Birds,0,0,0,Virus,Russia,55.503079,68.983751,October,Post-Monsoon,1725,Backyard,Highly pathogenic avian influenza
Birds,0,1,0,Virus,Germany,50.44,8.877,January,Winter,14100,Farm,Highly pathogenic avian influenza
Dogs,0,0,0,Virus,Armenia,40.1797,43.9909,November,Post-Monsoon,1,Backyard,Rabies
Swine,0,0,0,Virus,Russia,56.667764,47.658267,October,Post-Monsoon,22,Backyard,African swine fever
Equidae,0,0,0,Virus,Brazil,-23.58472222,-46.43666667,July,Monsoon,3,Backyard,West Nile Fever
Birds,0,1,0,Virus,France,46.910901,-0.701332,April,Summer,21616980,Farm,Highly pathogenic avian influenza
Birds,0,1,0,Virus,Korea (Rep. of),35.1891,126.5475,October,Post-Monsoon,23410,Farm,Low pathogenic avian influenza
Swine,0,0,0,Virus,Moldova,47.85,28.41,September,Monsoon,12,Backyard,African swine fever
Swine,0,0,0,Virus,China (People's Rep. of),34.47638,104.37222,September,Monsoon,586,Farm,African swine fever
Cats,0,0,0,Virus,Argentina,-34.92014,-57.9554,March,Summer,5,Other,SARS-CoV-2 in animals
Swine,0,0,0,Virus,Central African (Rep.),4.38,18.57,June,Monsoon,37,Farm,African swine fever
Swine,0,0,0,Virus,China (People's Rep. of),40.211,116.587,December,Winter,53054,Farm,African swine fever
Birds,0,1,0,Virus,Russia,61.048494,69.291108,August,Monsoon,30,Backyard,Newcastle disease
Swine,0,0,0,Virus,Russia,54.928577,60.761435,October,Post-Monsoon,148,Backyard,African swine fever
Wildlife (species unspecified),1,0,0,Virus,Slovenia,46.556111,15.665555,March,Summer,0,Not applicable,Highly pathogenic avian influenza
Swine,0,0,0,Virus,Brazil,-3.7427,-38.7336,January,Winter,41,Farm,Classical swine fever
Wild boar,1,0,0,Virus,Ukraine,50.8718,28.6455,August,Monsoon,0,Forest,African swine fever
Cattle,0,0,0,Virus,Algeria,33.1864,1.4467,April,Summer,42,Farm,Foot and mouth disease
Mallard,1,0,0,Virus,Israel,33.0510568916,35.6088842505,January,Winter,0,Natural park,Highly pathogenic avian influenza
Birds,0,0,0,Virus,Israel,31.2189743134,34.8809902308,August,Monsoon,38000,Village,Newcastle disease
Swine,0,0,0,Virus,Russia,55.9694,48.5606,August,Monsoon,4,Backyard,African swine fever
Swine,0,0,0,Virus,Ukraine,49.6428,26.2275,April,Summer,258,Backyard,African swine fever
Cattle,0,0,0,Virus,Serbia,43.746055,19.871631,April,Summer,1238,Backyard,Bluetongue
Atlantic salmon,0,0,1,Virus,Norway,60.05237,5.79323,April,Summer,23000,Farm,Infectious salmon anaemia virus
Wild boar,1,0,0,Virus,France,46.737177,2.934744,December,Winter,178,Farm,Aujeszky's disease
Birds,0,1,0,Virus,Togo,6.29416,1.1654,October,Post-Monsoon,3000,Farm,Highly pathogenic avian influenza
Sheep,0,0,0,Virus,Iraq,33.4976,45.0347,December,Winter,150,Village,Bluetongue
Greylag Goose,1,0,0,Virus,Ireland,51.881,-8.495,January,Winter,0,Not applicable,Highly pathogenic avian influenza
Bees,0,1,0,Bacterium,Romania,46.7428,24.4155,July,Monsoon,30,Apiary,European foulbrood of honey bees
Equidae,0,0,0,Bacterium,United Kingdom,52.2432,0.4023,March,Summer,1,Not applicable,Contagious equine metritis
Accipitridae (unidentified),1,0,0,Virus,Germany,51.83,12.07,November,Post-Monsoon,4,Farm,West Nile Fever
Bees,0,1,0,Parasite,Nicaragua,11.42655981,-85.85589475,June,Monsoon,138,Apiary,Small hive beetle infestation
Northern Goshawk,1,0,0,Virus,Finland,60.154421,24.921127,June,Monsoon,0,Not applicable,Highly pathogenic avian influenza
Mute Swan,1,0,0,Virus,Romania,44.149822,28.647662,October,Post-Monsoon,0,Body of water,Highly pathogenic avian influenza
Birds,0,1,0,Virus,United States of America,39.571,-75.466,August,Monsoon,51200,Farm,Low pathogenic avian influenza
Birds,0,0,0,Virus,Costa Rica,9.597827,-84.619837,October,Post-Monsoon,130,Farm,Highly pathogenic avian influenza
Birds,0,0,0,Virus,Iran,36.65387,52.61894,December,Winter,489,Village,Highly pathogenic avian influenza
Wildlife (species unspecified),1,0,0,Virus,Norway,77.0751,15.24701,September,Monsoon,0,Not applicable,Rabies
Birds,0,0,0,Virus,China (People's Rep. of),31.34,106.04,April,Summer,1338,Farm,Highly pathogenic avian influenza
Cattle,0,0,0,Virus,Italy,45.590454,7.781723,August,Monsoon,386,Farm,Bluetongue
Gray Seal,1,0,0,Virus,Germany,53.47,10.05,April,Summer,21,Not applicable,Highly pathogenic avian influenza
Wild boar,1,0,0,Virus,Germany,51.33,14.31,January,Winter,0,Forest,African swine fever
Sheep,0,0,0,Prion,United Kingdom,51.3,0.75,May,Summer,139,Farm,Scrapie
Birds,0,0,0,Virus,Canada,43.91,-66.14,January,Winter,2566,Backyard,Highly pathogenic avian influenza
Harbor Seal,1,0,0,Virus,Denmark,55.208,9.987,September,Monsoon,0,Not applicable,Highly pathogenic avian influenza
Brown trout,0,0,1,Virus,Romania,46.89598,26.051615,October,Post-Monsoon,12000,Farm,Viral haemorrhagic septicaemia
Anatidae (unidentified),1,0,0,Virus,Germany,51.22,10.96,November,Post-Monsoon,0,Backyard,Highly pathogenic avian influenza
Birds,0,0,0,Virus,Faeroe Islands,62.2474,-7.1806,June,Monsoon,125,Other,Highly pathogenic avian influenza
Swine,0,0,0,Virus,China (People's Rep. of),34.12565,118.75485,April,Summer,17,Other,African swine fever
Cattle,0,0,0,Virus,Malaysia,1.59091,109.721053,September,Monsoon,424,Farm,Lumpy skin disease
Swine,0,0,0,Virus,Russia,56.0243,47.3417,November,Post-Monsoon,10625,Farm,Influenza A virus
Wild boar,1,0,0,Virus,Ukraine,46.4165,30.5966,January,Winter,0,Other,African swine fever
Birds,0,1,0,Virus,Poland,53.583,17.1983,February,Winter,227002,Farm,Highly pathogenic avian influenza
Birds,0,0,0,Virus,Sweden,57.44745534,18.49439548,January,Winter,20000,Farm,Newcastle disease
Wild boar,1,0,0,Virus,Ukraine,48.0744,36.0337,March,Summer,0,Other,African swine fever
Swine,0,0,0,Virus,Kenya,0.281808,34.790253,February,Winter,500,Farm,African swine fever
Mute Swan,1,0,0,Virus,Latvia,56.85929,24.283992,January,Winter,0,Not applicable,Highly pathogenic avian influenza
Dogs,0,0,0,Virus,Armenia,40.6715,44.2452,May,Summer,1,Backyard,Rabies
Swine,0,0,0,Virus,Korea (Rep. of),37.075383,127.290091,April,Summer,3800,Farm,Influenza A virus
Swine,0,0,0,Virus,Ukraine,49.5457,25.2767,August,Monsoon,4,Backyard,African swine fever
Goats,0,0,0,Virus,Algeria,31.3615,3.0408,February,Winter,145,Farm,Peste des petits ruminants
Birds,0,0,0,Virus,Russia,49.971575,128.147218,April,Summer,73,Backyard,Highly pathogenic avian influenza
Dogs,0,0,0,Virus,Armenia,41.1592,44.9955,April,Summer,1,Backyard,Rabies
Cattle,0,0,0,Virus,China (People's Rep. of),41.834293,83.868498,April,Summer,12,Other,Foot and mouth disease
Sheep,0,0,0,Virus,Russia,50.117681,127.575957,September,Monsoon,1100,Farm,Sheep pox and goat pox
Swine,0,0,0,Virus,Ukraine,47.318214,33.310323,October,Post-Monsoon,19,Backyard,African swine fever
Cattle,0,0,0,Prion,Brazil,-16.51583,-44.8975,June,Monsoon,746,Farm,Bovine spongiform encephalopathy
White Stork,1,0,0,Virus,Romania,47.085246,21.766219,March,Summer,0,Natural park,Highly pathogenic avian influenza
Birds,0,1,0,Virus,China (People's Rep. of),36.15,106.138,April,Summer,99578,Farm,Highly pathogenic avian influenza
Cattle,0,0,0,Prion,Canada,54.1906,-115.2975,January,Winter,0,Farm,Bovine spongiform encephalopathy
Buffaloes,0,0,0,Virus,South Africa,-25.377,31.856,February,Winter,431,Farm,Rift Valley fever
Swine,0,0,0,Virus,Guatemala,15.5,-90.25,April,Summer,49,Village,Classical swine fever
Birds,0,1,0,Virus,Bulgaria,42.4108,25.8883,December,Winter,602,Backyard,Newcastle disease
Great grey owl,1,0,0,Virus,Germany,48.17,11.82,September,Monsoon,4,Zoo,West Nile Fever
Birds,0,1,0,Virus,Germany,54.08,9.11,March,Summer,75841,Farm,Highly pathogenic avian influenza
Birds,0,0,0,Virus,Niger,13.48,2.14,January,Winter,119559,Farm,Highly pathogenic avian influenza
Sheep,0,0,0,Virus,Bulgaria,41.7231,26.3188,May,Summer,13,Farm,Sheep pox and goat pox
Birds,0,1,0,Virus,India,23.2621,82.5605,December,Winter,21060,Farm,Highly pathogenic avian influenza
Birds,0,0,0,Virus,Hong Kong,22.288818,113.902009,December,Winter,0,Not applicable,Highly pathogenic avian influenza
Birds,0,1,0,Virus,Bulgaria,42.2123,24.9459,February,Winter,143575,Farm,Highly pathogenic avian influenza
Sheep,0,0,0,Virus,Russia,59.517934,29.139273,October,Post-Monsoon,120,Backyard,Sheep pox and goat pox
Sheep,0,0,0,Virus,Tunisia,36.7723,9.1451,August,Monsoon,1893,Farm,Bluetongue
Birds,0,1,0,Virus,United States of America,36.075,-94.2883,May,Summer,16000,Farm,Low pathogenic avian influenza
Common Pochard,1,0,0,Virus,Switzerland,47.04,8.33,January,Winter,0,Body of water,Highly pathogenic avian influenza
Wild boar,1,0,0,Virus,Romania,43.818,24.7515,January,Winter,0,Natural park,African swine fever
Crested Myna,1,0,0,Virus,Hong Kong,22.50679,114.14916,April,Summer,0,Not applicable,Highly pathogenic avian influenza
Wild boar,1,0,0,Virus,Poland,51.35838315,20.57640553,January,Winter,0,Not applicable,African swine fever
Pacific cupped oyster,1,0,1,Virus,France,47.28,-2.23,September,Monsoon,10,Coastal area,Ostreid herpesvirus-1
Herring Gull,1,0,0,Virus,Denmark,55.707,12.1143,June,Monsoon,0,Not applicable,Highly pathogenic avian influenza
Sheep,0,0,0,Virus,Bulgaria,42.2363,24.8297,July,Monsoon,239,Farm,Sheep pox and goat pox
Birds,0,0,0,Virus,Norway,63.11552,7.72421,March,Summer,7,Zoo,Highly pathogenic avian influenza
Wildlife (species unspecified),1,0,0,Virus,Germany,52.314211,8.067794,January,Winter,116,Farm,Bluetongue
Swine,0,0,0,Virus,Bhutan,26.9198895,89.3891886,January,Winter,22,Backyard,African swine fever
Wildlife (species unspecified),1,0,0,Virus,Mongolia,49.0213,101.1138,August,Monsoon,0,Not applicable,Highly pathogenic avian influenza
Puma,1,0,0,Virus,Argentina,-27.8,-64.2667,November,Post-Monsoon,1,Other,SARS-CoV-2 in animals
Swine,0,0,0,Virus,Ukraine,49.7992,35.7695,June,Monsoon,67,Backyard,African swine fever
Cattle,0,0,0,Virus,Korea (Rep. of),36.42489,127.807876,February,Winter,775,Farm,Foot and mouth disease
Dogs,0,0,0,Virus,Kazakhstan,53.82,62.62,July,Monsoon,0,Backyard,Rabies
Birds,0,0,0,Virus,United Kingdom,49.21,-2.03,July,Monsoon,5,Backyard,Highly pathogenic avian influenza
Cattle,0,0,0,Virus,Croatia,45.2477,13.912297,October,Post-Monsoon,128,Farm,Bluetongue
Birds,0,0,0,Virus,Germany,51.148034,14.885179,October,Post-Monsoon,1434,Farm,Highly pathogenic avian influenza
Mustelidae,0,0,0,Virus,Poland,54.0823,15.602,November,Post-Monsoon,8300,Farm,SARS-CoV-2 in animals
Eurasian Eagle-Owl,1,0,0,Virus,Norway,61.1103,6.1299,January,Winter,0,Other,Highly pathogenic avian influenza
Audouin's gull,1,0,0,Virus,Portugal,36.967111,-7.905111,July,Monsoon,0,Not applicable,Highly pathogenic avian influenza
Cattle,0,0,0,Prion,Spain,38.3541,-6.7856,March,Summer,45,Farm,Bovine spongiform encephalopathy
Dogs,0,0,0,Virus,Armenia,40.1337,44.5655,March,Summer,1,Backyard,Rabies
Birds,0,1,0,Virus,Guinea,9.549797,-13.353586,April,Summer,120478,Farm,Highly pathogenic avian influenza
Birds,0,1,0,Virus,Cabo verde,15.194,-23.6009,November,Post-Monsoon,0,Farm,Newcastle disease
Peregrin falcon,1,0,0,Virus,Cyprus,34.75658,32.41129,February,Winter,0,Not applicable,Highly pathogenic avian influenza
Mute Swan,1,0,0,Virus,Slovakia,48.841,17.197,November,Post-Monsoon,1,Other,Highly pathogenic avian influenza
Birds,0,1,0,Virus,Afghanistan,34.6843,62.2656,February,Winter,22000,Farm,Highly pathogenic avian influenza
Swine,0,0,0,Virus,Ukraine,50.6582,34.4072,August,Monsoon,25,Backyard,African swine fever
Goats,0,0,0,Bacterium,Romania,43.879397,24.4152,August,Monsoon,8,Village,Anthrax
Birds,0,1,0,Virus,Croatia,45.144802,17.820554,October,Post-Monsoon,38185,Farm,Highly pathogenic avian influenza
Birds,0,1,0,Virus,Moldova,47.9958,27.469,December,Winter,35,Backyard,Highly pathogenic avian influenza
Swine,0,0,0,Virus,Ukraine,48.649001,30.289855,October,Post-Monsoon,1,Backyard,African swine fever
Swine,0,0,0,Virus,Russia,45.367916,43.327866,August,Monsoon,6,Backyard,African swine fever
Equidae,0,0,0,Virus,Mexico,22.947,-98.0232,November,Post-Monsoon,81,Backyard,Equine encephalomyelitis
Rock Pigeon (Rock Dove),1,0,0,Virus,Russia,50.603651,136.933275,November,Post-Monsoon,0,Other,Highly pathogenic avian influenza
Mustelidae,0,0,0,Virus,Spain,42.8846,-8.5603,June,Monsoon,19231,Farm,SARS-CoV-2 in animals
Cattle,0,0,0,Virus,Zambia,-13.3947,24.1223,August,Monsoon,44587,Other,Foot and mouth disease
Mute Swan,1,0,0,Virus,China (People's Rep. of),42.2104,86.2599,January,Winter,300,Natural park,Highly pathogenic avian influenza
Cattle,0,0,0,Bacterium,Bulgaria,41.8077,25.7819,October,Post-Monsoon,14,Farm,Anthrax
Camelidae,0,0,0,Virus,Mauritania,16.4745,-10.4993,September,Monsoon,119,Village,Rift Valley fever
Birds,0,0,0,Bacterium,Costa Rica,9.96307,-84.25514,December,Winter,176252,Farm,Fowl typhoid
Birds,0,0,0,Virus,Germany,51.259,12.893,April,Summer,14300,Farm,Highly pathogenic avian influenza
Equidae,0,0,0,Virus,France,44.6638,4.4931,April,Summer,109,Farm,Equine infectious anaemia
Sheep,0,0,0,Virus,Bulgaria,42.06,25.1658,July,Monsoon,473,Farm,Sheep pox and goat pox
Birds,0,1,0,Virus,Moldova,47.95,27.86,December,Winter,228,Backyard,Highly pathogenic avian influenza
Cattle,0,0,0,Virus,China (People's Rep. of),30.43,114.7,January,Winter,294,Village,Foot and mouth disease
Cats,0,0,0,Virus,Italy,45.4112,8.6201,March,Summer,1,Other,SARS-CoV-2 in animals
Birds,0,1,0,Virus,Czech Republic,48.88303,16.28914,May,Summer,8331,Farm,Highly pathogenic avian influenza
Birds,0,0,0,Virus,India,25.47,87.27,February,Winter,7000,Farm,Highly pathogenic avian influenza
Sheep,0,0,0,Virus,Bulgaria,42.202878,24.690226,July,Monsoon,89,Farm,Sheep pox and goat pox
Birds,0,1,0,Virus,Hungary,46.90582,18.84979,October,Post-Monsoon,16157,Farm,Highly pathogenic avian influenza
Cattle,0,0,0,Virus,Botswana,-21.79,27.69,April,Summer,16270,Village,Foot and mouth disease
White-winged Tern,1,0,0,Virus,Uganda,0.1661855,32.5779253,January,Winter,0,Village,Highly pathogenic avian influenza
Mustelidae,0,0,0,Virus,Poland,51.754374,21.912153,December,Winter,3000,Farm,SARS-CoV-2 in animals
Birds,0,0,0,Virus,Thailand,16.50175,100.4737,January,Winter,59740,Village,Highly pathogenic avian influenza
Dogs,0,0,0,Virus,Armenia,41.1848,44.9719,November,Post-Monsoon,1,Backyard,Rabies
Birds,0,1,0,Virus,Russia,59.635604,151.315702,July,Monsoon,7775,Farm,Highly pathogenic avian influenza
Cattle,0,0,0,Bacterium,Romania,47.6047,25.8277,December,Winter,3,Farm,Anthrax
Cattle,0,0,0,Prion,Switzerland,46.55956,7.87896,May,Summer,80,Farm,Bovine spongiform encephalopathy
Common Pochard,1,0,0,Virus,Russia,52.073,93.725,May,Summer,0,Not applicable,Highly pathogenic avian influenza
Whooper Swan,1,0,0,Virus,Romania,45.645588,22.007037,December,Winter,0,Natural park,Highly pathogenic avian influenza
Swine,0,0,0,Virus,China (People's Rep. of),28.9315,106.6848,December,Winter,156,Slaughterhouse,Foot and mouth disease
Birds,0,0,0,Virus,Myanmar,22.4901,95.5412,April,Summer,484378,Farm,Highly pathogenic avian influenza
Bean Goose,1,0,0,Virus,Netherlands,51.8,4.96,November,Post-Monsoon,0,Other,Highly pathogenic avian influenza
Herring Gull,1,0,0,Virus,Norway,68.70318,15.41622,July,Monsoon,0,Other,Highly pathogenic avian influenza
Cattle,0,0,0,Virus,India,22.0605,74.8829,September,Monsoon,736592,Backyard,Lumpy skin disease
Birds,0,1,0,Virus,Vietnam,18.9899,105.4911,October,Post-Monsoon,94936,Village,Highly pathogenic avian influenza
Mallard,1,0,0,Virus,Netherlands,52.179,5.319,August,Monsoon,0,Other,Highly pathogenic avian influenza
Birds,0,1,0,Virus,Hungary,47.6435,17.87758,December,Winter,110658,Farm,Highly pathogenic avian influenza
Goats,0,0,0,Virus,Burkina Faso,13.5749,-2.4164,February,Winter,281,Village,Peste des petits ruminants
Egyptian Goose,1,0,0,Virus,Ukraine,46.9605,32.0351,September,Monsoon,1,Zoo,Highly pathogenic avian influenza
Birds,0,0,0,Virus,Japan,33.7875,132.7114,June,Monsoon,58,Farm,Newcastle disease
Cattle,0,0,0,Virus,North Macedonia,41.406508,22.835025,September,Monsoon,6,Farm,Bluetongue
Cattle,0,0,0,Virus,Belize,17.1217,-88.7028,February,Winter,1067,Farm,Vesicular stomatitis
Sheep,0,0,0,Virus,Russia,41.924684,48.272892,January,Winter,1000,Farm,Sheep pox and goat pox
Anatidae (unidentified),1,0,0,Virus,Russia,44.7679,132.7328,August,Monsoon,0,Body of water,Highly pathogenic avian influenza
Bean Goose,1,0,0,Virus,Poland,50.937925,16.615905,January,Winter,0,Other,Highly pathogenic avian influenza
Cattle,0,0,0,Prion,United Kingdom,50.627,-4.381,February,Winter,54,Farm,Bovine spongiform encephalopathy
Mallard,1,0,0,Virus,Japan,42.9848,144.3813,April,Summer,0,Not applicable,Highly pathogenic avian influenza
Birds,0,0,0,Virus,Cambodia,11.52,105.33,April,Summer,1167,Village,Highly pathogenic avian influenza
Mute Swan,1,0,0,Virus,Moldova,47.02,29.37,December,Winter,0,Other,Highly pathogenic avian influenza
Common carp,1,0,1,Virus,Italy,44.966118,7.397533,August,Monsoon,320,Farm,Koi herpesvirus
Swine,0,0,0,Virus,Ukraine,51.160832,34.319453,September,Monsoon,6566,Village,African swine fever
Accipitridae (unidentified),1,0,0,Virus,Germany,53.789783,7.901984,March,Summer,0,Not applicable,Highly pathogenic avian influenza
Wild boar,1,0,0,Virus,Serbia,44.4583,22.0737,February,Winter,0,Forest,African swine fever
Birds,0,0,0,Virus,Croatia,43.5532,16.3841,April,Summer,133,Farm,Newcastle disease
Cattle,0,0,0,Virus,Tunisia,36.771645,8.682281,February,Winter,164,Farm,Foot and mouth disease
Wild boar,1,0,0,Virus,Poland,52.755833,14.696111,May,Summer,0,Not applicable,African swine fever
Bees,0,1,0,Bacterium,Luxembourg,49.662103,6.039882,September,Monsoon,223,Apiary,American foulbrood of honey bees
Accipitridae (unidentified),1,0,0,Virus,Germany,51.66,6.87,May,Summer,0,Not applicable,Highly pathogenic avian influenza
Birds,0,0,0,Virus,France,47.11,-1.72,July,Monsoon,55000,Farm,Newcastle disease
Cattle,0,0,0,Virus,Greece,37.6822,26.8911,December,Winter,322,Farm,Bluetongue
Cattle,0,0,0,Prion,Canada,52.74,-113.92,December,Winter,1,Farm,Bovine spongiform encephalopathy
Cattle,0,0,0,Virus,Mozambique,-24.023348,32.403868,September,Monsoon,3817,Village,Foot and mouth disease
Wild boar,1,0,0,Virus,Poland,50.668925,22.79742,July,Monsoon,0,Farm,African swine fever
Birds,0,1,0,Virus,Malaysia,3.1724954,101.876837,January,Winter,135,Backyard,Newcastle disease
Birds,0,0,0,Virus,Lithuania,54.299233,24.784479,March,Summer,34,Backyard,Highly pathogenic avian influenza
Equidae,0,0,0,Bacterium,Germany,52.584212,7.74417,December,Winter,31,Farm,Glanders
Cattle,0,0,0,Virus,Italy,37.3838,14.5041,February,Winter,8,Farm,Bluetongue
Birds,0,1,0,Virus,Netherlands,51.64,4.16,October,Post-Monsoon,41504,Farm,Low pathogenic avian influenza
Cattle,0,0,0,Virus,Israel,33.2458,35.6642,May,Summer,1989,Other,Foot and mouth disease
Birds,0,0,0,Virus,Czech Republic,50.3052588,14.7087139,November,Post-Monsoon,100,Village,Newcastle disease
Mallard,1,0,0,Virus,Netherlands,52.28,5.29,August,Monsoon,0,Village,Highly pathogenic avian influenza
Dogs,0,0,0,Virus,Finland,61.0425,23.0414,November,Post-Monsoon,1,Not applicable,Rabies
Swine,0,0,0,Virus,Bulgaria,42.888756,27.801562,July,Monsoon,124,Farm,African swine fever
Cattle,0,0,0,Bacterium,Spain,39.1484722,-5.6733769,October,Post-Monsoon,408,Farm,Anthrax
Wildlife (species unspecified),1,0,0,Virus,United Kingdom,50.6185,-2.4582,December,Winter,11,Not applicable,Highly pathogenic avian influenza
Cattle,0,0,0,Prion,Ireland,52.642,-7.958,May,Summer,9,Farm,Bovine spongiform encephalopathy
Dogs,0,0,0,Virus,French Guiana,4.93461,-52.33033,August,Monsoon,1,Not applicable,Rabies
Wildlife (species unspecified),1,0,0,Virus,South Africa,-29.8,30.4,March,Summer,0,Other,Highly pathogenic avian influenza
Birds,0,0,0,Virus,Nepal,28.17322,84.02174,February,Winter,2557,Backyard,Highly pathogenic avian influenza
Rabbits,0,0,0,Virus,Cuba,21.74,-78.55,May,Summer,2485,Farm,Rabbit haemorrhagic disease
Equidae,0,0,0,Virus,France,44.0553,4.7006,October,Post-Monsoon,45,Farm,Equine infectious anaemia
Pacific cupped oyster,0,0,1,Virus,Australia,-34.0151,151.1154,November,Post-Monsoon,0,Estuary,Ostreid herpesvirus-1
Swine,0,0,0,Virus,Ukraine,46.7224,36.2856,July,Monsoon,5,Village,African swine fever
Common carp,0,0,1,Virus,Indonesia,-3.52638,115.0251,September,Monsoon,0,Farm,Koi herpesvirus
Birds,0,1,0,Virus,Philippines,17.220342,121.58264,December,Winter,2350426,Backyard,Highly pathogenic avian influenza
Birds,0,1,0,Virus,Lithuania,55.878593,21.565773,October,Post-Monsoon,77542,Farm,Highly pathogenic avian influenza
Cuckoo wrasse,0,0,1,Virus,United Kingdom,60.0753,-1.1275,January,Winter,102979,Farm,Viral haemorrhagic septicaemia
Swine,0,0,0,Virus,Russia,45.8021,38.7145,September,Monsoon,84356,Farm,African swine fever
Mustelidae,0,0,0,Virus,Poland,53.116111,22.943333,December,Winter,5000,Farm,SARS-CoV-2 in animals
Mustelidae,0,0,0,Virus,Spain,43.002,-8.2681,July,Monsoon,47500,Farm,SARS-CoV-2 in animals
Birds,0,0,0,Virus,Japan,36.6299,136.9784,February,Winter,8700,Farm,Newcastle disease
Swine,0,0,0,Virus,Chinese Taipei,23.874806,120.387898,March,Summer,9026,Farm,Foot and mouth disease
Birds,0,1,0,Virus,Croatia,45.485638,16.349627,November,Post-Monsoon,93,Backyard,Highly pathogenic avian influenza
Birds,0,0,0,Virus,Serbia and Montenegro,44.35,21.11,January,Winter,5308,Village,Newcastle disease
Rainbow trout,0,0,1,Virus,France,48.883331,7.41667,January,Winter,50000,Farm,Viral haemorrhagic septicaemia
North African catfish,0,0,1,Fungus,Malawi,-15.2641,35.4559,May,Summer,3700,Farm,Aphanomyces invadans
Sheep,0,0,0,Virus,Bulgaria,42.2602,24.8751,July,Monsoon,65,Farm,Sheep pox and goat pox
Birds,0,1,0,Virus,United Kingdom,55.76,-3.22,January,Winter,1521244,Farm,Highly pathogenic avian influenza
Swine,0,0,0,Virus,Russia,54.0817,32.3818,July,Monsoon,21,Backyard,African swine fever
Birds,0,1,0,Virus,India,25.594078,85.086904,February,Winter,12631,Farm,Highly pathogenic avian influenza
Birds,0,1,0,Virus,Portugal,38.9085,-9.25084,December,Winter,27315,Farm,Low pathogenic avian influenza
Accipitridae (unidentified),1,0,0,Virus,Germany,53.89,12.45,March,Summer,0,Not applicable,Highly pathogenic avian influenza
Swine,0,0,0,Virus,Cote D'Ivoire,7.0167,-5.8208,April,Summer,244,Farm,African swine fever
Birds,0,1,0,Virus,Estonia,59.19084,24.792034,February,Winter,161,Farm,Highly pathogenic avian influenza
Eurasian Wigeon,1,0,0,Virus,Korea (Rep. of),35.314396,128.682956,February,Winter,0,Other,Highly pathogenic avian influenza
Birds,0,0,0,Virus,Thailand,13.669324,101.223476,April,Summer,500001,Farm,Avian infectious laryngotracheitis
Dogs,0,0,0,Virus,Germany,53.05,8.91,September,Monsoon,1,Other,Rabies
Swine,0,0,0,Virus,Ukraine,49.198,34.2303,September,Monsoon,2151,Farm,African swine fever
Cattle,0,0,0,Virus,Lebanon,34.5861,36.1456,February,Winter,470,Farm,Foot and mouth disease
Cattle,0,0,0,Virus,Germany,48.99,8.51,December,Winter,458,Farm,Bluetongue
Buffaloes,0,0,0,Parasite,Mexico,18.506536,-91.071782,March,Summer,1,Farm,New world screwworm
Common Teal,1,0,0,Virus,Italy,45.32952,12.13465,December,Winter,0,Other,Highly pathogenic avian influenza
Birds,0,0,0,Virus,Saudi Arabia,21.0951,45.8013,November,Post-Monsoon,5150226,Not applicable,Highly pathogenic avian influenza
House Crow,1,0,0,Virus,India,25.27426,82.87214,February,Winter,0,Forest,Highly pathogenic avian influenza
Cattle,0,0,0,Bacterium,Croatia,43.71098333,16.688425,March,Summer,19,Farm,Anthrax
Birds,0,1,0,Virus,Serbia,45.122306,20.386438,May,Summer,463,Backyard,Highly pathogenic avian influenza
Cattle,0,0,0,Virus,Cyprus,35.05734774,33.85000315,November,Post-Monsoon,34,Farm,Bluetongue
Dogs,0,0,0,Virus,France,43.17,6.47,April,Summer,2,Not applicable,Rabies
Sheep,0,0,0,Virus,Italy,37.898199,12.510562,October,Post-Monsoon,443,Farm,Bluetongue
Northern Pintail,1,0,0,Virus,Chinese Taipei,23.495996,120.124266,December,Winter,0,Natural park,Highly pathogenic avian influenza
Cattle,0,0,0,Virus,Madagascar,-21.83,46.93,March,Summer,3,Village,Rift Valley fever
Equidae,0,0,0,Virus,Belarus,52.251,24.4,February,Winter,2,Backyard,Equine infectious anaemia
Equidae,0,0,0,Virus,Tunisia,36.8731,10.24871,September,Monsoon,45,Farm,West Nile Fever
Swine,0,0,0,Virus,Chinese Taipei,23.3307,120.2052,March,Summer,944,Farm,Foot and mouth disease
Equidae,0,0,0,Bacterium,Poland,50.504167,23.579722,June,Monsoon,7,Farm,Anthrax
Cats,0,0,0,Virus,Kazakhstan,48.3833,60.4436,January,Winter,1,Backyard,Rabies
Birds,0,1,0,Virus,United States of America,41.253,-97.129,December,Winter,188081276,Farm,Highly pathogenic avian influenza
Wild boar,1,0,0,Virus,Nepal,27.69532,86.723266,February,Winter,1500,Farm,African swine fever
Buffaloes,0,0,0,Virus,Vietnam,14.1398,108.3307,May,Summer,0,Village,Foot and mouth disease
Wild boar,1,0,0,Virus,Moldova,47.14,27.84,March,Summer,16,Forest,African swine fever
Mustelidae,0,0,0,Virus,Poland,51.49715,18.019679,March,Summer,10471,Farm,SARS-CoV-2 in animals
Equidae,0,0,0,Virus,Spain,36.206713,-5.9744425,September,Monsoon,44,Farm,West Nile Fever
Turdidae (unidentified),1,0,0,Virus,Germany,53.92,12.34,September,Monsoon,0,Not applicable,West Nile Fever
Bees,0,0,0,Bacterium,Romania,47.114471,24.50249,June,Monsoon,264,Apiary,European foulbrood of honey bees
Pacific whiteleg shrimp,0,0,1,Virus,United States of America,21.57,-158.13,May,Summer,0,Pond,White spot disease
Sheep,0,0,0,Virus,Croatia,45.311682,16.553894,September,Monsoon,60,Farm,Bluetongue
Birds,0,1,0,Virus,Chile,-32.4327,-71.1356,January,Winter,380437,Backyard,Low pathogenic avian influenza
Wild boar,1,0,0,Virus,Russia,56.442652,39.276866,October,Post-Monsoon,35,Forest,African swine fever
Swine,0,0,0,Virus,Ukraine,49.2981,24.327,August,Monsoon,62,Backyard,African swine fever
Accipitridae (unidentified),1,0,0,Virus,Germany,52.41,13.51,September,Monsoon,1,Farm,West Nile Fever
Cattle,0,0,0,Bacterium,Armenia,40.1489,44.1955,August,Monsoon,10,Farm,Anthrax
Wild boar,1,0,0,Virus,Romania,46.401409,26.950968,September,Monsoon,0,Farm,African swine fever
Mute Swan,1,0,0,Virus,United Kingdom,51.34,-1.87,November,Post-Monsoon,0,Other,Highly pathogenic avian influenza
Swine,0,0,0,Virus,Ukraine,48.8091,31.6476,September,Monsoon,267,Backyard,African swine fever
Birds,0,0,0,Virus,Hungary,46.540555,20.342222,January,Winter,12741,Farm,Highly pathogenic avian influenza
Jackass Penguin,1,0,0,Virus,Namibia,-25.71,14.83,June,Monsoon,7002,Other,Highly pathogenic avian influenza
Ross's Goose,1,0,0,Virus,Canada,44.66,-63.55,July,Monsoon,0,Not applicable,Highly pathogenic avian influenza
Wildlife (species unspecified),1,0,0,Virus,Ukraine,46.6813,33.2833,April,Summer,0,Not applicable,Highly pathogenic avian influenza
Swine,0,0,0,Virus,Russia,47.7033,40.9609,July,Monsoon,26,Backyard,African swine fever
Rabbits,0,0,0,Virus,Senegal,14.79032,-15.90803,June,Monsoon,1495,Farm,Rabbit haemorrhagic disease
Swine,0,0,0,Virus,South Africa,-31.7283,26.4922,October,Post-Monsoon,9093,Village,Classical swine fever
Birds,0,0,0,Virus,Cambodia,13.3,103.85,February,Winter,12897,Farm,Highly pathogenic avian influenza
Sheep,0,0,0,Virus,Bulgaria,42.200845,24.790453,July,Monsoon,11,Farm,Sheep pox and goat pox
Cattle,0,0,0,Virus,Kazakhstan,51.04,61.66,January,Winter,52,Village,Infectious bovine rhinotracheitis/infectious pustular vulvovaginitis
Birds,0,0,0,Virus,Croatia,46.0336,15.9658,March,Summer,65,Backyard,Highly pathogenic avian influenza
Black-headed Gull,1,0,0,Virus,Ecuador,-2.63199,-80.38808,May,Summer,0,Natural park,Highly pathogenic avian influenza
Cats,0,0,0,Parasite,United States of America,25.356,-80.5145,January,Winter,0,Not applicable,New world screwworm
Wildlife (species unspecified),1,0,0,Bacterium,Israel,32.0818,34.8134,February,Winter,1,Zoo,Mycobacterium tuberculosis complex
Leporidae (unidentified),1,0,0,Virus,Mexico,20.1366,-99.1421,March,Summer,3,Backyard,Rabbit haemorrhagic disease
Cattle,0,0,0,Virus,Germany,51.0,7.14,July,Monsoon,11594,Farm,Bluetongue
Wildlife (species unspecified),1,0,0,Virus,Japan,35.46358,133.065765,March,Summer,14,Not applicable,Highly pathogenic avian influenza
Tiger,1,0,0,Virus,China (People's Rep. of),22.83,108.26,February,Winter,8,Zoo,Highly pathogenic avian influenza
Cattle,0,0,0,Bacterium,Belgium,50.97049,3.00134,September,Monsoon,5,Farm,Mycobacterium tuberculosis complex
Swine,0,0,0,Virus,Russia,52.895142,40.782913,May,Summer,40424,Farm,African swine fever
Cattle,0,0,0,Virus,Ecuador,-2.4343,-78.381,January,Winter,26,Farm,Foot and mouth disease
Birds,0,1,0,Virus,Germany,51.27,14.43,December,Winter,640,Backyard,Highly pathogenic avian influenza
Wildlife (species unspecified),1,0,0,Virus,Vietnam,20.1803,105.3851,March,Summer,579,Not applicable,Highly pathogenic avian influenza
Equidae,0,0,0,Virus,Germany,53.45,9.79,November,Post-Monsoon,1,Backyard,West Nile Fever
Equidae,0,0,0,Virus,Reunion,-21.0562,55.3041,February,Winter,5,Farm,Equine infectious anaemia
Cattle,0,0,0,Virus,Libya,32.4304,22.0126,February,Winter,1565,Farm,Foot and mouth disease
Bees,0,0,0,Parasite,Guatemala,16.8879,-90.3137,August,Monsoon,123,Apiary,Small hive beetle infestation
Goats,0,0,0,Virus,Sudan,18.30955,33.87613,October,Post-Monsoon,1700,Village,Rift Valley fever
Greylag Goose,1,0,0,Virus,Latvia,57.851216,25.031823,April,Summer,0,Not applicable,Highly pathogenic avian influenza
Suidae (unidentified),1,0,0,Virus,Albania,41.83,19.58,November,Post-Monsoon,0,Forest,African swine fever
Mute Swan,1,0,0,Virus,Kazakhstan,43.438,51.3331,December,Winter,0,Body of water,Highly pathogenic avian influenza
Cats,0,0,0,Virus,Switzerland,47.12,9.3,January,Winter,41,Other,SARS-CoV-2 in animals
Sheep,0,0,0,Virus,Denmark,54.758,11.6431,October,Post-Monsoon,250,Farm,Bluetongue
Wild boar,1,0,0,Virus,Ukraine,48.1454,26.0413,January,Winter,0,Forest,African swine fever
Equidae,0,0,0,Virus,United States of America,35.6522,-105.2766,October,Post-Monsoon,271,Farm,Vesicular stomatitis
Sheep,0,0,0,Virus,Georgia,41.6796,44.8662,March,Summer,3740,Farm,Peste des petits ruminants
Birds,0,1,0,Virus,Nepal,27.671097,85.269709,May,Summer,27397,Farm,Highly pathogenic avian influenza
Asian Openbill,1,0,0,Virus,Nepal,26.70165,87.296111,March,Summer,1,Natural park,Highly pathogenic avian influenza
Mute Swan,1,0,0,Virus,Lithuania,53.9753,23.8442,March,Summer,0,Other,Highly pathogenic avian influenza
Birds,0,0,0,Virus,Germany,53.059951,12.348993,December,Winter,56,Farm,Highly pathogenic avian influenza
Birds,0,1,0,Virus,Germany,51.82,6.21,November,Post-Monsoon,15873,Farm,Highly pathogenic avian influenza
Mandarin Duck,1,0,0,Virus,Korea (Rep. of),35.596642,126.731744,November,Post-Monsoon,0,Other,Highly pathogenic avian influenza
Cattle,0,0,0,Virus,Netherlands,52.4319,6.1053,December,Winter,1373,Farm,Bluetongue
Birds,0,1,0,Virus,United Kingdom,54.73,-2.14,March,Summer,40,Backyard,Highly pathogenic avian influenza
Equidae,0,1,0,Virus,Italy,41.998877,12.981204,July,Monsoon,1,Farm,Equine influenza
Black-necked Grebe,1,0,0,Virus,China (People's Rep. of),39.087588,109.944161,May,Summer,0,Natural park,Highly pathogenic avian influenza
Swine,0,0,0,Virus,Russia,54.890402,61.418256,October,Post-Monsoon,818,Backyard,African swine fever
Birds,0,0,0,Virus,Timor-Leste,-8.5525,125.5604,August,Monsoon,0,Farm,Highly pathogenic avian influenza
Wildlife (species unspecified),1,0,0,Virus,Israel,33.0498661144,35.3080466476,February,Winter,0,Farm,Classical swine fever
Equidae,0,0,0,Bacterium,United Kingdom,51.23,-2.33,March,Summer,13,Farm,Contagious equine metritis
Goats,0,0,0,Virus,Greece,37.851508,21.234786,October,Post-Monsoon,1012,Farm,Peste des petits ruminants
Eurasian Sparrowhawk,1,0,0,Virus,Austria,48.47,14.21,April,Summer,0,Backyard,Highly pathogenic avian influenza
Mallard,1,0,0,Virus,Sweden,55.48513,14.01002,December,Winter,0,Other,Highly pathogenic avian influenza
Common Teal,1,0,0,Virus,Romania,44.48779,26.08276,April,Summer,0,Not applicable,Highly pathogenic avian influenza
Birds,0,0,0,Virus,Burkina Faso,12.2,-2.6,March,Summer,130,Village,Highly pathogenic avian influenza
Common Teal,1,0,0,Virus,Netherlands,52.44,4.81,January,Winter,0,Other,Highly pathogenic avian influenza
Cattle,0,0,0,Virus,Germany,50.7395,9.2364,July,Monsoon,9,Farm,Bluetongue
Equidae,0,0,0,Parasite,United States of America,39.00636,-94.346256,June,Monsoon,77,Farm,Equine piroplasmosis
Sheep,0,0,0,Virus,Botswana,-24.62645,26.1015,March,Summer,85,Farm,Bluetongue
Goats,0,0,0,Virus,Romania,44.131523,26.333262,May,Summer,97,Backyard,Caprine arthritis/encephalitis
Cattle,0,0,0,Virus,Korea (Dem People's Rep. of),39.02,125.74,January,Winter,466,Farm,Foot and mouth disease
Swine,0,0,0,Virus,Korea (Rep. of),36.557575,126.677997,March,Summer,37395,Farm,Foot and mouth disease
Cattle,0,0,0,Virus,Korea (Rep. of),37.159335,127.436501,August,Monsoon,1583,Farm,Lumpy skin disease
Cattle,0,0,0,Virus,China (People's Rep. of),28.12,106.58,April,Summer,241,Village,Foot and mouth disease
Birds,0,0,0,Virus,Japan,38.003,140.76,December,Winter,13800,Farm,Newcastle disease
Cattle,0,0,0,Parasite,Mexico,21.14219,-87.990922,July,Monsoon,2587,Farm,New world screwworm
Dogs,0,0,0,Virus,Indonesia,-8.7578,115.16996,November,Post-Monsoon,6889,Village,Rabies
House Crow,1,0,0,Virus,India,25.4989,84.859,March,Summer,0,Not applicable,Highly pathogenic avian influenza
Sheep,0,0,0,Bacterium,Ukraine,51.005172,35.245227,June,Monsoon,0,Village,Anthrax
Birds,0,1,0,Virus,Mozambique,-23.6682,35.3334,September,Monsoon,44340,Farm,Highly pathogenic avian influenza
Birds,0,1,0,Virus,Philippines,6.735215,125.18398,October,Post-Monsoon,1951,Backyard,Highly pathogenic avian influenza
Anserinae (unidentified),1,0,0,Virus,Germany,49.7,10.82,March,Summer,0,Not applicable,Highly pathogenic avian influenza
Swine,0,0,0,Bacterium,Switzerland,46.19804,6.07575,October,Post-Monsoon,67,Farm,Brucellosis
Dogs,0,0,0,Virus,Chinese Taipei,23.63823,120.57632,June,Monsoon,1,Not applicable,Rabies
Cats,0,0,0,Virus,Armenia,41.1867,44.9828,September,Monsoon,1,Backyard,Rabies
Wild boar,1,0,0,Virus,Poland,53.1926,23.8188,February,Winter,0,Not applicable,African swine fever
Sheep,0,0,0,Virus,Portugal,38.447942,-7.796789,September,Monsoon,157,Farm,Bluetongue
Goats,0,0,0,Prion,France,45.01,4.78,January,Winter,580,Farm,Bovine spongiform encephalopathy
Cats,0,0,0,Virus,Laos,18.0742,102.532,January,Winter,153,Village,Rabies
Caspian Tern,1,0,0,Virus,Mauritania,20.0131,-16.3493,April,Summer,0,Natural park,Highly pathogenic avian influenza
Sheep,0,0,0,Virus,Turkey,37.31069515,36.37374758,October,Post-Monsoon,56,Farm,Bluetongue
Bees,0,0,0,Bacterium,Romania,46.984,27.7879,August,Monsoon,230,Apiary,Melissococcus plutonius
Cygnus (unidentified),1,0,0,Virus,Moldova,47.89,28.01,December,Winter,0,Other,Highly pathogenic avian influenza
Birds,0,1,0,Virus,Niger,13.5503,2.0701,January,Winter,19191,Backyard,Highly pathogenic avian influenza
Birds,0,1,0,Virus,Niger,13.623,2.0985,December,Winter,1000,Farm,Highly pathogenic avian influenza
Birds,0,1,0,Virus,United Kingdom,54.64,-5.63,November,Post-Monsoon,27402,Backyard,Highly pathogenic avian influenza
Camelidae,0,0,0,Virus,Switzerland,47.2493,7.8677,September,Monsoon,22,Farm,Bluetongue
Bees,0,0,0,Parasite,Colombia,4.48298,-75.49713,May,Summer,37,Apiary,Small hive beetle infestation
House Crow,1,0,0,Virus,India,27.44694444,83.41638889,March,Summer,0,Village,Highly pathogenic avian influenza
Swine,0,0,0,Virus,Chinese Taipei,23.9212,120.47875,May,Summer,8520,Farm,Foot and mouth disease
Wild boar,1,0,0,Virus,Italy,38.08265,15.93894,April,Summer,0,Natural park,African swine fever
Birds,0,1,0,Virus,Germany,52.85,12.31,November,Post-Monsoon,11446,Farm,Highly pathogenic avian influenza
Sheep,0,0,0,Virus,Israel,32.4041455359,34.9916242152,June,Monsoon,4100,Farm,Sheep pox and goat pox
Dogs,0,0,0,Parasite,Iceland,64.338,-21.9169,November,Post-Monsoon,15,Other,Leishmaniosis
Common Tern,1,0,0,Virus,Namibia,-26.6472,15.1542,December,Winter,0,Other,Highly pathogenic avian influenza
Mallard,1,0,0,Virus,Italy,39.97031,8.399388,November,Post-Monsoon,0,Body of water,Highly pathogenic avian influenza
Birds,0,1,0,Virus,United Kingdom,52.17,1.15,January,Winter,10599,Backyard,Highly pathogenic avian influenza
Cattle,0,0,0,Virus,France,43.02848,0.48117,September,Monsoon,20195,Farm,Epizootic hemorrhagic disease virus
Northern Goshawk,1,0,0,Virus,Croatia,46.4072,16.5222,September,Monsoon,0,Village,West Nile Fever
Wild boar,1,0,0,Virus,Lithuania,55.548894,24.475686,February,Winter,0,Forest,African swine fever
Birds,0,1,0,Virus,North Macedonia,42.0342,21.0991,March,Summer,54,Backyard,Newcastle disease
Birds,0,0,0,Virus,Italy,45.8714,11.9124,August,Monsoon,83,Farm,Newcastle disease
Equidae,0,0,0,Virus,Netherlands,52.011,4.485,October,Post-Monsoon,6,Backyard,West Nile Fever
Swine,0,0,0,Virus,Moldova,46.160915,28.958616,May,Summer,3,Backyard,African swine fever
Wildlife (species unspecified),1,0,0,Virus,Hungary,47.8165384,19.3338921,May,Summer,24648,Not applicable,Classical swine fever
Cattle,0,0,0,Bacterium,Azerbaijan,41.0,47.0,August,Monsoon,45,Village,Anthrax
Cattle,0,0,0,Bacterium,Azerbaijan,40.2419,47.2256,July,Monsoon,155,Backyard,Anthrax
Birds,0,0,0,Virus,Israel,31.29,34.93,October,Post-Monsoon,800,Village,Newcastle disease
Common carp,0,0,1,Virus,South Africa,-26.0,27.9,November,Post-Monsoon,42,Pond,Koi herpesvirus
Birds,0,1,0,Virus,Türkiye (Rep. of),38.83568,35.51978,April,Summer,12532622,Farm,Highly pathogenic avian influenza
Equidae,0,0,0,Virus,Kenya,-1.305832,36.739164,June,Monsoon,74,Farm,African horse sickness
Cattle,0,0,0,Virus,Botswana,-20.662362,27.696159,August,Monsoon,7940,Village,Foot and mouth disease
Bees,0,1,0,Parasite,Cuba,22.62,-80.37,July,Monsoon,25,Apiary,Small hive beetle infestation
Birds,0,1,0,Virus,Hungary,46.4164,19.437296,April,Summer,1507852,Farm,Highly pathogenic avian influenza
Northern Pintail,1,0,0,Virus,Hong Kong,22.4975,114.0489,November,Post-Monsoon,0,Natural park,Highly pathogenic avian influenza
House Crow,1,0,0,Virus,India,23.9048,80.1403,March,Summer,0,Not applicable,Highly pathogenic avian influenza
Birds,0,0,0,Virus,Australia,-32.7225,151.4914,November,Post-Monsoon,50000,Farm,Highly pathogenic avian influenza
Birds,0,0,0,Virus,Ukraine,46.585976,33.464403,December,Winter,2628,Not applicable,Highly pathogenic avian influenza
Swine,0,0,0,Virus,Ukraine,49.8814,30.2162,July,Monsoon,3787,Farm,African swine fever
Birds,0,1,0,Virus,Bulgaria,43.476,27.866,November,Post-Monsoon,1257395,Farm,Highly pathogenic avian influenza
Birds,0,1,0,Virus,Slovakia,48.388,17.844,December,Winter,34,Backyard,Highly pathogenic avian influenza
Birds,0,1,0,Virus,Burkina Faso,12.2462,-1.3315,December,Winter,150000,Farm,Highly pathogenic avian influenza
Cattle,0,0,0,Virus,Botswana,-21.57112,28.01165,May,Summer,150000,Village,Foot and mouth disease
Birds,0,1,0,Virus,United States of America,37.302,-120.483,March,Summer,61000,Farm,Low pathogenic avian influenza
Birds,0,0,0,Virus,Cambodia,10.81,104.33,May,Summer,505,Backyard,Highly pathogenic avian influenza
Hippopotamus,1,0,0,Bacterium,Congo (Dem. Rep. of the),-0.5045,29.6685,May,Summer,0,Body of water,Anthrax
Equidae,0,0,0,Virus,Germany,50.9822,6.9531,September,Monsoon,804,Farm,Equine infectious anaemia
Cattle,0,0,0,Virus,South Africa,-24.9058,31.3686,April,Summer,5510,Not applicable,Foot and mouth disease
Wild boar,1,0,0,Virus,Poland,52.58,16.3087,August,Monsoon,0,Not applicable,African swine fever
Birds,0,1,0,Virus,United Kingdom,54.86,-2.78,September,Monsoon,43339,Farm,Highly pathogenic avian influenza
Cattle,0,0,0,Parasite,Costa Rica,10.7822,-84.3758,February,Winter,1711,Farm,New world screwworm
Cattle,0,0,0,Virus,Norway,59.3914,11.5481,December,Winter,3991,Farm,Bluetongue
Canidae (unidentified),1,0,0,Virus,Congo (Rep. of the),-4.7772,11.889,January,Winter,0,Other,Rabies
Accipitridae (unidentified),1,0,0,Virus,Germany,52.5022,13.529,December,Winter,0,Forest,West Nile Fever
Wild boar,1,0,0,Virus,Ukraine,48.5472,30.0387,December,Winter,26,Other,African swine fever
Swine,0,0,0,Virus,Ukraine,48.6963,37.5661,October,Post-Monsoon,6,Backyard,African swine fever
Birds,0,1,0,Virus,Bulgaria,42.088,25.0179,April,Summer,87832,Farm,Highly pathogenic avian influenza
Wild boar,1,0,0,Virus,Ukraine,51.731683,26.806017,July,Monsoon,0,Forest,African swine fever
Cattle,0,0,0,Virus,Israel,33.0868413677,35.1131625799,November,Post-Monsoon,250,Village,Bluetongue
Birds,0,1,0,Virus,India,20.041303,85.538635,July,Monsoon,24107,Farm,Highly pathogenic avian influenza
Birds,0,0,0,Virus,Chinese Taipei,23.75654,120.37041,January,Winter,28,Backyard,Highly pathogenic avian influenza
Swine,0,0,0,Virus,Ukraine,47.3227,33.0425,December,Winter,141,Farm,African swine fever
Wildlife (species unspecified),1,0,0,Virus,Czech Republic,48.68935,14.12447,April,Summer,0,Not applicable,Highly pathogenic avian influenza
Cattle,0,0,0,Bacterium,Spain,43.313356,-4.982089,October,Post-Monsoon,288,Farm,Anthrax
Wild boar,1,0,0,Virus,Moldova,47.62396,27.34859,May,Summer,0,Forest,African swine fever
Birds,0,0,0,Virus,Sweden,58.4963,15.7898,June,Monsoon,38000,Farm,Newcastle disease
Anatidae (unidentified),1,0,0,Virus,Germany,50.3,11.17,November,Post-Monsoon,0,Not applicable,Highly pathogenic avian influenza
Equidae,0,0,0,Virus,Belgium,51.34,4.72,February,Winter,17,Farm,Equine infectious anaemia
Birds,0,0,0,Virus,Portugal,39.434184,-9.142658,January,Winter,41,Backyard,Highly pathogenic avian influenza
"Largemouth black bass
",0,0,1,Fungus,Chinese Taipei,25.22446,121.53835,November,Post-Monsoon,60000,Pond,Aphanomyces invadans
Grey Heron,1,0,0,Virus,Chinese Taipei,23.174931,120.116352,January,Winter,0,Other,Highly pathogenic avian influenza
Cattle,0,0,0,Virus,Guinea-Bissau,12.4053,-15.7975,August,Monsoon,8464,Village,Foot and mouth disease
Rabbits,0,0,0,Virus,Italy,46.12918,13.251089,June,Monsoon,16000,Farm,Rabbit haemorrhagic disease
Wild boar,1,0,0,Virus,Russia,53.202585,35.252763,March,Summer,0,Natural park,African swine fever
Equidae,0,0,0,Virus,Germany,47.84,8.76,August,Monsoon,359,Farm,Equine infectious anaemia
Birds,0,1,0,Virus,France,43.50414,-1.210024,January,Winter,1600,Farm,Newcastle disease
Birds,0,1,0,Virus,United States of America,33.105,-88.561,March,Summer,47654,Farm,Highly pathogenic avian influenza
Cats,0,0,0,Virus,Kazakhstan,42.3,69.6,October,Post-Monsoon,5,Backyard,Rabies
Dogs,0,0,0,Virus,Ceuta,35.8939,-5.3353,September,Monsoon,0,Other,Rabies
Cats,0,0,0,Virus,Russia,55.784228,37.414859,May,Summer,1,Other,SARS-CoV-2 in animals
Birds,0,1,0,Virus,Hungary,47.098114,20.103912,April,Summer,46065,Farm,Highly pathogenic avian influenza
Cattle,0,0,0,Virus,Iraq,33.301,44.2237,March,Summer,644,Farm,Lumpy skin disease
Birds,0,0,0,Virus,Palestinian Territory,32.3359,35.3264,February,Winter,2000,Farm,Highly pathogenic avian influenza
Alcidae (unidentified),1,0,0,Virus,Russia,48.780108,142.883108,July,Monsoon,0,Not applicable,Highly pathogenic avian influenza
Cattle,0,0,0,Virus,Luxembourg,50.094828,6.057028,January,Winter,1349,Farm,Bluetongue
Swine,0,0,0,Virus,Bhutan,27.443911,89.375403,July,Monsoon,2,Backyard,African swine fever
Birds,0,0,0,Virus,Peru,-13.01,-73.98,October,Post-Monsoon,50,Farm,Newcastle disease
Cattle,0,0,0,Bacterium,Japan,34.9082,133.0902,September,Monsoon,40,Farm,Brucellosis
Swine,0,0,0,Virus,Sri Lanka,7.4871,80.3645,November,Post-Monsoon,1701,Farm,African swine fever
Cattle,0,0,0,Bacterium,Benin,10.2254,1.0299,March,Summer,2,Village,Anthrax
Wild boar,1,0,0,Virus,Poland,50.8772,17.8894,December,Winter,0,Not applicable,African swine fever
Birds,0,1,0,Virus,France,46.9294,-0.48641,November,Post-Monsoon,9000,Farm,Low pathogenic avian influenza
Birds,0,1,0,Virus,Iraq,33.572,44.2416,April,Summer,836996,Farm,Highly pathogenic avian influenza
Birds,0,0,0,Virus,Estonia,58.1646,25.4024,July,Monsoon,5122,Farm,Newcastle disease
Goats,0,0,0,Virus,Bhutan,26.9231,89.528,June,Monsoon,74,Village,Peste des petits ruminants
Birds,0,1,0,Virus,India,20.679774,81.08358,January,Winter,23747,Backyard,Highly pathogenic avian influenza
Cattle,0,0,0,Virus,Russia,49.6993,117.885,July,Monsoon,2256,Farm,Foot and mouth disease
Sheep,0,0,0,Virus,Namibia,-25.69,16.69,March,Summer,0,Farm,Bluetongue
Swine,0,0,0,Virus,Chinese Taipei,23.708497,120.311802,June,Monsoon,1296,Farm,Foot and mouth disease
Equidae,0,0,0,Virus,France,43.627532,4.418838,October,Post-Monsoon,169,Other,West Nile Fever
Rainbow trout,0,0,1,Virus,North Macedonia,41.770878,20.846378,November,Post-Monsoon,443380,Farm,Infectious haematopoietic necrosis virus
Cattle,0,0,0,Virus,Palestinian Territory,32.1926,35.132,June,Monsoon,62,Farm,Foot and mouth disease
Birds,0,0,0,Virus,Israel,31.4586,35.3888,April,Summer,115,Not applicable,Highly pathogenic avian influenza
Wild boar,1,0,0,Virus,Russia,58.835,30.139,September,Monsoon,34,Natural park,African swine fever
Amur carp,0,0,1,Virus,South Africa,-24.3,28.7,January,Winter,410,Other,Koi herpesvirus
Cattle,0,0,0,Bacterium,Myanmar,20.81,95.53,May,Summer,130,Village,Anthrax
Wildlife (species unspecified),1,0,0,Virus,Israel,32.0434139641,35.4413528952,April,Summer,0,Not applicable,Highly pathogenic avian influenza
Cattle,0,0,0,Virus,Austria,47.238,14.858,October,Post-Monsoon,441,Farm,Bluetongue
Cattle,0,0,0,Virus,Switzerland,47.33,7.2,October,Post-Monsoon,6196,Farm,Bluetongue
Birds,0,1,0,Virus,Israel,32.4780832225,35.4180178886,April,Summer,13500,Farm,Highly pathogenic avian influenza
Wild boar,1,0,0,Virus,Czech Republic,50.87089,15.01052,August,Monsoon,0,Forest,African swine fever
Hooded Crow,1,0,0,Virus,Poland,52.224423,21.319062,September,Monsoon,0,Not applicable,West Nile Fever
Cattle,0,0,0,Bacterium,Namibia,-18.14,14.09,July,Monsoon,1546,Village,Mycoplasma mycoides subsp. mycoides SC
Cattle,0,0,0,Virus,Rwanda,-1.9267,30.6405,June,Monsoon,499,Farm,Foot and mouth disease
Rainbow trout,1,0,1,Virus,Belgium,50.3,4.86,June,Monsoon,150,Pond,Viral haemorrhagic septicaemia
Birds,0,1,0,Virus,Sweden,55.957745,14.036239,March,Summer,40117,Farm,Newcastle disease
Accipitridae (unidentified),1,0,0,Virus,Germany,52.53,13.08,December,Winter,1,Farm,West Nile Fever
Birds,0,1,0,Virus,Vietnam,15.3141,108.8015,June,Monsoon,8100,Village,Highly pathogenic avian influenza
Swine,0,0,0,Virus,Ukraine,50.5616,33.7852,December,Winter,250,Farm,African swine fever
Birds,0,1,0,Virus,Israel,32.651,35.179,January,Winter,2000,Farm,Highly pathogenic avian influenza
Equidae,0,0,0,Virus,Sudan,11.3425,25.482,March,Summer,0,Village,Equine influenza
Northern Goshawk,1,0,0,Virus,Estonia,59.437186,24.351471,March,Summer,0,Not applicable,Highly pathogenic avian influenza
Swine,0,0,0,Virus,Bhutan,26.860087,89.371906,May,Summer,2035,Other,African swine fever
Mute Swan,1,0,0,Virus,Croatia,45.1061,19.0331,March,Summer,0,Village,Highly pathogenic avian influenza
Cattle,0,0,0,Virus,Greece,38.5278,26.1131,June,Monsoon,1271,Farm,Bluetongue
Goats,0,0,0,Virus,Israel,32.9471171018,35.2491129441,March,Summer,1495,Farm,Peste des petits ruminants
Birds,0,1,0,Virus,Moldova,47.437752,28.290161,January,Winter,2800,Backyard,Highly pathogenic avian influenza
Dogs,0,0,0,Virus,Burkina Faso,12.3787,-1.5413,June,Monsoon,3,Backyard,Rabies
Swine,0,0,0,Virus,Chinese Taipei,23.229647,120.23224,March,Summer,119,Farm,Foot and mouth disease
Goats,0,0,0,Virus,Chinese Taipei,24.037682,120.424257,July,Monsoon,25625,Farm,Sheep pox and goat pox
Wildlife (species unspecified),1,0,0,Virus,Romania,44.79,27.37,March,Summer,539,Village,Highly pathogenic avian influenza
Birds,0,0,0,Virus,Lithuania,54.799534,24.489615,May,Summer,160,Other,Highly pathogenic avian influenza
Wild boar,1,0,0,Virus,Ukraine,48.14552,23.00738,December,Winter,13,Not applicable,African swine fever
Swine,0,0,0,Bacterium,Romania,44.2104,28.2056,July,Monsoon,22232,Farm,Brucellosis
Swine,0,0,0,Virus,Moldova,46.57,28.32,February,Winter,8,Backyard,African swine fever
Cattle,0,0,0,Virus,Italy,45.107969,7.852241,December,Winter,544,Farm,Bluetongue
Wild boar,1,0,0,Virus,Romania,47.571267,22.425549,September,Monsoon,0,Backyard,African swine fever
Buffaloes,0,0,0,Virus,Germany,50.883366,6.265614,August,Monsoon,407,Farm,Bluetongue
Birds,0,1,0,Virus,United Kingdom,52.89,-2.72,January,Winter,1709400,Farm,Highly pathogenic avian influenza
Swine,0,0,0,Virus,Brazil,-3.0233,-41.1863,May,Summer,43,Backyard,Classical swine fever
Birds,0,1,0,Virus,South Africa,-34.0,22.9,December,Winter,308536,Farm,Highly pathogenic avian influenza
Goats,0,0,0,Virus,Israel,32.72505052,35.465538355,January,Winter,120,Farm,Peste des petits ruminants
Cattle,0,0,0,Prion,Ireland,53.945768,-6.601172,March,Summer,289,Farm,Bovine spongiform encephalopathy
Cattle,0,0,0,Virus,China (People's Rep. of),25.18,110.33,April,Summer,40,Farm,Foot and mouth disease
Equidae,0,0,0,Virus,Belgium,51.0759,3.94519,July,Monsoon,88,Other,Equine infectious anaemia
Birds,0,1,0,Virus,Denmark,56.8177,10.0358,February,Winter,7246,Farm,Low pathogenic avian influenza
Greylag Goose,1,0,0,Virus,Poland,51.017143,21.784717,January,Winter,0,Other,Highly pathogenic avian influenza
Bushpig,1,0,0,Virus,South Africa,-28.5,24.4,June,Monsoon,1,Village,African swine fever
Wild boar,1,0,0,Virus,Hungary,48.152651,22.572655,February,Winter,0,Forest,African swine fever
North African catfish,1,0,1,Fungus,South Africa,-25.68,27.75,August,Monsoon,200,Pond,Epizootic ulcerative syndrome
Swine,0,0,0,Virus,Kenya,0.516108,35.319599,August,Monsoon,245,Farm,African swine fever
Birds,0,1,0,Virus,Kazakhstan,43.335556,76.702222,October,Post-Monsoon,670769,Farm,Highly pathogenic avian influenza
Cattle,0,0,0,Bacterium,Bosnia and Herzegovina,44.3257,17.1325,December,Winter,70,Farm,Anthrax
Swine,0,0,0,Virus,China (People's Rep. of),29.308783,113.585786,November,Post-Monsoon,535,Other,African swine fever
White-tailed Eagle,1,0,0,Virus,Sweden,56.180068,15.0031,January,Winter,0,Natural park,Highly pathogenic avian influenza
Cattle,0,0,0,Virus,Botswana,-20.18111,22.47139,August,Monsoon,25744,Village,Foot and mouth disease
Rainbow trout,0,0,1,Virus,Italy,46.323294,10.858291,October,Post-Monsoon,0,Farm,Infectious haematopoietic necrosis virus
Wild boar,1,0,0,Virus,Ukraine,50.4229,28.3823,November,Post-Monsoon,0,Backyard,African swine fever
Wildlife (species unspecified),1,0,0,Virus,Norway,76.4452,25.0222,January,Winter,3,Not applicable,Rabies
Birds,0,0,0,Virus,Turkey,38.855671,27.842024,May,Summer,2048083,Farm,Highly pathogenic avian influenza
Birds,0,0,0,Virus,Korea (Rep. of),35.909601,128.642773,June,Monsoon,2086834,Backyard,Highly pathogenic avian influenza
Swine,0,0,0,Virus,Georgia,42.4114,43.5414,August,Monsoon,523830,Village,African swine fever
Birds,0,1,0,Virus,Norway,59.4019,11.1656,November,Post-Monsoon,50,Farm,Low pathogenic avian influenza
Grey Heron,1,0,0,Virus,Russia,46.11536,40.98688,December,Winter,0,Not applicable,Highly pathogenic avian influenza
Cattle,0,0,0,Virus,Morocco,30.038972,-9.492306,July,Monsoon,450,Farm,Foot and mouth disease
Wild boar,1,0,0,Virus,France,43.74142,6.899531,April,Summer,63,Farm,Aujeszky's disease
Birds,0,0,0,Virus,Myanmar,18.93953,96.43314,March,Summer,2974,Farm,Highly pathogenic avian influenza
Swine,0,0,0,Virus,Ukraine,49.515154,38.713647,January,Winter,42,Backyard,African swine fever
Birds,0,1,0,Virus,Chile,-32.7151,-71.1879,April,Summer,173203,Farm,Highly pathogenic avian influenza
Sheep,0,0,0,Virus,South Africa,-28.6,20.3,October,Post-Monsoon,250,Farm,Rift Valley fever
Swine,0,0,0,Virus,Ukraine,50.6921,26.2369,January,Winter,0,Other,African swine fever
Swine,0,0,0,Virus,Ukraine,49.659759,25.771397,January,Winter,15,Backyard,African swine fever
Wild boar,1,0,0,Virus,Ukraine,50.479629,33.750615,November,Post-Monsoon,0,Forest,African swine fever
Birds,0,0,0,Virus,United Kingdom,49.72,-2.2,July,Monsoon,5,Other,Highly pathogenic avian influenza
Birds,0,1,0,Virus,Netherlands,51.27,5.74,May,Summer,514418,Farm,Highly pathogenic avian influenza
Birds,0,1,0,Virus,Poland,52.155199,16.050772,March,Summer,2218869,Farm,Highly pathogenic avian influenza
Goats,0,0,0,Virus,Algeria,34.7237,8.0744,August,Monsoon,318,Farm,Peste des petits ruminants
Swine,0,0,0,Virus,Ukraine,48.6686,37.3612,April,Summer,25,Backyard,African swine fever
Cattle,0,0,0,Virus,Ecuador,-0.061027,-79.14346,June,Monsoon,286,Farm,Vesicular stomatitis
Birds,0,1,0,Virus,Ghana,5.61543,-0.08097,June,Monsoon,9597,Village,Highly pathogenic avian influenza
Birds,0,1,0,Virus,Italy,45.337184,10.46897,April,Summer,1105307,Farm,Highly pathogenic avian influenza
Swine,0,0,0,Virus,Chinese Taipei,24.24083,120.53944,October,Post-Monsoon,301,Farm,African swine fever
Mute Swan,1,0,0,Virus,Serbia,44.748226,20.694575,November,Post-Monsoon,0,Forest,Highly pathogenic avian influenza
Birds,0,1,0,Virus,Hungary,46.38644,17.81331,January,Winter,39000,Farm,Highly pathogenic avian influenza
Birds,0,0,0,Virus,Panama,8.564,-82.4312,January,Winter,408,Backyard,Highly pathogenic avian influenza
Birds,0,1,0,Virus,Hungary,47.873579,21.393143,November,Post-Monsoon,321214,Farm,Highly pathogenic avian influenza
Cattle,0,0,0,Virus,Tunisia,36.505872,10.021935,September,Monsoon,2590,Farm,Foot and mouth disease
Sheep,0,0,0,Virus,Argentina,-34.06982,-59.56596,December,Winter,27,Farm,Equine encephalomyelitis
Swine,0,0,0,Virus,Ukraine,48.5111,30.957,March,Summer,437,Farm,African swine fever
White Stork,1,0,0,Virus,Poland,50.589,20.31,April,Summer,0,Not applicable,Highly pathogenic avian influenza
Cattle,0,0,0,Virus,Vietnam,16.5541,107.0449,June,Monsoon,477,Village,Foot and mouth disease
Cattle,0,0,0,Virus,Egypt,30.76,30.697,August,Monsoon,16,Backyard,Rabies
Cattle,0,0,0,Bacterium,Israel,32.8446839127,35.8087475569,December,Winter,420,Not applicable,Anthrax
Birds,0,1,0,Virus,Bolivia,-17.38103,-66.28944,January,Winter,590835,Farm,Highly pathogenic avian influenza
Cattle,0,0,0,Prion,Canada,53.55014,-113.46871,February,Winter,746,Farm,Bovine spongiform encephalopathy
Wood Duck,1,1,0,Virus,Slovakia,49.348332,18.9549611,January,Winter,1,Backyard,Highly pathogenic avian influenza
Cattle,0,0,0,Bacterium,Germany,51.201679,11.835988,April,Summer,97,Farm,Anthrax
Plain chachalaca,1,0,0,Virus,Mexico,16.724614,-93.094339,April,Summer,0,Not applicable,Highly pathogenic avian influenza
Birds,0,0,0,Virus,Chinese Taipei,23.519419,120.230339,February,Winter,8,Backyard,Highly pathogenic avian influenza
Birds,0,1,0,Virus,Denmark,56.9191,9.5508,August,Monsoon,1448,Farm,Low pathogenic avian influenza
Sheep,0,0,0,Virus,Tunisia,35.577191,10.74083,October,Post-Monsoon,347,Farm,Bluetongue
Mute Swan,1,0,0,Virus,Denmark,54.5994,11.4861,August,Monsoon,0,Not applicable,Highly pathogenic avian influenza
Swine,0,0,0,Virus,Chinese Taipei,25.0919527,121.287713,December,Winter,1013,Not applicable,Foot and mouth disease
Birds,0,1,0,Virus,Czech Republic,50.17309,15.54612,February,Winter,206160,Farm,Highly pathogenic avian influenza
Birds,0,1,0,Virus,Japan,35.7269,140.3427,April,Summer,793914,Farm,Highly pathogenic avian influenza
Sheep,0,0,0,Virus,Israel,31.4132735,35.16424647,July,Monsoon,500,Farm,Peste des petits ruminants
Carrion Crow,1,0,0,Virus,Russia,50.6535,136.9545,April,Summer,0,Not applicable,Highly pathogenic avian influenza
Equidae,0,0,0,Bacterium,Kazakhstan,43.39,69.77,July,Monsoon,0,Village,Anthrax
Equidae,0,0,0,Bacterium,Iran,35.18531,47.00196,September,Monsoon,36,Farm,Glanders
Dogs,0,0,0,Parasite,Uruguay,-34.8408,-56.235,October,Post-Monsoon,1,Not applicable,Leishmaniosis
Birds,0,0,0,Virus,Belgium,50.79913,3.21386,June,Monsoon,5019,Other,Highly pathogenic avian influenza
Camelidae,0,0,0,Virus,Kenya,0.237924,37.952045,July,Monsoon,730,Farm,Rift Valley fever
Cattle,0,0,0,Virus,Hungary,47.834444,20.803056,August,Monsoon,375,Farm,Bluetongue
Camelidae,0,0,0,Virus,United Kingdom,52.64281,1.404834,February,Winter,3,Farm,Bluetongue
Common Teal,1,0,0,Virus,United Kingdom,54.8628,-2.5072,February,Winter,0,Backyard,Highly pathogenic avian influenza
Swine,0,0,0,Virus,Ukraine,50.4944,34.0243,August,Monsoon,41,Backyard,African swine fever
Birds,0,1,0,Virus,Hong Kong,22.3913,113.9715,May,Summer,0,Not applicable,Low pathogenic avian influenza
Cattle,0,0,0,Virus,Canada,49.4607,-119.5901,October,Post-Monsoon,251,Farm,Bluetongue
Accipitridae (unidentified),1,0,0,Virus,Hungary,47.617691,16.842077,February,Winter,0,Village,Highly pathogenic avian influenza
Birds,0,0,0,Virus,India,24.816,93.933,July,Monsoon,144,Village,Highly pathogenic avian influenza
Cattle,0,0,0,Bacterium,Spain,38.0307249,-5.6438003,December,Winter,77,Farm,Anthrax
Western roe deer,1,0,0,Virus,Bulgaria,41.5909,24.715,December,Winter,0,Farm,Bluetongue
Rabbits,0,0,0,Virus,Cuba,22.955295,-82.413867,June,Monsoon,62627,Backyard,Rabbit haemorrhagic disease
Wild boar,1,0,0,Virus,Romania,47.3201,22.7228,February,Winter,695,Natural park,African swine fever
Birds,0,0,0,Virus,Israel,32.8516082924,35.6645907931,January,Winter,1019234,Not applicable,Newcastle disease
European Rabbit,1,0,0,Virus,Australia,-35.3075,149.1244,May,Summer,0,Natural park,Rabbit haemorrhagic disease
Eurasian Wigeon,1,0,0,Virus,Iceland,66.0507,-17.353,March,Summer,0,Not applicable,Highly pathogenic avian influenza
Dogs,0,0,0,Parasite,Armenia,41.087924,44.667985,May,Summer,1,Backyard,Leishmaniosis
Wild boar,1,0,0,Virus,Moldova,47.52763,27.46316,April,Summer,0,Forest,African swine fever
Birds,0,1,0,Virus,Sweden,56.053208,12.849506,May,Summer,231438,Farm,Newcastle disease
Swine,0,0,0,Virus,Bulgaria,42.313,22.383,May,Summer,10,Farm,Classical swine fever
Dogs,0,0,0,Virus,Germany,50.786242,13.131047,December,Winter,2,Not applicable,Aujeszky's disease
Birds,0,0,0,Virus,Cambodia,10.65,104.62,March,Summer,6676,Village,Highly pathogenic avian influenza
Swine,0,0,0,Virus,China (People's Rep. of),39.301,117.387,November,Post-Monsoon,1000,Farm,African swine fever
Goats,0,0,0,Virus,Greece,39.459521,22.8629355,June,Monsoon,96,Farm,Sheep pox and goat pox
Black-faced spoonbill,1,0,0,Virus,Chinese Taipei,23.009479,120.167448,December,Winter,0,Other,Highly pathogenic avian influenza
Accipitridae (unidentified),1,0,0,Virus,Germany,51.67,11.76,September,Monsoon,0,Backyard,West Nile Fever
Birds,0,1,0,Virus,South Africa,-33.7,22.2,August,Monsoon,58,Farm,Low pathogenic avian influenza
Birds,0,1,0,Virus,Korea (Rep. of),36.05271,127.014395,December,Winter,50110,Farm,Low pathogenic avian influenza
Camelidae (unidentified),1,0,0,Bacterium,Armenia,40.1489,44.4904,January,Winter,4,Zoo,Mycobacterium tuberculosis complex
Accipitridae (unidentified),1,0,0,Virus,Germany,53.52,10.01,February,Winter,0,Not applicable,Highly pathogenic avian influenza
Birds,0,0,0,Virus,Vietnam,15.2101,108.8776,June,Monsoon,3700,Backyard,Highly pathogenic avian influenza
New Zealand green-lipped mussel,0,0,1,Parasite,New Zealand,-40.6678,172.5304,August,Monsoon,0,Farm,Perkinsus olseni
Wild boar,1,0,0,Virus,Poland,53.84951,19.21694,December,Winter,0,Not applicable,African swine fever
Birds,0,1,0,Virus,Denmark,56.9973,9.8832,June,Monsoon,1896,Other,Newcastle disease
Cattle,0,0,0,Bacterium,Kazakhstan,49.2508,84.1416,July,Monsoon,816,Village,Anthrax
Brown skua,1,0,0,Virus,St. Helena,-40.34,-9.88,September,Monsoon,0,Other,Highly pathogenic avian influenza
Wild boar,1,0,0,Virus,Russia,48.388002,45.758149,February,Winter,0,Forest,African swine fever
Birds,0,0,0,Virus,Israel,31.7494696684,34.9857487051,September,Monsoon,17000,Not applicable,Newcastle disease
Cattle,0,0,0,Virus,Lebanon,33.8964,35.6779,February,Winter,0,Farm,Foot and mouth disease
White Stork,1,0,0,Virus,Spain,41.623557145,-0.844336394,December,Winter,0,Other,Highly pathogenic avian influenza
Cattle,0,0,0,Virus,Bhutan,26.8326,91.4691,March,Summer,42,Not applicable,Foot and mouth disease
Grey Heron,1,0,0,Virus,Slovenia,46.0571,14.4673,February,Winter,0,Zoo,Highly pathogenic avian influenza
Cattle,0,0,0,Bacterium,Kyrgyzstan,41.09,75.54,September,Monsoon,148,Village,Anthrax
Equidae,0,0,0,Virus,Panama,8.9492,-78.6106,May,Summer,134,Farm,Equine encephalomyelitis
Swine,0,0,0,Virus,Ukraine,50.2734,28.6815,February,Winter,95,Farm,African swine fever
Cattle,0,0,0,Virus,Cambodia,12.034649,105.440299,January,Winter,4147,Village,Lumpy skin disease
Birds,0,0,0,Virus,Peru,-17.997839,-70.260337,February,Winter,0,Farm,Newcastle disease
Bees,0,1,0,Bacterium,Romania,45.288573,26.678441,September,Monsoon,217,Apiary,European foulbrood of honey bees
Accipitridae (unidentified),1,0,0,Virus,Germany,51.5,12.64,November,Post-Monsoon,0,Not applicable,Highly pathogenic avian influenza
Wild boar,1,0,0,Virus,Russia,56.1807,51.6422,July,Monsoon,0,Forest,African swine fever
Cattle,0,0,0,Bacterium,Kazakhstan,49.7191,47.6566,July,Monsoon,285,Village,Anthrax
Birds,0,1,0,Virus,Russia,51.70243,35.839124,January,Winter,116,Backyard,Newcastle disease
Birds,0,1,0,Virus,Hungary,46.995507,20.254649,January,Winter,17660,Farm,Highly pathogenic avian influenza
Accipitridae (unidentified),1,0,0,Virus,Germany,52.81,12.12,June,Monsoon,0,Not applicable,Highly pathogenic avian influenza
Cattle,0,0,0,Virus,Algeria,36.2051,1.2131,October,Post-Monsoon,11,Farm,Bluetongue
Equidae,0,1,0,Virus,Senegal,14.829,-16.757,May,Summer,1332125,Village,Equine influenza
Birds,0,1,0,Virus,Chinese Taipei,23.80869,120.418554,April,Summer,4184,Farm,Low pathogenic avian influenza
Swine,0,0,0,Virus,Ukraine,48.5872,28.9792,August,Monsoon,800,Farm,African swine fever
Swine,0,0,0,Virus,Nigeria,7.04,3.75,July,Monsoon,229,Farm,African swine fever
Cattle,0,0,0,Virus,South Sudan (Rep. of),6.4044,30.2459,December,Winter,2000,Village,Rift Valley fever
Buffaloes,0,0,0,Virus,Iraq,33.85377,44.7745,March,Summer,60,Village,Foot and mouth disease
Birds,0,1,0,Virus,Germany,51.27,12.87,December,Winter,9264,Backyard,Highly pathogenic avian influenza
Lesser Black-backed Gull,1,0,0,Virus,Portugal,40.636043,-8.727829,October,Post-Monsoon,0,Not applicable,Highly pathogenic avian influenza
Cattle,0,0,0,Virus,Russia,53.623183,91.281975,December,Winter,2666,Backyard,Lumpy skin disease
Birds,0,1,0,Virus,Germany,48.28,12.29,March,Summer,52640,Backyard,Highly pathogenic avian influenza
Rabbits/hares (mixed group),0,0,0,Virus,United States of America,41.132,-81.887,August,Monsoon,5,Farm,Rabbit haemorrhagic disease
Birds,0,1,0,Virus,United Kingdom,50.985862,-1.2187405,January,Winter,10572,Farm,Low pathogenic avian influenza
Goats,0,0,0,Bacterium,Colombia,11.702102,-72.447895,November,Post-Monsoon,1488,Farm,Anthrax
Birds,0,0,0,Virus,Bangladesh,25.5738999,89.2766879,February,Winter,2744471,Farm,Highly pathogenic avian influenza
Wildlife (species unspecified),1,0,0,Virus,Croatia,45.05851,18.88585,April,Summer,3,Farm,Classical swine fever
Birds,0,1,0,Virus,Italy,45.64074,12.32661,September,Monsoon,995100,Farm,Highly pathogenic avian influenza
Wild boar,1,0,0,Virus,Montenegro,42.894,18.4975,January,Winter,0,Other,African swine fever
Swine,0,0,0,Virus,Moldova,45.84,28.31,August,Monsoon,92,Farm,African swine fever
Swine,0,0,0,Virus,Korea (Rep. of),34.8879,128.3255,November,Post-Monsoon,300,Farm,Classical swine fever
Sheep,0,0,0,Prion,Iceland,65.648,-19.5377,October,Post-Monsoon,1331,Farm,Scrapie
Birds,0,1,0,Virus,United States of America,34.987,-80.529,March,Summer,305250,Farm,Low pathogenic avian influenza
Cattle,0,0,0,Virus,Tunisia,36.632347,10.71294,November,Post-Monsoon,8,Farm,Bluetongue
Common Teal,1,0,0,Virus,Italy,45.5047,12.6024,November,Post-Monsoon,0,Other,Highly pathogenic avian influenza
Birds,0,0,0,Virus,Nicaragua,10.8013,-83.7128,July,Monsoon,508,Village,Newcastle disease
Swine,0,0,0,Virus,South Africa,-26.14861,28.5758,February,Winter,1622,Farm,African swine fever
Birds,0,0,0,Virus,Denmark,54.89,9.67,October,Post-Monsoon,41000,Farm,Newcastle disease
Equidae,0,0,0,Virus,Netherlands,52.23,5.0,June,Monsoon,63,Farm,Equine infectious anaemia
Great Cormorant,1,0,0,Virus,Cyprus,34.879,32.336,March,Summer,0,Other,West Nile Fever
Eurasian Wigeon,1,0,0,Virus,United Kingdom,51.695,-4.9241,March,Summer,0,Natural park,Highly pathogenic avian influenza
Mandarin Duck,1,0,0,Virus,Chile,-51.6948,-72.4986,April,Summer,0,Farm,Highly pathogenic avian influenza
Birds,0,0,0,Virus,Panama,8.3434923609,-81.03948049975,June,Monsoon,27177,Farm,Avian infectious laryngotracheitis
Birds,0,0,0,Virus,Russia,55.867056,61.748153,August,Monsoon,2023,Village,Highly pathogenic avian influenza
Swine,0,0,0,Virus,Zambia,-11.867,31.375,September,Monsoon,31135,Other,African swine fever
Wild boar,1,0,0,Virus,Russia,57.434544,45.116628,November,Post-Monsoon,0,Forest,African swine fever
Birds,0,0,0,Virus,Brazil,-3.12497,-59.99778,July,Monsoon,201,Village,Newcastle disease
Birds,0,0,0,Virus,Cambodia,13.0,103.05,November,Post-Monsoon,6022,Farm,Highly pathogenic avian influenza
Laridae (unidentified),1,0,0,Virus,Iraq,35.9643,44.962,May,Summer,0,Body of water,Highly pathogenic avian influenza
Birds,0,0,0,Virus,Belgium,50.762428,5.62094,July,Monsoon,488,Other,Highly pathogenic avian influenza
Arctic Fox,1,0,0,Virus,Norway,77.88573,15.64453,October,Post-Monsoon,0,Other,Rabies
Birds,0,1,0,Virus,Poland,50.735012,17.709962,February,Winter,43396,Farm,Highly pathogenic avian influenza
Sheep,0,0,0,Virus,Portugal,38.61188,-7.348869,September,Monsoon,957,Farm,Bluetongue
Wild boar,1,0,0,Virus,Poland,51.327371,19.771802,January,Winter,0,Not applicable,African swine fever
Swine,0,0,0,Virus,Romania,44.5907,25.1338,October,Post-Monsoon,7,Backyard,African swine fever
Swine,0,0,0,Virus,Chinese Taipei,22.56625,120.466,June,Monsoon,1050,Farm,Foot and mouth disease
Wildlife (species unspecified),1,0,0,Virus,Afghanistan,34.95,71.13,March,Summer,0,Village,Highly pathogenic avian influenza
Birds,0,1,0,Virus,Dominican (Rep.),19.333874,-70.5373386,March,Summer,293178,Farm,Low pathogenic avian influenza
Mute Swan,1,0,0,Virus,Croatia,45.4028,16.8647,February,Winter,0,Other,Highly pathogenic avian influenza
Birds,0,1,0,Virus,Romania,45.49452,21.30062,February,Winter,14,Backyard,Highly pathogenic avian influenza
Birds,0,0,0,Virus,Laos,19.4157,101.589,October,Post-Monsoon,6747,Village,Highly pathogenic avian influenza
Cats,0,0,0,Virus,Albania,42.0329,20.221,September,Monsoon,130,Village,Rabies
Cattle,0,0,0,Virus,Russia,52.352588,58.6128,December,Winter,6574,Village,Lumpy skin disease
Whooper Swan,1,0,0,Virus,Serbia,44.0808,21.16533,January,Winter,0,Body of water,Highly pathogenic avian influenza
Rabbits,0,0,0,Virus,United States of America,41.161,-79.003,November,Post-Monsoon,41,Farm,Rabbit haemorrhagic disease
Cattle,0,0,0,Virus,Bosnia and Herzegovina,44.753,18.8543,September,Monsoon,17,Farm,Bluetongue
Birds,0,0,0,Virus,Portugal,37.03654,-7.89246,June,Monsoon,166,Other,Highly pathogenic avian influenza
Birds,0,1,0,Virus,Canada,42.96,-81.63,November,Post-Monsoon,9562950,Farm,Highly pathogenic avian influenza
Cattle,0,0,0,Bacterium,France,45.227292,2.3619,October,Post-Monsoon,340,Farm,Anthrax
Birds,0,0,0,Virus,Peru,-9.066,-77.816,May,Summer,28,Farm,Newcastle disease
White clam,0,0,1,Parasite,Vietnam,9.1748,104.8644,June,Monsoon,790,Coastal area,Perkinsus olseni
Cattle,0,0,0,Virus,Kazakhstan,47.248,84.082,June,Monsoon,3011,Village,Foot and mouth disease
Wild boar,1,0,0,Virus,Hungary,47.551,18.69,January,Winter,0,Forest,African swine fever
Cattle,0,0,0,Virus,Japan,32.803104,130.707886,October,Post-Monsoon,52,Farm,Bluetongue
Birds,0,1,0,Virus,Russia,53.450835,50.365942,November,Post-Monsoon,1762642,Backyard,Highly pathogenic avian influenza
Cattle,0,0,0,Parasite,Mexico,18.245351,-96.867363,September,Monsoon,22,Farm,Cochliomyia hominivorax
Ciconiidae (unidentified),1,0,0,Virus,Moldova,45.5976,28.1311,January,Winter,0,Natural park,Highly pathogenic avian influenza
Cygnus (unidentified),1,0,0,Virus,Moldova,47.86,28.24,December,Winter,0,Other,Highly pathogenic avian influenza
Swine,0,0,0,Virus,Russia,46.533333,39.033333,February,Winter,6192,Farm,Classical swine fever
Swine,0,0,0,Virus,Ukraine,48.5233,31.9741,June,Monsoon,4,Backyard,African swine fever
Gadwall,1,0,0,Virus,Iran,37.456,49.92,January,Winter,50000,Natural park,Highly pathogenic avian influenza
Wild boar,1,0,0,Virus,Moldova,47.29115,27.70374,May,Summer,0,Forest,African swine fever
Cygnus (unidentified),1,0,0,Virus,Germany,52.95,9.16,April,Summer,0,Not applicable,Highly pathogenic avian influenza
Cattle,0,0,0,Virus,Turkey,42.074568,27.287838,August,Monsoon,120,Farm,Bluetongue
Mallard,1,0,0,Virus,Poland,54.343811,19.027669,January,Winter,0,Body of water,Highly pathogenic avian influenza
Pacific cupped oyster,0,0,1,Virus,United Kingdom,51.7377,0.7827,July,Monsoon,0,Estuary,Ostreid herpesvirus-1
Mute Swan,1,0,0,Virus,Russia,54.7065,20.5367,February,Winter,0,Not applicable,Highly pathogenic avian influenza
Goats,0,0,0,Bacterium,Croatia,45.9667,16.3833,June,Monsoon,34,Farm,Brucellosis
Swine,0,0,0,Virus,China (People's Rep. of),23.094,114.118,December,Winter,6167,Backyard,African swine fever
Swine,0,0,0,Virus,Kenya,-0.19,34.75,November,Post-Monsoon,13601,Village,African swine fever
Cattle,0,0,0,Virus,Egypt,26.808,32.3373,May,Summer,3351,Village,Lumpy skin disease
Sheep,0,0,0,Virus,Netherlands,51.9336,5.4911,June,Monsoon,33,Farm,Bluetongue
Cattle,0,0,0,Virus,China (People's Rep. of),29.059166,119.5161111,July,Monsoon,26,Livestock market,Lumpy skin disease
Birds,0,1,0,Virus,United Kingdom,52.48,0.92,August,Monsoon,99562,Farm,Highly pathogenic avian influenza
Cattle,0,0,0,Bacterium,Kazakhstan,51.077222,72.606111,August,Monsoon,323,Village,Anthrax
Equidae,0,0,0,Virus,France,46.133636,6.379008,October,Post-Monsoon,144,Other,Equine infectious anaemia
Bees,0,1,0,Bacterium,Romania,46.4,21.85,September,Monsoon,40,Apiary,American foulbrood of honey bees
Wild boar,1,0,0,Virus,Russia,51.810397,127.099759,August,Monsoon,0,Forest,Classical swine fever
Mute Swan,1,0,0,Virus,Ukraine,49.6786,29.9442,September,Monsoon,0,Body of water,Highly pathogenic avian influenza
Birds,0,1,0,Virus,Cambodia,12.94,104.5,January,Winter,4000,Village,Low pathogenic avian influenza
Rainbow trout,0,0,1,Virus,Italy,45.824431,10.45749,September,Monsoon,80000,Farm,Viral haemorrhagic septicaemia
Birds,0,1,0,Virus,Congo (Dem. Rep. of the),2.0904,30.8985,December,Winter,38544,Village,Highly pathogenic avian influenza
Cattle,0,0,0,Virus,Botswana,-18.0142,24.397,July,Monsoon,3300,Village,Foot and mouth disease
Birds,0,1,0,Virus,South Africa,-33.54361,22.47833,October,Post-Monsoon,20026,Farm,Low pathogenic avian influenza
Black Swan,1,0,0,Virus,China (People's Rep. of),30.56,114.26,January,Winter,314,Zoo,Highly pathogenic avian influenza
Birds,0,1,0,Virus,Hungary,46.97818,21.424233,April,Summer,354855,Farm,Highly pathogenic avian influenza
Sheep,0,0,0,Virus,Romania,46.93326,21.801885,March,Summer,664,Farm,Peste des petits ruminants
Wild boar,1,0,0,Virus,Ukraine,48.0485,28.8651,July,Monsoon,0,Forest,African swine fever
Rainbow trout,0,0,1,Virus,Colombia,1.1018,-77.1641,November,Post-Monsoon,80000,Farm,Viral haemorrhagic septicaemia
Swine,0,0,0,Virus,Laos,18.863039,103.766304,January,Winter,172,Village,African swine fever
Whiteleg shrimp,0,0,1,Virus,United States of America,21.99808,-159.74819,October,Post-Monsoon,0,Pond,White spot disease
Birds,0,1,0,Virus,Germany,53.45,11.69,December,Winter,30267,Farm,Highly pathogenic avian influenza
Greylag Goose,1,0,0,Virus,Spain,41.8363,-5.6018,January,Winter,0,Natural park,Highly pathogenic avian influenza
Wild boar,1,0,0,Virus,Bhutan,27.476663,89.600018,June,Monsoon,0,Forest,Classical swine fever
Cats,0,0,0,Virus,Latvia,56.75309,22.96954,March,Summer,5,Other,SARS-CoV-2 in animals
Birds,0,1,0,Virus,Korea (Rep. of),36.779789,127.409825,February,Winter,8851419,Farm,Highly pathogenic avian influenza
Wild boar,1,0,0,Virus,Russia,52.62894,49.165047,January,Winter,0,Backyard,African swine fever
Birds,0,1,0,Virus,Indonesia,0.4553,101.503,October,Post-Monsoon,400,Village,Newcastle disease
Goats,0,0,0,Virus,Bulgaria,41.9946,25.2278,July,Monsoon,40,Backyard,Sheep pox and goat pox
Birds,0,1,0,Virus,Chinese Taipei,22.564779,120.506388,March,Summer,1559699,Not applicable,Highly pathogenic avian influenza
Equidae,0,0,0,Bacterium,Ireland,53.280616,-8.970726,February,Winter,3,Farm,Contagious equine metritis
Birds,0,1,0,Virus,Ghana,6.72052,-1.39801,June,Monsoon,19639,Farm,Highly pathogenic avian influenza
Birds,0,1,0,Virus,Puerto Rico,18.318,-65.311,December,Winter,380,Backyard,Highly pathogenic avian influenza
Goats,0,0,0,Virus,Bulgaria,42.2308,24.9368,July,Monsoon,10,Farm,Sheep pox and goat pox
Birds,0,1,0,Virus,Denmark,54.836,11.6452,September,Monsoon,43,Backyard,Highly pathogenic avian influenza
Birds,0,0,0,Virus,Mexico,21.76025,-102.174667,October,Post-Monsoon,850816,Farm,Newcastle disease
Cattle,0,0,0,Bacterium,Kazakhstan,42.15,69.82,August,Monsoon,259,Farm,Anthrax
Cattle,0,0,0,Prion,United Kingdom,51.13,-3.0,September,Monsoon,300,Farm,Bovine spongiform encephalopathy
Oriental Magpie-Robin,1,0,0,Virus,Hong Kong,22.388054,114.268607,April,Summer,0,Not applicable,Highly pathogenic avian influenza
Birds,0,1,0,Virus,Hungary,46.68616,21.069071,March,Summer,12492,Farm,Highly pathogenic avian influenza
Birds,0,0,0,Virus,Cameroon,5.52346,10.622769,March,Summer,133290,Farm,Highly pathogenic avian influenza
Equidae,0,0,0,Bacterium,United Kingdom,50.90107,-4.054907,March,Summer,17,Farm,Contagious equine metritis
Dogs,0,0,0,Virus,Armenia,40.6384,44.0379,March,Summer,1,Backyard,Rabies
Dogs,0,0,0,Virus,Hong Kong,22.2752,114.1937,February,Winter,1,Other,SARS-CoV-2 in animals
Mute Swan,1,0,0,Virus,Hungary,46.223282,19.953879,March,Summer,0,Forest,Highly pathogenic avian influenza
Birds,0,1,0,Virus,Italy,45.318239,10.691905,February,Winter,3314128,Farm,Highly pathogenic avian influenza
Equidae,0,0,0,Bacterium,Denmark,57.1375,10.0556,December,Winter,1,Farm,Contagious equine metritis
Goats,0,0,0,Virus,Morocco,32.4425,-6.08866,April,Summer,310,Farm,Peste des petits ruminants
Equidae,0,0,0,Virus,Bulgaria,42.2936,22.7121,September,Monsoon,1,Other,Equine infectious anaemia
Dogs,0,0,0,Virus,Lebanon,34.0673,35.8603,July,Monsoon,8,Not applicable,Rabies
Equidae,0,0,0,Virus,Belize,16.9403,-89.1095,May,Summer,15,Farm,Vesicular stomatitis
Equidae,0,0,0,Parasite,Croatia,45.568333,15.536111,November,Post-Monsoon,42,Farm,Equine piroplasmosis
Equidae,0,0,0,Virus,Chad,13.3907,21.1892,April,Summer,431,Village,African horse sickness
Bees,0,0,0,Parasite,Finland,60.52,21.08,July,Monsoon,10,Apiary,Varroa spp.
Swine,0,0,0,Virus,Russia,53.74461,49.375406,August,Monsoon,1,Backyard,African swine fever
Cattle,0,0,0,Virus,South Africa,-32.8,27.5,June,Monsoon,200000,Farm,Foot and mouth disease
Wildlife (species unspecified),1,0,0,Virus,Hong Kong,22.43,113.96,December,Winter,200,Not applicable,Highly pathogenic avian influenza
Common carp,0,0,1,Virus,Romania,44.4723,26.1563,July,Monsoon,19,Other,Koi herpesvirus
Wildlife (species unspecified),1,0,0,Virus,Czech Republic,48.6962,16.9564,May,Summer,54,Village,Highly pathogenic avian influenza
Birds,0,1,0,Virus,Italy,44.86943,12.056913,October,Post-Monsoon,37883,Farm,Low pathogenic avian influenza
Cattle,0,0,0,Bacterium,Kazakhstan,53.02,61.22,June,Monsoon,658,Farm,Anthrax
Birds,0,1,0,Virus,Hungary,47.491271,20.628104,January,Winter,17374,Farm,Highly pathogenic avian influenza
Birds,0,1,0,Virus,Belgium,51.01145,2.92072,November,Post-Monsoon,103394,Farm,Highly pathogenic avian influenza
Swine,0,0,0,Virus,China (People's Rep. of),22.901,109.793,June,Monsoon,165,Not applicable,Foot and mouth disease
Rainbow trout,0,0,1,Virus,North Macedonia,41.50892,20.887887,June,Monsoon,10000,Farm,Infectious haematopoietic necrosis virus
Equidae,0,0,0,Bacterium,United Kingdom,51.659467,-2.380163,April,Summer,33,Farm,Contagious equine metritis
Birds,0,0,0,Virus,Mexico,32.3161,-116.4777,January,Winter,21000,Farm,Newcastle disease
Sheep,0,0,0,Virus,Bulgaria,42.3872,27.2608,June,Monsoon,191,Farm,Sheep pox and goat pox
Sheep,0,0,0,Prion,Iceland,65.5367,-19.4486,January,Winter,375,Farm,Scrapie
Red Fox,1,0,0,Virus,Hungary,48.151028,21.169586,February,Winter,0,Village,Rabies
Cattle,0,0,0,Bacterium,Slovakia,49.3031156213,21.5791881363,September,Monsoon,59,Farm,Anthrax
Birds,0,0,0,Virus,Germany,53.88,11.5,August,Monsoon,133,Backyard,Highly pathogenic avian influenza
Mustelidae,0,0,0,Virus,Spain,43.1252,-8.0745,August,Monsoon,11600,Farm,SARS-CoV-2 in animals
Accipitridae (unidentified),1,0,0,Virus,Germany,53.56,8.56,November,Post-Monsoon,0,Not applicable,Highly pathogenic avian influenza
Cattle,0,0,0,Virus,Colombia,8.08648,-72.42382,April,Summer,973,Farm,Foot and mouth disease
Swine,0,0,0,Virus,Ukraine,48.9239,26.3858,April,Summer,547,Farm,African swine fever
Cattle,0,0,0,Virus,Portugal,37.4234,-7.5583,October,Post-Monsoon,22,Farm,Bluetongue
Rainbow trout,0,0,1,Virus,Italy,45.909605,10.833817,November,Post-Monsoon,170000,Farm,Viral haemorrhagic septicaemia
Birds,0,0,0,Virus,Pakistan,33.7677,72.939,July,Monsoon,98150,Farm,Highly pathogenic avian influenza
Birds,0,0,0,Virus,Hungary,47.4853,19.31035,January,Winter,558,Other,Highly pathogenic avian influenza
Birds,0,0,0,Virus,Korea (Rep. of),36.9470957,127.481393,February,Winter,4693875,Farm,Highly pathogenic avian influenza
Wild boar,1,0,0,Virus,Ukraine,48.4504,29.5235,January,Winter,0,Other,African swine fever
Swine,0,0,0,Virus,Ukraine,48.341766,26.327838,June,Monsoon,700,Farm,African swine fever
Cattle,0,0,0,Bacterium,Germany,51.08,7.75,May,Summer,473,Farm,Mycobacterium tuberculosis complex
Wild boar,1,0,0,Virus,Ukraine,49.3303,26.215,November,Post-Monsoon,0,Other,African swine fever
Common carp,1,0,1,Virus,South Africa,-25.9,27.8,November,Post-Monsoon,0,River system,Koi herpesvirus
Eurasian Sparrowhawk,1,0,0,Virus,Cuba,23.1108,-82.3972,February,Winter,8,Zoo,Highly pathogenic avian influenza
Wild boar,1,0,0,Virus,Russia,55.101,21.655,January,Winter,0,Forest,African swine fever
Cattle,0,0,0,Virus,Kazakhstan,44.2289,73.7962,February,Winter,217,Village,Foot and mouth disease
Birds,0,0,0,Virus,Ukraine,48.9112,36.558,December,Winter,2062,Village,Highly pathogenic avian influenza
Birds,0,1,0,Virus,Belgium,50.90827,2.67962,January,Winter,1061550,Farm,Highly pathogenic avian influenza
Birds,0,1,0,Virus,Hungary,46.526166,20.582625,May,Summer,349611,Farm,Highly pathogenic avian influenza
Swine,0,0,0,Virus,Moldova,46.73796,28.53219,November,Post-Monsoon,69,Backyard,African swine fever
Dogs,0,0,0,Virus,France,48.58333333,2.95,February,Winter,1,Village,Rabies
Mute Swan,1,0,0,Virus,Moldova,47.7889,27.4787,January,Winter,0,Other,Highly pathogenic avian influenza
Cattle,0,0,0,Virus,Poland,53.602901,15.013078,December,Winter,80,Farm,Bluetongue
Wild boar,1,0,0,Virus,Latvia,56.431559,25.600818,December,Winter,0,Forest,African swine fever
Swine,0,0,0,Virus,Burundi,-2.9107048,29.8959826,February,Winter,4541,Farm,African swine fever
Birds,0,1,0,Virus,Australia,-36.7511,145.5708,February,Winter,596120,Farm,Highly pathogenic avian influenza
Birds,0,1,0,Virus,Russia,56.684968,39.805877,December,Winter,30,Backyard,Newcastle disease
Cygnus (unidentified),1,0,0,Virus,Moldova,47.1083,28.7128,December,Winter,0,Other,Highly pathogenic avian influenza
Dalmatian pelican,1,0,0,Virus,Greece,40.76,21.11,February,Winter,0,Natural park,Highly pathogenic avian influenza
Wild boar,1,0,0,Virus,Russia,49.364383,108.549859,July,Monsoon,0,Forest,African swine fever
Birds,0,0,0,Virus,Vietnam,11.968,107.6688,May,Summer,20,Village,Highly pathogenic avian influenza
Swine,0,0,0,Virus,El Salvador,13.472,-88.144,July,Monsoon,57,Farm,Classical swine fever
Swine,0,0,0,Virus,Moldova,46.84193,28.5544,February,Winter,21,Backyard,African swine fever
Cattle,0,0,0,Parasite,Mexico,18.973903,-103.532717,January,Winter,30,Farm,Cochliomyia hominivorax
Wild boar,1,0,0,Virus,Montenegro,43.4243,19.0692,January,Winter,0,Other,African swine fever
Birds,0,0,0,Virus,Czech Republic,50.2009,12.8932,March,Summer,79301,Backyard,Highly pathogenic avian influenza
Birds,0,0,0,Bacterium,Honduras,14.4167,-88.35,April,Summer,1400,Farm,Fowl typhoid
Swine,0,0,0,Virus,Myanmar,19.72950935,97.13569641,June,Monsoon,120,Farm,African swine fever
Wild boar,1,0,0,Virus,Russia,49.393249,132.314186,December,Winter,0,Other,African swine fever
Birds,0,1,0,Virus,Hungary,46.30112,21.04553,May,Summer,48637,Farm,Highly pathogenic avian influenza
Swine,0,0,0,Virus,Ukraine,49.3735,22.8359,September,Monsoon,5,Backyard,African swine fever
Birds,0,1,0,Virus,Dominican (Rep.),19.134026,-70.6004,July,Monsoon,806916,Farm,Low pathogenic avian influenza
Common carp,0,0,1,Virus,Romania,45.676031,21.923134,July,Monsoon,3,Farm,Koi herpesvirus
Cattle,0,0,0,Bacterium,France,48.7567,6.9817,July,Monsoon,470,Farm,Anthrax
Cattle,0,0,0,Virus,Serbia,43.159043,20.529048,October,Post-Monsoon,2054,Backyard,Lumpy skin disease
North African catfish,0,0,1,Fungus,Malawi,-14.2233,33.6458,July,Monsoon,500,River system,Aphanomyces invadans
Wild boar,1,0,0,Virus,Ukraine,50.1387,30.5211,February,Winter,0,Forest,African swine fever
Impala,1,0,0,Virus,Botswana,-21.571544,27.975556,December,Winter,0,Village,Foot and mouth disease
Birds,0,1,0,Virus,Poland,52.533458,14.975568,March,Summer,547435,Farm,Highly pathogenic avian influenza
Cats,0,0,0,Virus,Canada,44.66,-63.551,January,Winter,0,Not applicable,Highly pathogenic avian influenza
Birds,0,1,0,Virus,Russia,50.590526,136.920542,October,Post-Monsoon,523000,Farm,Highly pathogenic avian influenza
Sheep,0,0,0,Virus,Russia,43.327793,47.116881,December,Winter,1654,Farm,Sheep pox and goat pox
Wild boar,1,0,0,Virus,Russia,54.65023,22.30224,August,Monsoon,0,Farm,African swine fever
Cattle,0,0,0,Virus,China (People's Rep. of),31.04,110.34,December,Winter,3076,Not applicable,Foot and mouth disease
Dogs,0,0,0,Virus,Libya,32.060121,12.585168,May,Summer,1,Farm,Rabies
Orange-spotted snakehead,0,0,1,Fungus,United Kingdom,51.337986,-0.15665889,January,Winter,30,Other,Epizootic ulcerative syndrome
Equidae,0,0,0,Bacterium,Brazil,-29.2633,-51.5748,June,Monsoon,6989,Farm,Glanders
Birds,0,0,0,Virus,Korea (Rep. of),34.8656113,126.6389746,November,Post-Monsoon,4316165,Farm,Highly pathogenic avian influenza
Dalmatian pelican,1,0,0,Virus,Romania,44.3937,28.563,March,Summer,250,Not applicable,Highly pathogenic avian influenza
Cattle,0,0,0,Virus,United States of America,38.111,-103.863,November,Post-Monsoon,9023,Farm,Vesicular stomatitis
Birds,0,0,0,Virus,Peru,-7.14,-79.59,January,Winter,75,Village,Newcastle disease
Sheep,0,0,0,Virus,Bulgaria,42.19416,24.78666,July,Monsoon,7,Backyard,Sheep pox and goat pox
Rabbits,0,0,0,Virus,Australia,-33.7477,151.0934,January,Winter,80,Farm,Rabbit haemorrhagic disease
Cattle,0,0,0,Bacterium,France,43.094383,-0.333992,June,Monsoon,58,Farm,Anthrax
Goats,0,0,0,Virus,Israel,33.05621653,35.23524931,September,Monsoon,1130,Village,Peste des petits ruminants
Birds,0,1,0,Virus,Laos,19.450048,103.191944,August,Monsoon,415,Backyard,Highly pathogenic avian influenza
Equidae,0,0,0,Virus,Australia,-33.8959,151.2268,August,Monsoon,2741,Farm,Equine influenza
Birds,0,1,0,Virus,Russia,54.083518,73.400309,September,Monsoon,141,Village,Highly pathogenic avian influenza
Swine,0,0,0,Virus,Ukraine,50.0521,34.8016,July,Monsoon,302,Farm,African swine fever
Cattle,0,0,0,Bacterium,Gambia,13.647846,-15.084603,September,Monsoon,370,Village,Contagious bovine pleuropneumonia
Birds,0,1,0,Virus,Japan,32.9597,131.9001,January,Winter,55400,Farm,Highly pathogenic avian influenza
Birds,0,0,0,Virus,Peru,-7.15757,-78.51574,April,Summer,45,Village,Newcastle disease
Goats,0,0,0,Virus,Spain,39.5005592,-2.1285776,November,Post-Monsoon,767,Farm,Sheep pox and goat pox
Swine,0,0,0,Virus,China (People's Rep. of),22.8342,108.2853,October,Post-Monsoon,10,Slaughterhouse,Foot and mouth disease
Freshwater drum,0,0,1,Virus,Canada,42.5826,-82.7716,May,Summer,0,Lake,Viral haemorrhagic septicaemia
Sheep,0,0,0,Virus,Libya,32.413,13.6264,August,Monsoon,113,Farm,Sheep pox and goat pox
Swine,0,0,0,Virus,Ukraine,50.264056,32.584065,August,Monsoon,277,Farm,African swine fever
Sheep,0,0,0,Virus,Portugal,39.1134,-8.9722,November,Post-Monsoon,25,Farm,Bluetongue
Birds,0,1,0,Virus,France,46.89,-1.87,January,Winter,10022,Farm,Low pathogenic avian influenza
Common carp,0,0,1,Virus,Ireland,53.2551,-6.16915,June,Monsoon,34,Pond,Koi herpesvirus
Birds,0,1,0,Virus,Chinese Taipei,23.961081,120.365419,February,Winter,98000,Farm,Low pathogenic avian influenza
Cattle,0,0,0,Virus,Malaysia,2.2766,102.2987,November,Post-Monsoon,24,Zoo,Foot and mouth disease
Cats,0,0,0,Virus,Thailand,13.661057,101.131439,November,Post-Monsoon,8,Village,Rabies
Greylag Goose,1,0,0,Virus,Sweden,60.5771126895992,15.8536661555954,April,Summer,0,Other,Highly pathogenic avian influenza
Birds,0,0,0,Virus,India,20.93158,76.7645,April,Summer,0,Village,Highly pathogenic avian influenza
Swine,0,0,0,Virus,Ukraine,48.04,36.59,January,Winter,12,Backyard,African swine fever
Cattle,0,0,0,Virus,Israel,33.23,35.67,December,Winter,1670,Farm,Foot and mouth disease
Birds,0,1,0,Virus,France,46.7615,1.7084,May,Summer,4980,Farm,Low pathogenic avian influenza
Red swamp crawfish,1,0,1,Virus,United States of America,30.419,-91.843,April,Summer,0,Farm,White spot disease
Equidae,0,0,0,Virus,Brazil,-18.690833,-40.407222,August,Monsoon,27,Farm,West Nile Fever
Wild boar,1,0,0,Virus,Ukraine,48.2151,25.6984,October,Post-Monsoon,0,Farm,African swine fever
Rabbits/hares (mixed group),0,0,0,Virus,Brazil,-10.8710306,-37.156167,July,Monsoon,67,Farm,Myxomatosis
Birds,0,1,0,Virus,Canada,44.9878,-64.1379,February,Winter,7664324,Farm,Highly pathogenic avian influenza
Swine,0,0,0,Virus,Ukraine,49.2579,40.0661,August,Monsoon,19,Backyard,African swine fever
Birds,0,1,0,Virus,Germany,51.36,12.117,September,Monsoon,316,Farm,Highly pathogenic avian influenza
Dogs,0,0,0,Virus,Armenia,40.2775,44.6163,February,Winter,3,Backyard,Rabies
Barnacle Goose,1,0,0,Virus,Norway,58.4448,5.9869,January,Winter,0,Other,Highly pathogenic avian influenza
Birds,0,1,0,Virus,Hungary,48.21214,21.76812,November,Post-Monsoon,9582,Farm,Highly pathogenic avian influenza
Swine,0,0,0,Virus,China (People's Rep. of),23.639421,105.615764,February,Winter,36,Other,African swine fever
Equidae,0,0,0,Virus,Panama,8.3354,-80.5128,June,Monsoon,305,Farm,Equine encephalomyelitis
Birds,0,1,0,Virus,Hungary,46.521333,20.801394,November,Post-Monsoon,260143,Farm,Highly pathogenic avian influenza
Wild boar,1,0,0,Virus,France,44.5368,5.8489,April,Summer,65,Farm,Aujeszky's disease
Birds,0,1,0,Virus,Philippines,6.774919,124.668853,January,Winter,102412,Farm,Highly pathogenic avian influenza
Cattle,0,0,0,Virus,Mozambique,-23.84,32.1719,June,Monsoon,2532,Village,Foot and mouth disease
Buffaloes,0,0,0,Virus,South Africa,-24.36,30.955583,December,Winter,42,Farm,Foot and mouth disease
African Elephant,1,0,0,Bacterium,Botswana,-17.79495,25.15545,August,Monsoon,80000,Natural park,Anthrax
Cattle,0,0,0,Virus,Malawi,-16.24,34.922,October,Post-Monsoon,2850,Village,Foot and mouth disease
Mustelidae,0,0,0,Virus,Spain,43.2283,-8.3556,October,Post-Monsoon,12704,Farm,SARS-CoV-2 in animals
Swine,0,0,0,Virus,Germany,48.168,7.7061,May,Summer,35,Farm,African swine fever
Birds,0,0,0,Virus,Peru,-12.233,-76.833,August,Monsoon,42,Farm,Avian infectious laryngotracheitis
Birds,0,1,0,Virus,Hungary,46.283458,19.356269,May,Summer,3024198,Farm,Highly pathogenic avian influenza
Birds,0,1,0,Virus,South Africa,-27.9,24.8,October,Post-Monsoon,1845721,Farm,Highly pathogenic avian influenza
Cattle,0,0,0,Virus,North Macedonia,41.318,22.005,October,Post-Monsoon,812,Farm,Bluetongue
Cattle,0,0,0,Prion,Canada,52.0,-114.561,January,Winter,110,Farm,Bovine spongiform encephalopathy
Birds,0,0,0,Virus,Bosnia and Herzegovina,44.9796,16.699,February,Winter,148,Backyard,Highly pathogenic avian influenza
Swine,0,0,0,Virus,Bhutan,26.8118,89.462328,April,Summer,222,Backyard,African swine fever
Cattle,0,0,0,Virus,Colombia,5.54823,-74.46779,July,Monsoon,2637,Farm,Foot and mouth disease
Cattle,0,0,0,Bacterium,Azerbaijan,41.4038,48.9201,November,Post-Monsoon,1332,Farm,Anthrax
Rainbow trout,0,0,1,Virus,Belgium,50.501071,5.592176,December,Winter,1891,Farm,Infectious haematopoietic necrosis virus
Birds,0,0,0,Virus,Israel,32.5195133375,34.9647465364,December,Winter,26,Farm,Highly pathogenic avian influenza
Cattle,0,0,0,Virus,Russia,51.4911,116.005,August,Monsoon,95,Farm,Foot and mouth disease
Birds,0,1,0,Virus,India,18.371246,76.104454,March,Summer,27802,Backyard,Highly pathogenic avian influenza
Cattle,0,0,0,Virus,Former Yug. Rep. of Macedonia,41.254722,22.665278,October,Post-Monsoon,2742,Village,Bluetongue
Cattle,0,0,0,Virus,Madagascar,-12.343,49.235,April,Summer,9,Farm,Rift Valley fever
Cats,0,0,0,Virus,Finland,60.2934,25.0399,December,Winter,0,Other,SARS-CoV-2 in animals
Birds,0,1,0,Virus,Bulgaria,42.3329,25.214,December,Winter,6390,Farm,Highly pathogenic avian influenza
Birds,0,0,0,Virus,Former Yug. Rep. of Macedonia,41.9611,21.4512,November,Post-Monsoon,193,Village,West Nile Fever
Birds,0,1,0,Virus,Mexico,25.1111,-99.1111,February,Winter,1987,Farm,Low pathogenic avian influenza
Birds,0,0,0,Virus,United Kingdom,56.0134,-2.4645,September,Monsoon,13396,Farm,Newcastle disease
Peregrin falcon,1,0,0,Virus,United Kingdom,54.57,-5.55,January,Winter,0,Other,Highly pathogenic avian influenza
Swine,0,0,0,Virus,Greece,40.9306,23.4364,February,Winter,32,Farm,African swine fever
Wild boar,1,0,0,Virus,Poland,49.889,22.298239,January,Winter,0,Not applicable,African swine fever
Cattle,0,0,0,Bacterium,Spain,38.9274066,-6.2124564,September,Monsoon,177,Farm,Anthrax
Birds,0,1,0,Virus,South Africa,-33.54408,22.73692,January,Winter,2407,Farm,Low pathogenic avian influenza
Wild boar,1,0,0,Virus,Ukraine,48.33599,25.29337,September,Monsoon,6,Backyard,African swine fever
Birds,0,0,0,Virus,Peru,-9.066,-77.816,October,Post-Monsoon,32,Village,Newcastle disease
Lesser adjutant,1,0,0,Virus,India,23.46756,85.45409,February,Winter,0,Zoo,Highly pathogenic avian influenza
Bees,0,1,0,Bacterium,Norway,59.39,8.51,October,Post-Monsoon,7,Apiary,American foulbrood of honey bees
Bees,0,0,0,Parasite,Australia,-34.0,140.0,September,Monsoon,850,Apiary,Varroa spp.
Mustelidae,0,0,0,Virus,Poland,54.34,18.43,January,Winter,5845,Farm,SARS-CoV-2 in animals
Goats,0,0,0,Prion,Hungary,47.16,18.58,May,Summer,19,Farm,Scrapie
Birds,0,1,0,Virus,Cambodia,11.40102,105.46072,January,Winter,2975,Village,Highly pathogenic avian influenza
Cattle,0,0,0,Virus,Chinese Taipei,24.483723,118.434755,August,Monsoon,244,Farm,Lumpy skin disease
Wild boar,1,0,0,Virus,Hong Kong,22.2508,114.2535,September,Monsoon,0,Natural park,African swine fever
European flat oyster,1,0,1,Parasite,United Kingdom,51.7,-4.93,March,Summer,0,Farm,Bonamia ostreae
Red Fox,1,0,0,Virus,Hungary,48.15304918,22.42584081,November,Post-Monsoon,0,Other,Rabies
Swine,0,0,0,Virus,Mongolia,49.2905,105.5448,February,Winter,66,Farm,Porcine reproductive and respiratory syndrome
Equidae,0,0,0,Virus,India,29.57,78.1,May,Summer,17733,Village,Equine influenza
Birds,0,0,0,Virus,Canada,43.2668,-80.6497,April,Summer,79725,Farm,Highly pathogenic avian influenza
Camelidae,0,0,0,Virus,Mauritania,17.378276,-15.13057,November,Post-Monsoon,1524,Village,Rift Valley fever
Birds,0,0,0,Virus,Peru,-13.458344,-76.12623,April,Summer,175000,Farm,Avian infectious laryngotracheitis
Anatidae (unidentified),1,0,0,Virus,Russia,50.663,93.011,June,Monsoon,0,Not applicable,Highly pathogenic avian influenza
Cattle,0,0,0,Virus,Spain,36.0907786,-5.7131589,July,Monsoon,77,Farm,Bluetongue
Birds,0,1,0,Virus,India,22.2467,77.2282,January,Winter,3238,Backyard,Highly pathogenic avian influenza
Cattle,0,0,0,Virus,Netherlands,51.36,5.94,December,Winter,16676,Farm,Bluetongue
Cattle,0,0,0,Virus,Rwanda,-1.3395,30.4978,May,Summer,43178,Village,Foot and mouth disease
Birds,0,1,0,Virus,Philippines,6.483586,124.69345,October,Post-Monsoon,1300,Farm,Highly pathogenic avian influenza
Swine,0,0,0,Virus,Ukraine,47.7779,34.7205,January,Winter,19,Backyard,African swine fever
Birds,0,1,0,Virus,Vietnam,20.9294,106.5778,February,Winter,3200,Backyard,Highly pathogenic avian influenza
Birds,0,0,0,Virus,Bolivia,-17.345095,-66.237422,January,Winter,1113,Backyard,Highly pathogenic avian influenza
Birds,0,1,0,Virus,Bulgaria,41.6522,25.415,January,Winter,201,Backyard,Newcastle disease
Birds,0,1,0,Virus,United Kingdom,52.88,-3.23,June,Monsoon,21120,Other,Highly pathogenic avian influenza
Wildlife (species unspecified),1,0,0,Virus,Mongolia,45.175,113.4958,April,Summer,0,Not applicable,Highly pathogenic avian influenza
Wildlife (species unspecified),1,0,0,Virus,Russia,47.98,42.27,October,Post-Monsoon,753,Village,African swine fever
Birds,0,0,0,Bacterium,Honduras,14.6471,-87.9313,September,Monsoon,20466,Farm,Fowl typhoid
Birds,0,1,0,Virus,Poland,51.734601,18.86378,January,Winter,1013440,Farm,Highly pathogenic avian influenza
Cattle,0,0,0,Virus,Czech Republic,50.3107925,12.8841361,January,Winter,18706,Farm,Bluetongue
Wild boar,1,0,0,Virus,Croatia,45.328313,19.070285,November,Post-Monsoon,0,Forest,African swine fever
Swine,0,0,0,Virus,Moldova,47.92,28.63,November,Post-Monsoon,3,Backyard,African swine fever
Laridae (unidentified),1,0,0,Virus,Russia,59.6748,28.2983,June,Monsoon,0,Body of water,Highly pathogenic avian influenza
European Rabbit,1,0,0,Virus,Canada,48.995,-123.816,May,Summer,9,Other,Rabbit haemorrhagic disease
Swine,0,0,0,Virus,Switzerland,47.33539,9.42668,November,Post-Monsoon,5099,Farm,Porcine reproductive and respiratory syndrome
Bees,0,1,0,Parasite,Nicaragua,12.4721614,-86.7601778,March,Summer,231,Apiary,Small hive beetle infestation
Eurasian Sparrowhawk,1,0,0,Virus,France,49.455016,0.184732,March,Summer,0,Other,Highly pathogenic avian influenza
Birds,0,1,0,Virus,Russia,44.6537,131.85439,December,Winter,50,Backyard,Newcastle disease
Ibex,1,0,0,Bacterium,France,45.99295,6.51921306,October,Post-Monsoon,0,Not applicable,Brucellosis
Equidae,0,0,0,Virus,Brazil,-19.66216667,-40.40686111,June,Monsoon,6,Farm,West Nile Fever
Tilapia,0,0,1,Virus,Thailand,14.497237,100.449215,October,Post-Monsoon,2000,Cage,Tilapia lake virus disease
Cattle,0,0,0,Bacterium,Namibia,-17.95,15.16,August,Monsoon,135,Village,Mycoplasma mycoides subsp. mycoides SC
Birds,0,0,0,Virus,Hungary,47.64624,20.66147,January,Winter,135,Zoo,Highly pathogenic avian influenza
Wildlife (species unspecified),1,0,0,Virus,Kazakhstan,43.74549,51.25906,March,Summer,0,Not applicable,Highly pathogenic avian influenza
Western Marsh Harrier,1,0,0,Virus,Bulgaria,42.491717,27.336172,February,Winter,0,Other,Highly pathogenic avian influenza
Birds,0,1,0,Virus,Korea (Rep. of),35.134218,126.521214,November,Post-Monsoon,3800,Farm,Low pathogenic avian influenza
Birds,0,1,0,Virus,Romania,43.903243,28.544879,January,Winter,95639,Backyard,Newcastle disease
Sheep,0,0,0,Virus,Botswana,-24.1403,25.38,February,Winter,40,Village,Bluetongue
Rainbow trout,0,0,1,Virus,Belgium,50.23311,4.42219,November,Post-Monsoon,25147,Farm,Infectious haematopoietic necrosis virus
Birds,0,1,0,Virus,North Macedonia,41.953144,21.5890975,April,Summer,14858,Backyard,Newcastle disease
Birds,0,1,0,Virus,Poland,54.3700374740561,17.866016440928515,June,Monsoon,32294,Farm,Newcastle disease
Birds,0,0,0,Virus,Ghana,6.112883,1.18885,June,Monsoon,34706,Farm,Highly pathogenic avian influenza
Wild boar,1,0,0,Virus,Ukraine,50.6222,24.4748,July,Monsoon,0,Forest,African swine fever
Equidae,0,0,0,Virus,Mongolia,49.2679,89.701,October,Post-Monsoon,44304,Farm,Equine influenza
Swine,0,0,0,Virus,South Africa,-29.1,25.6,January,Winter,20,Farm,African swine fever
Cattle,0,0,0,Virus,Madagascar,-23.3353,43.6861,March,Summer,18757,Other,Rift Valley fever
Corvidae (unidentified),1,0,0,Virus,Germany,53.5,9.83,October,Post-Monsoon,0,Not applicable,West Nile Fever
Birds,0,0,0,Virus,Japan,33.3718,130.6936,May,Summer,30477,Farm,Newcastle disease
Swine,0,0,0,Virus,Russia,53.687284,59.711493,March,Summer,112,Backyard,African swine fever
Birds,0,1,0,Virus,Hungary,47.99349,21.21514,November,Post-Monsoon,606091,Farm,Highly pathogenic avian influenza
Cattle,0,0,0,Bacterium,Slovenia,45.9619,14.3528,August,Monsoon,43,Farm,Anthrax
Wildlife (species unspecified),1,0,0,Virus,Russia,54.5,37.37,October,Post-Monsoon,0,Not applicable,Highly pathogenic avian influenza
Birds,0,1,0,Virus,Canada,49.021,-122.28,November,Post-Monsoon,56982,Farm,Highly pathogenic avian influenza
Northern Goshawk,1,0,0,Virus,Estonia,59.388278,24.647242,February,Winter,0,Other,Highly pathogenic avian influenza
Birds,0,1,0,Virus,China (People's Rep. of),27.809,109.392,September,Monsoon,1414,Backyard,Highly pathogenic avian influenza
Greylag Goose,1,0,0,Virus,United Kingdom,54.4652,-6.3222,June,Monsoon,0,Natural park,Highly pathogenic avian influenza
Cattle,0,0,0,Virus,Zimbabwe,-17.06751,31.46475,September,Monsoon,103350,Village,Foot and mouth disease
Birds,0,1,0,Virus,Russia,55.736519,52.633497,November,Post-Monsoon,156916,Farm,Highly pathogenic avian influenza
Sheep,0,0,0,Virus,Mongolia,46.1045,105.14428,February,Winter,1107,Farm,Sheep pox and goat pox
Cattle,0,0,0,Virus,Italy,39.09483,8.68199,October,Post-Monsoon,53,Farm,Bluetongue
Birds,0,1,0,Virus,Kazakhstan,53.43,76.84,October,Post-Monsoon,5308,Backyard,Highly pathogenic avian influenza
Common carp,0,0,1,Virus,South Africa,-26.1,28.5,July,Monsoon,85,Farm,Koi herpesvirus
Cattle,0,0,0,Virus,Jordan,32.10646,36.0317,November,Post-Monsoon,2000,Farm,Foot and mouth disease
Tilapia,0,0,1,Virus,United States of America,38.426,-105.169,April,Summer,206000,Farm,Tilapia lake virus disease
Swine,0,0,0,Virus,Myanmar,20.412374,96.881443,April,Summer,90,Backyard,African swine fever
Wild boar,1,0,0,Virus,Russia,42.972,44.5869,January,Winter,0,Forest,African swine fever
Wild boar,1,0,0,Virus,Ukraine,49.9136,31.6486,October,Post-Monsoon,0,Backyard,African swine fever
Birds,0,1,0,Virus,United Kingdom,52.44,0.52,October,Post-Monsoon,87365,Farm,Highly pathogenic avian influenza
Wild boar,1,0,0,Virus,Ukraine,49.9499,31.1167,December,Winter,0,Forest,African swine fever
Common carp,0,0,1,Virus,South Africa,-25.8,28.1,November,Post-Monsoon,600,Pond,Koi herpesvirus
Dogs,0,0,0,Virus,Armenia,40.9007,44.6021,March,Summer,1,Backyard,Rabies
Rook,1,0,0,Virus,United Kingdom,54.39,-4.4,October,Post-Monsoon,0,Other,Highly pathogenic avian influenza
Cattle,0,0,0,Bacterium,Croatia,45.052,16.238,February,Winter,20,Farm,Brucellosis
Wild boar,1,0,0,Virus,Belgium,49.65644,5.483182,March,Summer,0,Forest,African swine fever
Cattle,0,0,0,Virus,Israel,33.0065852924,35.3122762896,November,Post-Monsoon,65,Farm,Foot and mouth disease
Cats,0,0,0,Virus,Armenia,40.1305,44.4872,September,Monsoon,1,Backyard,Rabies
Swine,0,0,0,Virus,Finland,62.79717,22.4802,August,Monsoon,1500,Farm,Influenza A virus
Birds,0,1,0,Virus,Afghanistan,34.352865,62.204029,January,Winter,54000,Farm,Highly pathogenic avian influenza
Wild boar,1,0,0,Virus,Russia,57.575064,41.29775,April,Summer,0,Forest,African swine fever
Cattle,0,0,0,Virus,Namibia,-17.98912,24.07803,December,Winter,470,Village,Foot and mouth disease
Atlantic salmon,0,0,1,Virus,Norway,60.9674,4.9086,October,Post-Monsoon,145453,Farm,Infectious salmon anaemia virus
Dogs,0,0,0,Virus,Armenia,40.0811,44.4563,March,Summer,1,Backyard,Rabies
Wild boar,1,0,0,Virus,Russia,44.933345,133.317407,February,Winter,0,Forest,Classical swine fever
Sheep,0,0,0,Virus,Croatia,43.0603,16.1778,September,Monsoon,121,Farm,Bluetongue
Common Teal,1,0,0,Virus,Italy,45.577621,9.181599,December,Winter,0,Natural park,Highly pathogenic avian influenza
Impala,1,0,0,Virus,South Africa,-24.955,31.281,June,Monsoon,9449,Village,Foot and mouth disease
Signal crayfish,1,0,1,Parasite,Norway,59.41642,10.998313,October,Post-Monsoon,99,River system,Crayfish plague
Anatidae (unidentified),1,0,0,Virus,Kazakhstan,43.6513,51.1469,January,Winter,0,Other,Highly pathogenic avian influenza
Birds,0,1,0,Virus,Poland,52.994235,19.914788,August,Monsoon,9141899,Farm,Highly pathogenic avian influenza
Equidae,0,1,0,Virus,Croatia,46.023056,16.756667,April,Summer,36,Farm,Equine influenza
Eurasian Sparrowhawk,1,0,0,Virus,United Kingdom,55.96,-2.39,September,Monsoon,0,Other,Highly pathogenic avian influenza
Mute Swan,1,0,0,Virus,Moldova,47.3104,28.3645,December,Winter,0,Other,Highly pathogenic avian influenza
Red Fox,1,0,0,Virus,Kazakhstan,51.41,72.64,November,Post-Monsoon,0,Not applicable,Rabies
Birds,0,1,0,Virus,Burkina Faso,12.4025,-1.5813,March,Summer,758,Backyard,Highly pathogenic avian influenza
Rabbits,0,0,0,Virus,Russia,56.1192,43.0908,September,Monsoon,4283,Village,Myxomatosis
Rabbits,0,0,0,Virus,United States of America,38.315,-87.5917,May,Summer,200,Farm,Rabbit haemorrhagic disease
Wildlife (species unspecified),1,0,0,Virus,Germany,47.96027,11.317404,January,Winter,39,Not applicable,Highly pathogenic avian influenza
Cattle,0,0,0,Virus,Namibia,-17.95,24.13,July,Monsoon,1453,Village,Foot and mouth disease
Red Fox,1,0,0,Virus,Ireland,51.86405,-8.36159,September,Monsoon,0,Not applicable,Highly pathogenic avian influenza
Cattle,0,0,0,Virus,Namibia,-18.07,21.63,January,Winter,70,Village,Foot and mouth disease
Wildlife (species unspecified),1,0,0,Virus,Cambodia,11.362982,105.407199,February,Winter,0,Not applicable,Highly pathogenic avian influenza
Cattle,0,0,0,Virus,Algeria,34.7216,5.4318,November,Post-Monsoon,52,Farm,Bluetongue
Mallard,1,0,0,Virus,Cyprus,35.020815,33.987459,November,Post-Monsoon,0,Backyard,Highly pathogenic avian influenza
Birds,0,0,0,Virus,Turkey,40.09,29.59,October,Post-Monsoon,816,Village,Newcastle disease
South American fur seal,1,0,0,Virus,Uruguay,-34.8185,-55.9198,September,Monsoon,0,Body of water,Highly pathogenic avian influenza
Dogs,0,0,0,Virus,Armenia,40.87819,45.456758,March,Summer,1,Backyard,Rabies
Goats,0,0,0,Virus,Comoros,-11.7148,43.2664,December,Winter,492,Farm,Peste des petits ruminants
Birds,0,0,0,Virus,Vietnam,14.7386,107.6086,October,Post-Monsoon,9191,Backyard,Highly pathogenic avian influenza
Sheep,0,0,0,Prion,Iceland,65.5472,-19.3738,September,Monsoon,762,Farm,Scrapie
Birds,0,0,0,Virus,Austria,47.7997,16.62,January,Winter,1258,Backyard,Highly pathogenic avian influenza
Birds,0,0,0,Virus,Lebanon,33.8421,36.1956,May,Summer,206000,Farm,Highly pathogenic avian influenza
Wild boar,1,0,0,Virus,Ukraine,47.602139,29.211611,December,Winter,0,Forest,African swine fever
Rainbow trout,0,0,1,Virus,Italy,41.446179,14.114849,February,Winter,10000,Farm,Viral haemorrhagic septicaemia
Sheep/goats (mixed herd),0,0,0,Bacterium,Croatia,43.78594,16.73913,July,Monsoon,404,Farm,Brucellosis
Swine,0,0,0,Virus,China (People's Rep. of),24.19,103.03,September,Monsoon,125,Livestock market,Foot and mouth disease
Cattle,0,0,0,Virus,Iceland,65.3602,-14.3927,October,Post-Monsoon,325,Farm,Infectious bovine rhinotracheitis/infectious pustular vulvovaginitis
Wild boar,1,0,0,Virus,Russia,57.913176,41.084096,July,Monsoon,0,Farm,African swine fever
Goats,0,0,0,Virus,China (People's Rep. of),40.03,113.6,June,Monsoon,6874,Farm,Peste des petits ruminants
Cattle,0,0,0,Virus,Iran,34.80045,50.5138,August,Monsoon,1250,Village,Foot and mouth disease
Birds,0,1,0,Virus,Hungary,46.889059,20.421714,April,Summer,19900,Farm,Highly pathogenic avian influenza
Wild boar,1,0,0,Virus,Russia,56.745744,29.025906,December,Winter,0,Forest,African swine fever
Cattle,0,0,0,Virus,Paraguay,-23.884897,-56.805396,September,Monsoon,819,Farm,Foot and mouth disease
Equidae,0,0,0,Virus,Austria,48.225857,16.599464,October,Post-Monsoon,111,Farm,West Nile Fever
Cattle,0,0,0,Virus,Algeria,35.3555,-1.0506,January,Winter,1289,Farm,Foot and mouth disease
Cattle,0,0,0,Bacterium,Sweden,59.17666667,15.365,August,Monsoon,114,Farm,Anthrax
Bearded pig,1,0,0,Virus,Malaysia,4.6604,114.8207,October,Post-Monsoon,0,Farm,African swine fever
Birds,0,1,0,Virus,Poland,53.12639969594747,20.44936693147677,January,Winter,155858,Farm,Highly pathogenic avian influenza
Swine,0,0,0,Virus,Ukraine,48.9139,26.3736,February,Winter,6,Backyard,African swine fever
Birds,0,1,0,Virus,Reunion,-21.065686,55.303251,October,Post-Monsoon,240,Farm,Highly pathogenic avian influenza
Cattle,0,0,0,Virus,Honduras,15.741489,-87.354424,August,Monsoon,374,Farm,Rabies
Cattle,0,0,0,Virus,Tunisia,36.611951,8.970229,October,Post-Monsoon,2857,Farm,Lumpy skin disease
Swine,0,0,0,Virus,Russia,58.349898,46.319463,June,Monsoon,2,Backyard,African swine fever
Strigidae (unidentified),1,0,0,Virus,Germany,49.58,8.36,September,Monsoon,0,Not applicable,West Nile Fever
Birds,0,0,0,Virus,Romania,44.395966,26.231025,February,Winter,278,Other,Highly pathogenic avian influenza
Wolf (gray wolf),1,0,0,Virus,Kazakhstan,49.412409,75.470451,December,Winter,0,Village,Rabies
Birds,0,1,0,Virus,Russia,51.236178,48.733885,August,Monsoon,131863,Farm,Highly pathogenic avian influenza
Birds,0,1,0,Virus,Switzerland,47.387,8.75,March,Summer,44,Backyard,Highly pathogenic avian influenza
Equidae,0,0,0,Virus,Bulgaria,43.7486,23.4945,November,Post-Monsoon,1,Farm,Equine infectious anaemia
Wild boar,1,0,0,Virus,Ukraine,48.6671,28.7081,April,Summer,0,Forest,African swine fever
Birds,0,1,0,Virus,Netherlands,52.45,5.73,December,Winter,15985,Farm,Highly pathogenic avian influenza
Birds,0,1,0,Virus,Hungary,46.478511,20.305454,April,Summer,282778,Farm,Highly pathogenic avian influenza
Swine,0,0,0,Virus,Bolivia,-19.9758,-64.3654,April,Summer,4997,Farm,Aujeszky's disease
Swine,0,0,0,Virus,China (People's Rep. of),26.583,106.887,December,Winter,405,Farm,African swine fever
Birds,0,1,0,Virus,Niger,14.3133,6.1533,December,Winter,4920,Village,Highly pathogenic avian influenza
Corvidae (unidentified),1,0,0,Virus,Germany,51.09,11.63,March,Summer,0,Not applicable,West Nile Fever
Birds,0,1,0,Virus,United Kingdom,55.69,-3.73,November,Post-Monsoon,30967,Farm,Highly pathogenic avian influenza
Swine,0,0,0,Virus,Ukraine,51.057016,32.322494,July,Monsoon,1,Backyard,African swine fever
Birds,0,1,0,Virus,India,32.8656,75.1941,January,Winter,840,Backyard,Highly pathogenic avian influenza
Sheep,0,0,0,Prion,Japan,35.4476,139.3376,April,Summer,0,Farm,Scrapie
Birds,0,0,0,Virus,Nigeria,12.08135,8.41873,July,Monsoon,4363,Farm,Highly pathogenic avian influenza
Birds,0,1,0,Virus,Denmark,56.9636,9.9899,January,Winter,48000,Farm,Low pathogenic avian influenza
Red Fox,1,0,0,Virus,Japan,43.0619,141.3544,February,Winter,0,Not applicable,Highly pathogenic avian influenza
Cattle,0,0,0,Prion,Brazil,-5.311919,-50.447172,January,Winter,160,Farm,Bovine spongiform encephalopathy
Accipitridae (unidentified),1,0,0,Virus,Germany,51.07,13.02,March,Summer,0,Not applicable,Highly pathogenic avian influenza
Peruvian pelican,1,0,0,Virus,Venezuela,10.06273,-65.04667,November,Post-Monsoon,0,Natural park,Highly pathogenic avian influenza
Wild boar,1,0,0,Virus,Russia,43.7497,132.1678,February,Winter,0,Forest,Classical swine fever
Swine,0,0,0,Virus,Laos,14.302311,105.487494,September,Monsoon,11889,Village,African swine fever
Cygnus (unidentified),1,0,0,Virus,Moldova,47.9155,27.619,December,Winter,0,Other,Highly pathogenic avian influenza
Birds,0,1,0,Virus,Poland,50.474,18.4853,November,Post-Monsoon,19110,Farm,Newcastle disease
Birds,0,1,0,Virus,Poland,53.3361518,15.3941754,February,Winter,9708,Farm,Highly pathogenic avian influenza
Cattle,0,0,0,Virus,Poland,50.96816,15.33697,December,Winter,87,Farm,Bluetongue
Cattle,0,0,0,Virus,Türkiye (Rep. of),40.84123,35.48655,June,Monsoon,3027,Village,Foot and mouth disease
Bees,0,0,0,Bacterium,Malta,36.048626,14.232227,October,Post-Monsoon,1,Apiary,Melissococcus plutonius
Lesser Black-backed Gull,1,0,0,Virus,Portugal,40.663043,-8.732114,October,Post-Monsoon,0,Not applicable,Highly pathogenic avian influenza
Equidae,0,0,0,Virus,Panama,8.4394,-77.9885,June,Monsoon,67,Farm,Equine encephalomyelitis
Cattle,0,0,0,Virus,Bolivia,-16.9678,-61.2913,January,Winter,1495,Farm,Vesicular stomatitis
Cattle,0,0,0,Bacterium,Hungary,46.735956,21.481316,April,Summer,4,Backyard,Anthrax
Goats,0,0,0,Virus,Israel,33.067,35.1881,July,Monsoon,1860,Farm,Peste des petits ruminants
Birds,0,1,0,Virus,Philippines,14.532381,121.107951,August,Monsoon,39332,Backyard,Highly pathogenic avian influenza
Birds,0,0,0,Virus,Iran,36.43689,52.63361,October,Post-Monsoon,8182,Farm,Highly pathogenic avian influenza
Bees,0,1,0,Bacterium,Brazil,-25.37496,-48.9827,October,Post-Monsoon,33,Apiary,American foulbrood of honey bees
Birds,0,1,0,Virus,Romania,46.287899,25.035317,May,Summer,179622,Backyard,Highly pathogenic avian influenza
Wild boar,1,0,0,Virus,Russia,54.327561,21.419728,February,Winter,0,Forest,African swine fever
Northern Goshawk,1,0,0,Virus,Finland,60.2234,24.86,October,Post-Monsoon,0,Not applicable,Highly pathogenic avian influenza
Birds,0,0,0,Virus,Ireland,54.64096,-8.09376,July,Monsoon,8,Backyard,Highly pathogenic avian influenza
Goats,0,0,0,Virus,Bulgaria,42.2828,24.7528,July,Monsoon,15,Farm,Sheep pox and goat pox
Cattle,0,0,0,Bacterium,Azerbaijan,40.84592,46.213388,March,Summer,6,Backyard,Anthrax
Birds,0,1,0,Virus,Slovakia,47.987,17.3628,January,Winter,70,Backyard,Highly pathogenic avian influenza
Birds,0,0,0,Virus,Korea (Rep. of),35.491875,128.464106,May,Summer,686246,Farm,Highly pathogenic avian influenza
Birds,0,0,0,Virus,Cambodia,11.11,105.7,January,Winter,390,Backyard,Highly pathogenic avian influenza
Mallard,1,0,0,Virus,North Macedonia,42.0168,21.3849,February,Winter,0,Body of water,Highly pathogenic avian influenza
Cattle,0,0,0,Virus,Kenya,-1.929415,37.735485,January,Winter,342,Farm,Foot and mouth disease
Cattle,0,0,0,Virus,Russia,44.5757,132.733,May,Summer,18,Village,Foot and mouth disease
Wildlife (species unspecified),1,0,0,Virus,Mongolia,48.7682,102.7474,June,Monsoon,0,Not applicable,Highly pathogenic avian influenza
Cattle,0,0,0,Parasite,Mexico,21.409623,-102.275255,November,Post-Monsoon,11500,Other,New world screwworm
Swine,0,0,0,Virus,Zambia,-15.5561,28.2514,March,Summer,31,Farm,African swine fever
Swine,0,0,0,Virus,Ukraine,51.0901,33.0668,September,Monsoon,871,Backyard,African swine fever
Sheep,0,0,0,Bacterium,Croatia,44.768611,15.718056,March,Summer,179,Farm,Brucellosis
Camelidae,0,0,0,Bacterium,Kazakhstan,49.590806,48.35775,July,Monsoon,1,Village,Anthrax
Birds,0,0,0,Virus,Peru,-18.003075,-70.245877,April,Summer,20,Village,Newcastle disease
Birds,0,0,0,Virus,Afghanistan,34.54,69.05,March,Summer,449,Village,Highly pathogenic avian influenza
Birds,0,0,0,Virus,Uruguay,-32.3924,-55.8419,March,Summer,542,Backyard,Highly pathogenic avian influenza
Swine,0,0,0,Virus,Serbia,45.568013,20.732881,September,Monsoon,292,Backyard,African swine fever
Cats,0,0,0,Virus,Kazakhstan,51.31,77.75,January,Winter,2,Backyard,Rabies
Cattle,0,0,0,Virus,Austria,48.4667,13.6222,July,Monsoon,735,Farm,Bluetongue
Wildlife (species unspecified),1,0,0,Virus,Latvia,57.61,25.68,October,Post-Monsoon,9,Not applicable,Newcastle disease
Tilapia,0,0,1,Virus,Philippines,14.906698,120.813158,May,Summer,300000,Pond,Tilapia lake virus disease
Golden Jackal,1,0,0,Virus,Hungary,48.05587,22.861288,September,Monsoon,0,Village,Rabies
Eurasian buzzard (common buzzard),1,0,0,Virus,Ireland,52.92,-8.42,March,Summer,0,Not applicable,Highly pathogenic avian influenza
Birds,0,1,0,Virus,United States of America,34.735,-80.076,April,Summer,34160,Farm,Highly pathogenic avian influenza
Cattle,0,0,0,Virus,China (People's Rep. of),43.54425,80.99361,August,Monsoon,65,Farm,Lumpy skin disease
Accipitridae (unidentified),1,0,0,Virus,Germany,51.89,14.17,June,Monsoon,0,Not applicable,Highly pathogenic avian influenza
Cattle,0,0,0,Virus,Ecuador,-3.16277,-79.215256,June,Monsoon,23,Farm,Vesicular stomatitis
Amur carp,0,0,1,Virus,Sweden,56.0315,14.1592,July,Monsoon,31,Pond,Koi herpesvirus
Equidae,0,0,0,Parasite,New Zealand,-37.100111,174.878956,April,Summer,143,Farm,Equine piroplasmosis
Birds,0,1,0,Virus,Poland,49.93391,18.76832848,February,Winter,44498,Farm,Highly pathogenic avian influenza
Swine,0,0,0,Virus,Italy,45.537125,8.971317,November,Post-Monsoon,1250,Farm,Influenza A virus
Birds,0,1,0,Virus,Moldova,47.3859,29.1173,January,Winter,55,Backyard,Highly pathogenic avian influenza
Goats,0,0,0,Virus,Chinese Taipei,25.0475,121.129,June,Monsoon,68,Farm,Sheep pox and goat pox
Wild boar,1,0,0,Virus,Germany,49.5998,8.6543,August,Monsoon,0,Forest,African swine fever
Birds,0,1,0,Virus,Spain,42.535873,-2.1964383,June,Monsoon,3625,Farm,Low pathogenic avian influenza
Eurasian Sparrowhawk,1,0,0,Virus,Finland,60.155732,24.700799,July,Monsoon,0,Not applicable,Highly pathogenic avian influenza
Cats,0,0,0,Virus,Italy,45.52,11.07,April,Summer,1,Natural park,Highly pathogenic avian influenza
Yak (grunting ox),1,0,0,Virus,China (People's Rep. of),35.158899,100.736414,October,Post-Monsoon,41,Farm,Foot and mouth disease
Dogs,0,0,0,Virus,Armenia,40.187,43.9718,May,Summer,1,Backyard,Rabies
Sheep,0,0,0,Virus,Russia,57.615458,40.322456,August,Monsoon,970,Backyard,Sheep pox and goat pox
Birds,0,1,0,Virus,China (People's Rep. of),32.523,119.799,November,Post-Monsoon,31649,Farm,Highly pathogenic avian influenza
Swine,0,0,0,Virus,Russia,52.071494,113.510221,February,Winter,96,Backyard,African swine fever
Sheep,0,0,0,Virus,Kazakhstan,47.2,84.11,March,Summer,8,Village,Sheep pox and goat pox
Birds,0,1,0,Virus,China (People's Rep. of),46.33,132.2,June,Monsoon,944525,Farm,Highly pathogenic avian influenza
Freshwater drum,1,0,1,Virus,United States of America,43.4017,-77.535,May,Summer,0,Lake,Viral haemorrhagic septicaemia
Birds,0,1,0,Virus,Kazakhstan,53.41,67.96,June,Monsoon,467,Village,Newcastle disease
Swine,0,0,0,Virus,Poland,51.902778,17.978889,September,Monsoon,184,Farm,African swine fever
Bees,0,1,0,Parasite,Canada,42.1711,-82.8244,September,Monsoon,2280,Apiary,Small hive beetle infestation
Impala,1,0,0,Bacterium,Mozambique,-24.471377,32.057195,September,Monsoon,0,Other,Anthrax
Mandarin Duck,1,0,0,Virus,Korea (Rep. of),35.314396,128.682956,February,Winter,0,Other,Highly pathogenic avian influenza
Equidae,0,0,0,Virus,Belgium,50.36,5.35,December,Winter,66,Farm,Equine infectious anaemia
Cattle,0,0,0,Virus,China (People's Rep. of),43.79,87.63,September,Monsoon,1208,Farm,Foot and mouth disease
Birds,0,0,0,Virus,Russia,51.023801,35.970674,October,Post-Monsoon,43,Backyard,Highly pathogenic avian influenza
Swine,0,0,0,Virus,Ukraine,48.5943,24.921,August,Monsoon,6,Other,African swine fever
Cattle,0,0,0,Prion,Spain,40.2109,-5.9825,August,Monsoon,107,Farm,Bovine spongiform encephalopathy
Birds,0,0,0,Virus,Niger,13.4423,7.13587,April,Summer,2440,Farm,Highly pathogenic avian influenza
Wildlife (species unspecified),1,0,0,Virus,Germany,51.42669,11.002614,August,Monsoon,0,Not applicable,Highly pathogenic avian influenza
Swine,0,0,0,Virus,Bulgaria,43.1164,27.4419,August,Monsoon,7,Backyard,African swine fever
Cats,0,0,0,Virus,Albania,41.9831,20.4,June,Monsoon,100,Village,Rabies
Swine,0,0,0,Virus,Finland,62.28772,21.44347,November,Post-Monsoon,950,Farm,Influenza A virus
Birds,0,0,0,Virus,Cambodia,13.46,103.68,November,Post-Monsoon,8800,Backyard,Highly pathogenic avian influenza
Cattle,0,0,0,Bacterium,Namibia,-17.56,18.56,May,Summer,0,Village,Mycoplasma mycoides subsp. mycoides SC
Wildlife (species unspecified),1,0,0,Virus,China (People's Rep. of),30.3,96.51,March,Summer,0,Village,Highly pathogenic avian influenza
Equidae,0,0,0,Virus,Greece,40.6664,21.2667,March,Summer,3,Farm,Equine infectious anaemia
Birds,0,0,0,Virus,Nepal,26.635389,87.271422,March,Summer,6200,Farm,Highly pathogenic avian influenza
Dogs,0,0,0,Virus,Canada,43.6657,-79.417,January,Winter,0,Other,Rabies
Mustelidae,0,0,0,Virus,Spain,43.2512,-8.2712,August,Monsoon,8760,Farm,SARS-CoV-2 in animals
Birds,0,0,0,Virus,Greece,40.64,22.93,November,Post-Monsoon,3100,Farm,Newcastle disease
Sheep/goats (mixed herd),0,0,0,Bacterium,Turkmenistan,38.26,58.25,August,Monsoon,1000,Village,Anthrax
Birds,0,1,0,Virus,Russia,47.006992,142.690072,November,Post-Monsoon,257434,Farm,Highly pathogenic avian influenza
Equidae,0,0,0,Bacterium,Romania,44.162104,27.757642,July,Monsoon,4,Backyard,Anthrax
Birds,0,1,0,Virus,Japan,44.0205,144.2735,May,Summer,1737512,Farm,Highly pathogenic avian influenza
Swine,0,0,0,Virus,Ukraine,48.5174,25.7902,February,Winter,13,Other,African swine fever
Birds,0,1,0,Virus,Türkiye (Rep. of),37.9066,29.9822,January,Winter,4358005,Farm,Highly pathogenic avian influenza
Equidae,0,0,0,Virus,Algeria,34.786,5.6009,September,Monsoon,21,Farm,West Nile Fever
Birds,0,1,0,Virus,Czech Republic,48.9742,14.431,November,Post-Monsoon,280,Farm,Low pathogenic avian influenza
Swine,0,0,0,Virus,Cote D'Ivoire,9.28,-5.3651,February,Winter,38074,Backyard,African swine fever
Swine,0,0,0,Virus,Ukraine,49.9923,28.5104,June,Monsoon,3,Backyard,African swine fever
Swine,0,0,0,Virus,Laos,19.4194793,102.7121903,September,Monsoon,2167,Village,African swine fever
Carrion Crow,1,0,0,Virus,Russia,48.349678,135.23594,February,Winter,0,Other,Highly pathogenic avian influenza
Bees,0,1,0,Parasite,Costa Rica,11.08677,-85.55899,August,Monsoon,3,Apiary,Small hive beetle infestation
Swine,0,0,0,Virus,Ukraine,49.4336,28.5936,August,Monsoon,831,Farm,African swine fever
Birds,0,0,0,Virus,United Kingdom,54.0209,-0.3751,November,Post-Monsoon,6178,Farm,Highly pathogenic avian influenza
Swine,0,0,0,Virus,Ukraine,48.3489,35.5214,January,Winter,422,Backyard,African swine fever
Mallard,1,0,0,Virus,Switzerland,46.38,6.87,September,Monsoon,0,Not applicable,Highly pathogenic avian influenza
Birds,0,1,0,Virus,Czech Republic,49.0426111,17.8974889,April,Summer,34,Backyard,Newcastle disease
Greylag Goose,1,0,0,Virus,Czech Republic,49.9336,14.77869,February,Winter,0,Backyard,Highly pathogenic avian influenza
Sheep,0,0,0,Virus,Germany,52.424,13.23,September,Monsoon,24,Backyard,Bluetongue
Sheep,0,0,0,Virus,Tunisia,35.0614,9.2101,October,Post-Monsoon,649,Farm,Bluetongue
Mute Swan,1,0,0,Virus,Ukraine,45.6732,28.5937,February,Winter,0,Other,Highly pathogenic avian influenza
Birds,0,1,0,Virus,United States of America,37.615,-93.4106,March,Summer,29000,Farm,Low pathogenic avian influenza
Cats,0,0,0,Virus,France,46.922312,-0.689995058,December,Winter,0,Other,Highly pathogenic avian influenza
Wildlife (species unspecified),1,0,0,Virus,China (People's Rep. of),36.6,99.1,May,Summer,0,Not applicable,Highly pathogenic avian influenza
Cattle,0,0,0,Virus,Azerbaijan,40.5774,47.5462,October,Post-Monsoon,41105,Village,Lumpy skin disease
Birds,0,1,0,Virus,Poland,54.077435,18.484473,April,Summer,7145535,Farm,Highly pathogenic avian influenza
Mountain hare,1,0,0,Virus,Ireland,52.35625,-6.4217,July,Monsoon,0,Natural park,Rabbit haemorrhagic disease
White-faced Whistling-Duck,1,0,0,Virus,Nigeria,12.8343,10.7414,March,Summer,0,Natural park,Highly pathogenic avian influenza
Eurasian Wigeon,1,0,0,Virus,Norway,59.66,10.63,July,Monsoon,0,Other,Highly pathogenic avian influenza
Cattle,0,0,0,Virus,Switzerland,47.32,9.4,March,Summer,75,Farm,Infectious bovine rhinotracheitis/infectious pustular vulvovaginitis
Bees,0,1,0,Bacterium,Romania,44.6,27.5,August,Monsoon,206,Apiary,American foulbrood of honey bees
Swine,0,0,0,Virus,Kenya,-1.18918,36.84125,April,Summer,396,Farm,African swine fever
Cattle,0,0,0,Virus,Paraguay,-23.908297,-56.943422,December,Winter,163,Farm,Foot and mouth disease
Wild boar,1,0,0,Virus,Ukraine,48.9319,32.1498,November,Post-Monsoon,0,Forest,African swine fever
Northern Goshawk,1,0,0,Virus,Belgium,50.86435,5.09133,June,Monsoon,0,Other,Highly pathogenic avian influenza
Birds,0,1,0,Virus,Chinese Taipei,23.6035,120.41257,May,Summer,2820,Farm,Low pathogenic avian influenza
Cattle,0,0,0,Virus,China (People's Rep. of),44.26,84.42,April,Summer,251,Farm,Foot and mouth disease
Swine,0,0,0,Virus,Moldova,47.04,28.09,November,Post-Monsoon,31668,Farm,African swine fever
Cattle,0,0,0,Bacterium,Kazakhstan,53.3333,75.4572,July,Monsoon,863,Village,Anthrax
Sheep,0,0,0,Virus,Mali,11.267,-5.51,May,Summer,300,Village,Peste des petits ruminants
Birds,0,1,0,Virus,Korea (Rep. of),36.542562,127.325549,December,Winter,6837,Farm,Low pathogenic avian influenza
Birds,0,1,0,Virus,Kazakhstan,51.05251,73.951535,June,Monsoon,260,Backyard,Newcastle disease
Birds,0,1,0,Virus,Cambodia,13.3,103.85,March,Summer,8397,Farm,Highly pathogenic avian influenza
Cattle,0,0,0,Bacterium,France,48.757832,6.978275,July,Monsoon,78,Farm,Anthrax
Wild boar,1,0,0,Virus,Romania,45.607232,27.527433,July,Monsoon,6,Farm,African swine fever
Birds,0,1,0,Virus,Poland,50.631,17.6976,November,Post-Monsoon,184466,Farm,Newcastle disease
Wildlife (species unspecified),1,0,0,Virus,Cambodia,11.398651,105.402178,January,Winter,0,Other,Highly pathogenic avian influenza
Common Teal,1,1,0,Virus,Montenegro,42.260398,19.251823,December,Winter,0,Natural park,Highly pathogenic avian influenza
Cattle,0,0,0,Virus,Zimbabwe,-19.443,28.049,April,Summer,1908,Village,Foot and mouth disease
Wild boar,1,0,0,Virus,Ukraine,50.636755,30.16008,January,Winter,0,Not applicable,Classical swine fever
Cattle,0,0,0,Virus,Russia,43.0554,46.4533,September,Monsoon,176856,Village,Lumpy skin disease
Lesser Black-backed Gull,1,0,0,Virus,Portugal,37.960294,-8.872063,November,Post-Monsoon,0,Other,Highly pathogenic avian influenza
Equidae,0,0,0,Virus,Guadeloupe,15.9,-61.3,July,Monsoon,32,Farm,West Nile Fever
Sheep,0,0,0,Virus,Bulgaria,42.2116,24.9584,July,Monsoon,196,Farm,Sheep pox and goat pox
Common Teal,1,0,0,Virus,Norway,58.84696,5.73196,February,Winter,0,Other,Highly pathogenic avian influenza
Goats,0,0,0,Virus,Israel,32.6143,35.3917,September,Monsoon,25,Farm,Peste des petits ruminants
Cattle,0,0,0,Virus,Germany,52.32,12.32,August,Monsoon,618,Farm,Bluetongue
Cattle,0,0,0,Virus,Kuwait,29.29179,47.81799,February,Winter,6101,Farm,Foot and mouth disease
Sheep,0,0,0,Bacterium,Italy,41.76395,12.8668,September,Monsoon,680,Farm,Anthrax
Wild boar,1,0,0,Virus,Ukraine,50.8077,32.2586,March,Summer,0,Natural park,African swine fever
Barnacle Goose,1,0,0,Virus,Sweden,56.176031,14.50123,April,Summer,0,Other,Highly pathogenic avian influenza
Sheep,0,0,0,Virus,Russia,57.372544,41.313637,April,Summer,195,Backyard,Sheep pox and goat pox
Wildlife (species unspecified),1,0,0,Virus,Italy,37.4718,14.2535,February,Winter,50,Not applicable,Highly pathogenic avian influenza
Birds,0,0,0,Virus,Cambodia,12.06,105.38,April,Summer,1086,Village,Highly pathogenic avian influenza
Birds,0,1,0,Virus,United Kingdom,50.98,-3.45,July,Monsoon,28500,Farm,Highly pathogenic avian influenza
Cattle,0,0,0,Virus,Sierra Leone,9.4922,-12.6124,August,Monsoon,6000,Village,Foot and mouth disease
Swine,0,0,0,Virus,Slovakia,47.971181,18.65064,July,Monsoon,2,Farm,Classical swine fever
Mute Swan,1,0,0,Virus,Slovenia,46.5666,15.8108,November,Post-Monsoon,0,Body of water,Highly pathogenic avian influenza
Cattle,0,0,0,Virus,Jordan,31.8067,35.9675,May,Summer,3834,Farm,Lumpy skin disease
Common Teal,1,0,0,Virus,Russia,50.91537,48.761353,November,Post-Monsoon,0,Backyard,Highly pathogenic avian influenza
Wild boar,1,0,0,Virus,Germany,49.79,8.4,July,Monsoon,0,Forest,African swine fever
Birds,0,0,0,Virus,Chinese Taipei,23.555863,120.284898,May,Summer,46320,Farm,Highly pathogenic avian influenza
Accipitridae (unidentified),1,0,0,Virus,Germany,49.08,12.88,March,Summer,0,Not applicable,Highly pathogenic avian influenza
Birds,0,1,0,Virus,Niger,13.5393,2.0914,January,Winter,250,Other,Highly pathogenic avian influenza
Northern Goshawk,1,0,0,Virus,Poland,53.4418763,19.0999809,December,Winter,0,Backyard,Highly pathogenic avian influenza
Grey-headed gull,1,0,0,Virus,Gambia,13.2291,-16.6714,March,Summer,0,Village,Highly pathogenic avian influenza
Atlantic salmon,0,0,1,Virus,Chile,-44.254,-73.7373,December,Winter,362691,Farm,Infectious salmon anaemia virus
Birds,0,1,0,Virus,Denmark,56.03192,12.13398,March,Summer,70,Farm,Highly pathogenic avian influenza
Birds,0,0,0,Virus,Myanmar,22.1722,95.1656,April,Summer,123074,Farm,Highly pathogenic avian influenza
Sheep,0,0,0,Prion,Malta,35.9114,14.4891,January,Winter,3,Farm,Scrapie
Mute Swan,1,0,0,Virus,Serbia,45.602199,19.538061,March,Summer,0,Forest,Highly pathogenic avian influenza
Birds,0,0,0,Virus,Laos,19.88,102.13,September,Monsoon,150,Farm,Highly pathogenic avian influenza
Rabbits/hares (mixed group),0,0,0,Virus,Norway,61.837,8.568,May,Summer,32,Not applicable,Rabbit haemorrhagic disease
Dogs,0,0,0,Virus,Melilla,35.2837,-2.9429,April,Summer,0,Other,Rabies
Raccoon dog,1,0,0,Virus,Japan,43.0622,141.3543,April,Summer,0,Not applicable,Highly pathogenic avian influenza
Birds,0,1,0,Virus,Japan,32.0906,130.3532,November,Post-Monsoon,152200,Farm,Highly pathogenic avian influenza
White-tailed Eagle,1,0,0,Virus,Finland,60.152706437,19.907439446,April,Summer,0,Not applicable,Highly pathogenic avian influenza
Northern Goshawk,1,0,0,Virus,United Kingdom,52.306,0.7385,March,Summer,0,Other,Highly pathogenic avian influenza
Equidae,0,0,0,Virus,Greece,40.98,24.7,September,Monsoon,659,Farm,West Nile Fever
Birds,0,1,0,Virus,Germany,51.76,12.67,March,Summer,28237,Farm,Highly pathogenic avian influenza
Equidae,0,0,0,Virus,Uruguay,-33.7684,-55.9625,April,Summer,2200,Farm,Equine infectious anaemia
Birds,0,0,0,Virus,Honduras,15.1535,-88.02724,November,Post-Monsoon,112,Village,Newcastle disease
Bees,0,0,0,Bacterium,Romania,44.491423,28.2551193,July,Monsoon,60,Apiary,Melissococcus plutonius
Cattle,0,0,0,Bacterium,Kazakhstan,50.466667,61.216667,September,Monsoon,491,Farm,Anthrax
Swine,0,0,0,Virus,South Africa,-29.8,17.7,May,Summer,100,Farm,African swine fever
Farmed fish (species unspecified),0,0,1,Fungus,Japan,35.2747,136.2598,August,Monsoon,0,Farm,Aphanomyces invadans
Cattle,0,0,0,Virus,Vietnam,22.485,105.7888,June,Monsoon,0,Village,Lumpy skin disease
Mute Swan,1,0,0,Virus,Moldova,48.2585,27.0865,December,Winter,0,Other,Highly pathogenic avian influenza
Goats,0,0,0,Virus,Russia,55.7488,38.4453,August,Monsoon,23,Backyard,Sheep pox and goat pox
Dogs,0,0,0,Virus,Bhutan,26.7319,89.8403,October,Post-Monsoon,0,Other,Rabies
Birds,0,1,0,Virus,Moldova,46.49,29.92,January,Winter,74,Backyard,Highly pathogenic avian influenza
Wild boar,1,0,0,Virus,Ukraine,49.5565,36.3172,February,Winter,0,Natural park,African swine fever
Swine,0,0,0,Virus,Brazil,0.419583,-50.88236,June,Monsoon,1611,Farm,Classical swine fever
Cattle,0,0,0,Bacterium,France,47.5715,4.4334,October,Post-Monsoon,444,Farm,Anthrax
Wild boar,1,0,0,Virus,Russia,43.354177,132.556879,August,Monsoon,0,Backyard,African swine fever
Cattle,0,0,0,Virus,Swaziland,-26.486,31.192,August,Monsoon,239,Farm,Rift Valley fever
Swine,0,0,0,Virus,Myanmar,21.389008,99.616536,June,Monsoon,153,Farm,African swine fever
Gray Crowned-Crane,1,1,0,Virus,Italy,45.527588,11.910103,February,Winter,2,Farm,Highly pathogenic avian influenza
Birds,0,1,0,Virus,Russia,52.052437,48.940125,August,Monsoon,103,Backyard,Newcastle disease
Mustelidae,0,0,0,Virus,Latvia,56.512923,24.236597,April,Summer,64000,Farm,SARS-CoV-2 in animals
Wild boar,1,0,0,Virus,Ukraine,48.7923,22.6851,May,Summer,0,Forest,African swine fever
Cattle,0,0,0,Virus,Germany,50.88,6.09,January,Winter,191,Farm,Bluetongue
Rainbow trout,1,0,1,Virus,Romania,44.7067,22.6742,January,Winter,3,Farm,Viral haemorrhagic septicaemia
Red-whiskered Bulbul,1,0,0,Virus,Hong Kong,22.326084,114.189183,April,Summer,0,Not applicable,Highly pathogenic avian influenza
Equidae,0,0,0,Parasite,Ireland,52.54,-7.19,February,Winter,14,Other,Equine piroplasmosis
Wildlife (species unspecified),1,0,0,Virus,Germany,51.037512,13.754364,August,Monsoon,1,Not applicable,Highly pathogenic avian influenza
White clawed crayfish,1,0,1,Parasite,Italy,45.9127,11.991525,October,Post-Monsoon,0,River system,Crayfish plague
Mute Swan,1,0,0,Virus,Moldova,48.1323,28.3334,December,Winter,0,Body of water,Highly pathogenic avian influenza
Birds,0,0,0,Virus,Korea (Rep. of),36.720958,127.191125,December,Winter,24549511,Farm,Highly pathogenic avian influenza
Cats,0,0,0,Virus,Chile,-33.5028,-70.643,May,Summer,3,Not applicable,SARS-CoV-2 in animals
Equidae,0,0,0,Virus,Germany,52.61,6.78,September,Monsoon,3,Backyard,West Nile Fever
Swine,0,0,0,Virus,Indonesia,-10.7891,123.0434,June,Monsoon,7,Village,Classical swine fever
Birds,0,0,0,Virus,Venezuela,10.2738,-68.6629,September,Monsoon,55,Backyard,Highly pathogenic avian influenza
Birds,0,1,0,Virus,Iran,35.6592,51.4378,June,Monsoon,1305608,Other,Highly pathogenic avian influenza
Cattle,0,0,0,Bacterium,Congo (Dem. Rep. of the),0.18188,29.26676,October,Post-Monsoon,150,Slaughterhouse,Anthrax
Wildlife (species unspecified),1,0,0,Virus,Romania,44.676679,24.873347,April,Summer,0,Farm,African swine fever
Equidae,0,0,0,Virus,Germany,51.04,10.94,September,Monsoon,5,Backyard,West Nile Fever
Swine,0,0,0,Virus,Chinese Taipei,23.041396,121.166884,September,Monsoon,4000,Farm,Influenza A virus
Cooper's Hawk,1,0,0,Virus,United States of America,39.145,-121.638,January,Winter,0,Backyard,Highly pathogenic avian influenza
Birds,0,0,0,Virus,Ukraine,51.4179,31.2785,January,Winter,120,Backyard,Highly pathogenic avian influenza
Swine,0,0,0,Bacterium,Uruguay,-34.4954,-56.2778,October,Post-Monsoon,663,Farm,Brucellosis
Accipitridae (unidentified),1,0,0,Virus,Germany,47.67,8.97,February,Winter,0,Not applicable,Highly pathogenic avian influenza
Birds,0,1,0,Virus,Albania,41.3235,19.4967,March,Summer,133247,Farm,Highly pathogenic avian influenza
Dogs,0,0,0,Virus,Armenia,40.7803,43.8814,July,Monsoon,1,Backyard,Rabies
Cattle,0,0,0,Virus,Switzerland,47.23,7.94,December,Winter,2307,Farm,Bluetongue
Wild boar,1,0,0,Virus,Ukraine,47.9595,22.9193,August,Monsoon,0,Forest,African swine fever
Birds,0,1,0,Virus,Laos,15.468588,106.532138,October,Post-Monsoon,45,Backyard,Highly pathogenic avian influenza
Goats,0,0,0,Virus,Niger,16.8001,5.6647,November,Post-Monsoon,350,Village,Rift Valley fever
Equidae,0,0,0,Virus,Ghana,5.61,-0.18333,January,Winter,185,Farm,African horse sickness
Birds,0,1,0,Virus,Belgium,50.9485,4.14828,February,Winter,869403,Farm,Highly pathogenic avian influenza
Swine,0,0,0,Virus,Papua New Guinea,-6.15037,143.65486,March,Summer,700,Village,African swine fever
Swine,0,0,0,Virus,Ukraine,49.4957,25.6042,July,Monsoon,1,Backyard,African swine fever
Cattle,0,0,0,Virus,Lithuania,56.259184,22.175476,December,Winter,1420,Farm,Bluetongue
Common Teal,1,0,0,Virus,Italy,45.014046,12.431677,November,Post-Monsoon,0,Other,Highly pathogenic avian influenza
Swine,0,0,0,Virus,Serbia,45.04,19.4,November,Post-Monsoon,8887,Village,Classical swine fever
Mallard,1,0,0,Virus,United States of America,47.2583,-109.2793,December,Winter,0,Not applicable,Highly pathogenic avian influenza
Cattle,0,0,0,Virus,Austria,47.238,14.858,October,Post-Monsoon,262,Farm,Bluetongue
Birds,0,1,0,Virus,Portugal,39.131874,-9.2857,February,Winter,210035,Farm,Highly pathogenic avian influenza
Birds,0,0,0,Virus,Cambodia,11.17,104.54,May,Summer,1304,Village,Highly pathogenic avian influenza
Birds,0,1,0,Virus,Israel,33.214437,35.544207,December,Winter,1045698,Farm,Highly pathogenic avian influenza
Equidae,0,0,0,Virus,Honduras,15.008,-89.0157,February,Winter,323,Village,Venezuelan equine encephalomyelitis
Atlantic salmon,0,0,1,Virus,Norway,68.084283,13.659167,February,Winter,1055142,Farm,Infectious salmon anaemia virus
Birds,0,1,0,Virus,Korea (Rep. of),35.666686,126.894466,December,Winter,10259329,Farm,Highly pathogenic avian influenza
Common carp,1,0,1,Virus,Singapore,1.39,103.8,September,Monsoon,30,Farm,Koi herpesvirus
Wild boar,1,0,0,Virus,Poland,53.920553,19.392445,May,Summer,0,Not applicable,African swine fever
Birds,0,1,0,Virus,Singapore,1.429245,103.722456,September,Monsoon,102100,Farm,Newcastle disease
Mallard,1,0,0,Virus,Belgium,50.7057,4.7484,March,Summer,0,Other,Highly pathogenic avian influenza
Birds,0,1,0,Virus,Vietnam,22.6075,106.4511,August,Monsoon,125755,Village,Highly pathogenic avian influenza
Cattle,0,0,0,Virus,Algeria,35.4561,7.5599,August,Monsoon,271,Farm,Foot and mouth disease
Wild boar,1,0,0,Virus,Hungary,47.888701,18.955301,January,Winter,0,Forest,African swine fever
Cattle,0,0,0,Virus,Russia,50.199331,95.5693,July,Monsoon,722,Backyard,Lumpy skin disease
Swine,0,0,0,Virus,Angola,-14.9396,13.4553,February,Winter,7406,Farm,African swine fever
Birds,0,0,0,Virus,Cameroon,10.60883,14.25325,February,Winter,58,Village,Highly pathogenic avian influenza
Northern Goshawk,1,0,0,Virus,Finland,60.89,24.59,November,Post-Monsoon,0,Not applicable,Highly pathogenic avian influenza
Great Egret,1,0,0,Virus,Hong Kong,22.339444,114.204246,December,Winter,0,Not applicable,Highly pathogenic avian influenza
Cattle,0,0,0,Virus,Israel,32.6385,35.4482,August,Monsoon,70,Farm,Foot and mouth disease
Equidae,0,0,0,Virus,Portugal,38.3553,-8.3664,October,Post-Monsoon,42,Farm,West Nile Fever
Swine,0,0,0,Virus,Moldova,48.29,28.06,March,Summer,147,Farm,African swine fever
Swine,0,0,0,Virus,Tanzania,-6.812,39.2164,February,Winter,2300,Not applicable,African swine fever
Dogs,0,0,0,Virus,Melilla,35.2834,-2.9424,December,Winter,0,Other,Rabies
Equidae,0,0,0,Virus,Greece,37.9072,22.8814,October,Post-Monsoon,52,Farm,West Nile Fever
Birds,0,0,0,Virus,Azerbaijan,40.0639,46.9493,February,Winter,296000,Village,Highly pathogenic avian influenza
Birds,0,0,0,Virus,Israel,31.2317174007,34.3268012875,March,Summer,51000,Village,Highly pathogenic avian influenza
Cattle,0,0,0,Virus,Hungary,46.353,19.534,December,Winter,2843,Backyard,Bluetongue
Cattle,0,0,0,Virus,Moldova,47.69,28.77,January,Winter,1,Village,Rabies
Greylag Goose,1,0,0,Virus,Uruguay,-33.4985,-56.9171,March,Summer,30,Zoo,Highly pathogenic avian influenza
Birds,0,0,0,Virus,Romania,44.4968,26.2533,January,Winter,1198,Other,Highly pathogenic avian influenza
Yellow-legged Gull,1,0,0,Virus,Portugal,37.031398,-7.833888,December,Winter,0,Not applicable,Highly pathogenic avian influenza
Birds,0,1,0,Virus,Italy,45.098875,8.819982,November,Post-Monsoon,11214,Farm,Low pathogenic avian influenza
Birds,0,1,0,Virus,Nepal,26.55805556,87.51611111,August,Monsoon,6813,Farm,Highly pathogenic avian influenza
Cattle,0,0,0,Bacterium,Namibia,-18.23,21.78,October,Post-Monsoon,100,Natural park,Anthrax
Birds,0,0,0,Virus,Türkiye (Rep. of),36.366921,36.240227,February,Winter,390,Village,Highly pathogenic avian influenza
Large-billed Crow,1,0,0,Virus,India,26.93219,75.81727,December,Winter,0,Not applicable,Highly pathogenic avian influenza
Mallard,1,0,0,Virus,Latvia,56.736292,22.684939,November,Post-Monsoon,0,Body of water,Highly pathogenic avian influenza
Birds,0,1,0,Virus,Morocco,33.969659,-6.463028,January,Winter,34000,Farm,Newcastle disease
Dogs,0,0,0,Virus,Canada,43.68,-79.61,July,Monsoon,0,Other,Rabies
Accipitridae (unidentified),1,0,0,Virus,Germany,52.18,9.78,January,Winter,0,Not applicable,Highly pathogenic avian influenza
Whooper Swan,1,0,0,Virus,Sweden,58.451976,14.890807,November,Post-Monsoon,0,Other,Highly pathogenic avian influenza
Mouse-like hamster,1,0,0,Virus,Armenia,40.226,44.5556,January,Winter,1,Backyard,Rabies
Equidae,0,0,0,Virus,Peru,-9.620801,-75.147522,February,Winter,3,Backyard,Venezuelan equine encephalomyelitis
Rabbits,0,0,0,Virus,United States of America,46.098,-92.807,February,Winter,25,Farm,Rabbit haemorrhagic disease
Cattle,0,0,0,Prion,Switzerland,46.885,9.911,March,Summer,19,Farm,Bovine spongiform encephalopathy
Swine,0,0,0,Virus,Slovakia,48.129166,18.84,April,Summer,20508,Farm,Classical swine fever
Cattle,0,0,0,Virus,Germany,49.15,7.25,October,Post-Monsoon,80,Farm,Bluetongue
Birds,0,0,0,Virus,Kuwait,28.5911,48.0632,March,Summer,469101,Farm,Highly pathogenic avian influenza
Swine,0,0,0,Virus,Ukraine,47.3497,32.2582,April,Summer,422,Backyard,African swine fever
Smallmouth bass,1,0,1,Fungus,South Africa,-32.6,19.0,April,Summer,0,River system,Epizootic ulcerative syndrome
Equidae,0,0,0,Virus,Tunisia,35.375101,10.928656,September,Monsoon,82,Farm,West Nile Fever
Wild boar,1,0,0,Virus,Russia,52.331814,35.161224,January,Winter,0,Forest,African swine fever
Birds,0,0,0,Virus,France,48.1368,-1.7355,October,Post-Monsoon,8500,Farm,Newcastle disease
Birds,0,0,0,Virus,Colombia,8.323667,-77.200838,November,Post-Monsoon,531,Backyard,Highly pathogenic avian influenza
Mustelidae,0,0,0,Virus,Italy,45.316157,9.637644,October,Post-Monsoon,1300,Farm,SARS-CoV-2 in animals
Mute Swan,1,0,0,Virus,Serbia,44.82288,20.4283,October,Post-Monsoon,0,Body of water,Highly pathogenic avian influenza
Cattle,0,0,0,Virus,Mozambique,-22.295411,31.618703,December,Winter,8563,Village,Foot and mouth disease
Razorbill,1,0,0,Virus,United Kingdom,54.08,-4.76,July,Monsoon,0,Other,Highly pathogenic avian influenza
Equidae,0,0,0,Virus,Tunisia,33.992865,8.227258,October,Post-Monsoon,1,Farm,West Nile Fever
Greylag Goose,1,0,0,Virus,Poland,53.549,22.881342,December,Winter,0,Body of water,Highly pathogenic avian influenza
Birds,0,1,0,Virus,Germany,51.24,12.89,February,Winter,74,Farm,Highly pathogenic avian influenza
Cattle,0,0,0,Virus,China (People's Rep. of),39.58,116.4,January,Winter,575,Farm,Foot and mouth disease
Birds,0,1,0,Virus,United States of America,37.62,-120.969,October,Post-Monsoon,208820,Farm,Low pathogenic avian influenza
Birds,0,0,0,Virus,Kuwait,29.311193,47.951374,January,Winter,14060,Livestock market,Highly pathogenic avian influenza
Laridae (unidentified),1,0,0,Virus,Germany,54.186,7.913,December,Winter,0,Not applicable,Highly pathogenic avian influenza
Swine,0,0,0,Virus,Ukraine,49.2188,29.633,November,Post-Monsoon,6,Backyard,African swine fever
Birds,0,1,0,Virus,United States of America,33.14,-95.602,March,Summer,24091,Farm,Low pathogenic avian influenza
Cattle,0,0,0,Virus,Serbia,45.19252,20.51179,December,Winter,69,Backyard,Bluetongue
Eurasian Wigeon,1,0,0,Virus,France,43.805,-1.046667,February,Winter,75,Not applicable,Highly pathogenic avian influenza
Wild boar,1,0,0,Virus,Ukraine,50.2844,23.666,June,Monsoon,0,Farm,African swine fever
Cats,0,0,0,Virus,Kazakhstan,51.138889,75.738611,May,Summer,1,Farm,Rabies
Goats,0,0,0,Virus,Bulgaria,42.0373,27.5546,September,Monsoon,74,Village,Sheep pox and goat pox
Cattle,0,0,0,Virus,Poland,52.2476393,16.4315886,December,Winter,609,Farm,Bluetongue
Birds,0,0,0,Virus,Romania,45.9671,25.9312,October,Post-Monsoon,26,Farm,Newcastle disease
Birds,0,0,0,Virus,Switzerland,47.366667,8.083333,January,Winter,26,Farm,Newcastle disease
Cattle,0,0,0,Virus,Germany,49.51,6.46,November,Post-Monsoon,6294,Farm,Bluetongue
Swine,0,0,0,Virus,Russia,56.925122,40.971122,October,Post-Monsoon,97,Backyard,African swine fever
Birds,0,1,0,Virus,France,43.595833,-0.325833,December,Winter,1700,Farm,Low pathogenic avian influenza
Equidae,0,1,0,Virus,Finland,60.3919,25.6653,June,Monsoon,0,Farm,Equine influenza
Wild boar,1,0,0,Virus,Russia,43.767583,132.673917,March,Summer,0,Forest,African swine fever
Sheep,0,0,0,Virus,Serbia,43.332572,20.624189,October,Post-Monsoon,59,Backyard,Sheep pox and goat pox
Wild boar,1,0,0,Virus,Russia,54.8066,22.253,December,Winter,0,Forest,African swine fever
Birds,0,0,0,Virus,France,48.744,-3.268,December,Winter,13530,Farm,Newcastle disease
Birds,0,1,0,Virus,Russia,45.122418,42.432802,December,Winter,213074,Farm,Highly pathogenic avian influenza
Cattle,0,0,0,Bacterium,Niger,13.5237,2.1439,October,Post-Monsoon,114,Other,Anthrax
Sheep,0,0,0,Virus,Israel,32.1671699533,35.2360072684,June,Monsoon,520,Farm,Peste des petits ruminants
Equidae,0,0,0,Parasite,Finland,60.477,25.373,March,Summer,0,Farm,Equine piroplasmosis
Greylag Goose,1,0,0,Virus,United Kingdom,54.49,-6.38,November,Post-Monsoon,0,Other,Highly pathogenic avian influenza
Bonelli's Eagle,1,0,0,Virus,Israel,31.99999,35.426426,January,Winter,0,Not applicable,Highly pathogenic avian influenza
Dogs,0,0,0,Virus,Armenia,40.1203,44.5261,January,Winter,1,Backyard,Rabies
Birds,0,1,0,Virus,India,9.41768,76.36165,December,Winter,168884,Farm,Highly pathogenic avian influenza
Anatidae (unidentified),1,0,0,Virus,Germany,54.3,13.07,January,Winter,0,Backyard,Highly pathogenic avian influenza
Birds,0,1,0,Virus,Cyprus,34.874034,33.594775,March,Summer,30,Backyard,Newcastle disease
Birds,0,1,0,Virus,Germany,54.07,9.23,November,Post-Monsoon,2374,Backyard,Low pathogenic avian influenza
Rainbow trout,0,0,1,Virus,Italy,46.51171,11.53274,October,Post-Monsoon,96,Farm,Infectious haematopoietic necrosis virus
Birds,0,1,0,Virus,Germany,49.29,12.86,January,Winter,3202,Farm,Highly pathogenic avian influenza
Cattle,0,0,0,Virus,Palestinian Territory,32.2888,35.2589,June,Monsoon,200,Farm,Foot and mouth disease
Cattle,0,0,0,Virus,South Africa,-22.8,30.9,January,Winter,6706,Village,Foot and mouth disease
Birds,0,0,0,Virus,Thailand,15.2329,99.5029,November,Post-Monsoon,24,Village,Highly pathogenic avian influenza
Sheep,0,0,0,Virus,Greece,39.242555,25.87888,October,Post-Monsoon,1437,Farm,Sheep pox and goat pox
Mute Swan,1,0,0,Virus,Serbia,44.843245,20.418011,September,Monsoon,0,Other,Highly pathogenic avian influenza
Birds,0,1,0,Virus,Belgium,50.841,3.3626,January,Winter,178830,Farm,Highly pathogenic avian influenza
Birds,0,0,0,Bacterium,Honduras,14.5257467,-87.6877021,June,Monsoon,4150,Farm,Fowl typhoid
Northern fulmar,1,0,0,Virus,Greenland,68.938,-52.457,September,Monsoon,0,Not applicable,Highly pathogenic avian influenza
Birds,0,0,0,Virus,Brazil,-15.713249,-55.964694,December,Winter,561,Backyard,Highly pathogenic avian influenza
Wild boar,1,0,0,Virus,Poland,51.004442,21.65463,January,Winter,0,Not applicable,African swine fever
Birds,0,1,0,Virus,Russia,54.543699,74.28362,October,Post-Monsoon,283,Backyard,Newcastle disease
Variable Hawk,1,0,0,Virus,Falkland Islands,-51.6864,-57.9945,October,Post-Monsoon,0,Other,Highly pathogenic avian influenza
Cattle,0,0,0,Virus,Australia,-12.584,131.126,June,Monsoon,24,Farm,Bluetongue
Wild boar,1,0,0,Virus,Korea (Rep. of),35.474739,128.45296,February,Winter,0,Farm,African swine fever
Birds,0,1,0,Virus,South Africa,-29.7,24.4,February,Winter,4372,Farm,Low pathogenic avian influenza
Wild boar,1,0,0,Virus,Ukraine,48.451,24.0373,December,Winter,0,Forest,African swine fever
Birds,0,0,0,Virus,Palestinian Territory,31.32194,34.31861,April,Summer,1350,Backyard,Highly pathogenic avian influenza
Cichlidae (unidentified),1,0,1,Fungus,South Africa,-33.976,18.778,September,Monsoon,0,River system,Epizootic ulcerative syndrome
Wildlife (species unspecified),1,0,0,Virus,Azerbaijan,40.37,49.84,January,Winter,0,Not applicable,Newcastle disease
Cattle,0,0,0,Virus,Zimbabwe,-20.618,28.113,January,Winter,2403,Village,Foot and mouth disease
Swine,0,0,0,Virus,Hong Kong,22.5128,114.1176,May,Summer,0,Slaughterhouse,African swine fever
Whooper Swan,1,0,0,Virus,China (People's Rep. of),41.7272,86.1916,October,Post-Monsoon,0,Body of water,Highly pathogenic avian influenza
Rainbow trout,0,0,1,Virus,Romania,45.243441,26.318221,November,Post-Monsoon,93556,Farm,Viral haemorrhagic septicaemia
Birds,0,1,0,Virus,India,9.2804,76.4819,December,Winter,104524,Farm,Highly pathogenic avian influenza
Birds,0,1,0,Virus,Sweden,58.294401,14.658253,October,Post-Monsoon,18000,Farm,Newcastle disease
Goats,0,0,0,Bacterium,Romania,44.4411,27.0725,August,Monsoon,52,Backyard,Anthrax
Swine,0,0,0,Virus,Mexico,22.3222,-104.4862,December,Winter,418,Backyard,Aujeszky's disease
Northern Pintail,1,0,0,Virus,Hong Kong,22.4975,114.0489,November,Post-Monsoon,0,Natural park,Highly pathogenic avian influenza
Birds,0,0,0,Bacterium,Honduras,14.35725,-87.28554,October,Post-Monsoon,600,Farm,Fowl typhoid
Swine,0,0,0,Virus,China (People's Rep. of),27.611,109.945,November,Post-Monsoon,13902,Backyard,African swine fever
Birds,0,1,0,Virus,Vietnam,10.2058,106.1266,April,Summer,3070,Village,Highly pathogenic avian influenza
Cattle,0,0,0,Virus,Romania,45.12397,23.684609,November,Post-Monsoon,272,Backyard,Bluetongue
Sheep,0,0,0,Virus,Kazakhstan,48.59,48.19,February,Winter,2,Village,Sheep pox and goat pox
Cattle,0,0,0,Virus,Germany,51.225,12.597,August,Monsoon,25,Farm,Bluetongue
Cattle,0,0,0,Virus,Australia,-12.8063,131.2062,April,Summer,1024,Farm,Bluetongue
Wild boar,1,0,0,Virus,Ukraine,48.1993,25.7372,April,Summer,0,Forest,African swine fever
Swine,0,0,0,Virus,Namibia,-21.19,16.31,October,Post-Monsoon,174,Farm,African swine fever
Wild boar,1,0,0,Virus,Ukraine,50.40377,29.278788,February,Winter,0,Not applicable,African swine fever
Equidae,0,0,0,Virus,France,43.6381,7.7097,December,Winter,151,Farm,West Nile Fever
Swine,0,0,0,Virus,China (People's Rep. of),37.7527,108.87699,February,Winter,11334,Farm,African swine fever
Anatidae (unidentified),1,0,0,Virus,Germany,51.43,6.33,June,Monsoon,0,Not applicable,Highly pathogenic avian influenza
Birds,0,1,0,Virus,Slovakia,48.1559,17.2945,April,Summer,6,Backyard,Highly pathogenic avian influenza
Great Egret,1,0,0,Virus,Hungary,47.692169,18.288486,December,Winter,0,Natural park,Highly pathogenic avian influenza
Cattle,0,0,0,Virus,Croatia,45.5989,15.8153,January,Winter,1621,Farm,Bluetongue
Birds,0,1,0,Virus,Italy,45.7737,12.432319,April,Summer,14300,Farm,Low pathogenic avian influenza
Birds,0,0,0,Virus,Kazakhstan,53.13,74.18,July,Monsoon,2800,Farm,Highly pathogenic avian influenza
Birds,0,1,0,Virus,Germany,51.009628,11.492299,March,Summer,1667,Backyard,Highly pathogenic avian influenza
Sheep,0,0,0,Virus,Russia,42.710857,130.784061,September,Monsoon,94,Farm,Sheep pox and goat pox
Swine,0,0,0,Virus,Ukraine,49.281681,31.212589,November,Post-Monsoon,801,Not applicable,African swine fever
Birds,0,0,0,Virus,Denmark,55.3931,10.5816,May,Summer,102,Farm,Highly pathogenic avian influenza
Accipitridae (unidentified),1,0,0,Virus,Germany,51.26,12.41,April,Summer,0,Not applicable,Highly pathogenic avian influenza
Cattle,0,0,0,Virus,Mozambique,-24.969019,32.173117,October,Post-Monsoon,6780,Village,Foot and mouth disease
Cattle,0,0,0,Bacterium,South Sudan (Rep. of),8.5982,28.0997,May,Summer,200,Village,Anthrax
Sheep,0,0,0,Virus,Israel,32.2336531764,34.9538303239,January,Winter,200,Farm,Foot and mouth disease
Mallard,1,0,0,Virus,Poland,52.92913,14.15419,February,Winter,0,Body of water,Highly pathogenic avian influenza
Cattle,0,0,0,Virus,Bangladesh,24.73,88.95,July,Monsoon,750,Village,Lumpy skin disease
Wildlife (species unspecified),1,0,0,Virus,Chile,-35.3277,-72.4344,June,Monsoon,9500,Not applicable,Newcastle disease
Swine,0,0,0,Virus,Mongolia,49.481614,105.876619,February,Winter,358,Farm,African swine fever
Sheep,0,0,0,Prion,Iceland,65.3589,-20.7431,February,Winter,917,Farm,Scrapie
Cattle,0,0,0,Prion,United States of America,36.207,-118.91,April,Summer,0,Farm,Bovine spongiform encephalopathy
Birds,0,0,0,Virus,Bhutan,26.9768,90.2817,January,Winter,94555,Farm,Highly pathogenic avian influenza
Birds,0,1,0,Virus,Liberia,6.889,-9.6184,February,Winter,26000,Farm,Highly pathogenic avian influenza
Birds,0,1,0,Virus,Russia,57.791207,41.082189,December,Winter,704720,Farm,Highly pathogenic avian influenza
Cattle,0,0,0,Virus,South Africa,-23.875,30.688,August,Monsoon,80,Farm,Foot and mouth disease
Birds,0,0,0,Virus,Vietnam,9.1475,104.9994,September,Monsoon,800,Backyard,Highly pathogenic avian influenza
Bees,0,1,0,Parasite,Mexico,28.343722,-100.446889,November,Post-Monsoon,230,Apiary,Small hive beetle infestation
Cattle,0,0,0,Virus,Austria,47.2562,11.4704,November,Post-Monsoon,259,Farm,Infectious bovine rhinotracheitis/infectious pustular vulvovaginitis
Birds,0,0,0,Virus,Mexico,19.879192,-103.599221,May,Summer,4319068,Farm,Highly pathogenic avian influenza
Birds,0,0,0,Virus,Egypt,30.767668,31.824885,February,Winter,4903,Farm,Highly pathogenic avian influenza
Accipitridae (unidentified),1,0,0,Virus,France,43.066319,2.958604,December,Winter,7,Zoo,Highly pathogenic avian influenza
Swine,0,0,0,Virus,Indonesia,0.98348,103.94031,April,Summer,285034,Farm,African swine fever
Wild boar,1,0,0,Virus,Hong Kong,22.22282,114.21178,February,Winter,0,Village,African swine fever
Mallard,1,0,0,Virus,Austria,48.77,14.99,March,Summer,0,Not applicable,Highly pathogenic avian influenza
Buffaloes,0,0,0,Virus,Iraq,33.55336,44.53638,January,Winter,5166,Village,Foot and mouth disease
Birds,0,1,0,Virus,Germany,54.286,10.71,January,Winter,67112,Farm,Highly pathogenic avian influenza
Birds,0,0,0,Virus,Iraq,33.06438,44.79765,July,Monsoon,2823035,Farm,Highly pathogenic avian influenza
Bees,0,1,0,Bacterium,Norway,59.98591,12.24558,June,Monsoon,227,Apiary,European foulbrood of honey bees
Dogs,0,0,0,Virus,Armenia,41.1841,45.0256,March,Summer,1,Backyard,Rabies
Accipitridae (unidentified),1,0,0,Virus,Germany,51.66,6.45,January,Winter,0,Not applicable,Highly pathogenic avian influenza
Birds,0,1,0,Virus,Finland,60.78,24.51,February,Winter,1335,Farm,Highly pathogenic avian influenza
Sheep,0,0,0,Virus,Russia,54.12943,37.65992,November,Post-Monsoon,461,Backyard,Sheep pox and goat pox
Bees,0,1,0,Parasite,El Salvador,13.76619,-88.97018,January,Winter,1033,Apiary,Small hive beetle infestation
Cattle,0,0,0,Virus,Namibia,-17.72426,25.10769,November,Post-Monsoon,34953,Village,Foot and mouth disease
Birds,0,0,0,Virus,India,19.05,81.58,July,Monsoon,17143,Farm,Highly pathogenic avian influenza
Cattle,0,0,0,Virus,China (People's Rep. of),37.37,78.17,January,Winter,56,Farm,Foot and mouth disease
Mustelidae,0,0,0,Virus,Bulgaria,42.355692,25.649222,October,Post-Monsoon,70000,Farm,SARS-CoV-2 in animals
Birds,0,1,0,Virus,South Africa,-29.1,31.0,November,Post-Monsoon,4961075,Farm,Highly pathogenic avian influenza
Tilapia,0,0,1,Virus,Colombia,3.56447,-76.22759,April,Summer,2600,Farm,Tilapia lake virus disease
Cattle,0,0,0,Virus,Türkiye (Rep. of),39.31,34.11,September,Monsoon,589,Village,Foot and mouth disease
Swine,0,0,0,Virus,China (People's Rep. of),31.315,119.352,August,Monsoon,14783,Farm,African swine fever
Birds,0,0,0,Virus,Hungary,47.64624,20.66147,February,Winter,380,Other,Highly pathogenic avian influenza
Equidae,0,0,0,Virus,Belize,17.289548,-88.775652,September,Monsoon,96,Farm,Venezuelan equine encephalomyelitis
Sheep,0,0,0,Virus,Turkey,36.96,30.83,May,Summer,150,Village,Bluetongue
Mandarin Duck,1,0,0,Virus,Korea (Rep. of),36.749286,127.127216,October,Post-Monsoon,0,Other,Highly pathogenic avian influenza
Canada Goose,1,0,0,Virus,Finland,60.17956,24.94158,January,Winter,0,Not applicable,Highly pathogenic avian influenza
Birds,0,1,0,Virus,Japan,34.6777,137.435,March,Summer,1595577,Farm,Low pathogenic avian influenza
Cattle,0,0,0,Virus,Australia,-12.65,131.33,January,Winter,24,Farm,Bluetongue
Red Knot,1,0,0,Virus,France,48.802709,-1.568828,January,Winter,0,Not applicable,Highly pathogenic avian influenza
Cape cormorant,1,0,0,Virus,Namibia,-22.87,14.51,January,Winter,0,Other,Highly pathogenic avian influenza
Cattle,0,0,0,Virus,Iran,31.68096,48.56482,November,Post-Monsoon,862,Village,Lumpy skin disease
House Crow,1,0,0,Virus,Nepal,27.721918,85.31686,February,Winter,120,Other,Highly pathogenic avian influenza
Wildlife (species unspecified),1,0,0,Virus,Austria,48.131,16.1712,September,Monsoon,0,Not applicable,West Nile Fever
Birds,0,1,0,Virus,Nepal,26.55666667,87.02472222,February,Winter,965,Farm,Highly pathogenic avian influenza
Birds,0,0,0,Virus,Israel,32.0863819673,34.8356037909,August,Monsoon,141278,Not applicable,Newcastle disease
Goats,0,0,0,Virus,Morocco,34.63,-4.39,August,Monsoon,190,Farm,Peste des petits ruminants
Lion,1,0,0,Virus,Vietnam,10.916037,106.936708,September,Monsoon,3,Zoo,Highly pathogenic avian influenza
Northern Pintail,1,0,0,Virus,Denmark,54.861,10.0006,December,Winter,0,Not applicable,Highly pathogenic avian influenza
European flat oyster,1,0,1,Parasite,United Kingdom,56.7,-5.76,April,Summer,1100,Farm,Bonamia ostreae
Cattle,0,0,0,Virus,Greece,36.28,28.01,November,Post-Monsoon,4,Farm,Bluetongue
Equidae,0,0,0,Virus,Italy,45.03514436,11.82421963,October,Post-Monsoon,576,Farm,West Nile Fever
Wild boar,1,0,0,Virus,Italy,40.21714,15.52407,September,Monsoon,0,Natural park,African swine fever
Cattle,0,0,0,Virus,France,50.79289,2.70767,May,Summer,4633,Farm,Bluetongue
Camelidae,0,0,0,Virus,Mauritania,15.1889,-12.3074,October,Post-Monsoon,100,Village,Rift Valley fever
Equidae,0,0,0,Bacterium,United Kingdom,53.01,-1.01,June,Monsoon,9,Other,Contagious equine metritis
Eurasian Wigeon,1,0,0,Virus,Chinese Taipei,23.00878,120.168339,December,Winter,0,Other,Highly pathogenic avian influenza
Cattle,0,0,0,Virus,Zimbabwe,-18.25314,31.72366,June,Monsoon,10170,Farm,Foot and mouth disease
Wild boar,1,0,0,Virus,Moldova,48.1456,27.5747,March,Summer,0,Village,African swine fever
Cattle,0,0,0,Virus,Canada,42.4048,-82.191,August,Monsoon,42,Farm,Bluetongue
Cattle,0,0,0,Virus,Russia,53.878185,49.214036,September,Monsoon,8993,Village,Lumpy skin disease
Birds,0,1,0,Virus,Germany,49.3585,10.5473,December,Winter,17110,Farm,Highly pathogenic avian influenza
Eastern european hedgehog,1,0,0,Virus,Armenia,40.1227,44.5029,July,Monsoon,1,Backyard,Rabies
Birds,0,1,0,Virus,Croatia,46.1219,16.9561,November,Post-Monsoon,67068,Farm,Highly pathogenic avian influenza
Equidae,0,0,0,Virus,Panama,7.9955,-80.4739,August,Monsoon,10,Farm,West Nile Fever
Lion,1,0,0,Virus,Canada,51.05,-114.02,November,Post-Monsoon,0,Zoo,SARS-CoV-2 in animals
Cattle,0,0,0,Virus,Bulgaria,43.095322,26.722446,July,Monsoon,2849,Farm,Lumpy skin disease
Accipitridae (unidentified),1,0,0,Virus,Germany,51.7,14.62,March,Summer,0,Not applicable,Highly pathogenic avian influenza
Equidae,0,0,0,Virus,Poland,50.098642,20.115656,May,Summer,14,Farm,Equine infectious anaemia
Birds,0,1,0,Virus,Germany,51.61,6.29,December,Winter,423177,Farm,Highly pathogenic avian influenza
Equidae,0,0,0,Virus,Chile,-37.12428757,-72.10083433,August,Monsoon,76,Farm,Equine infectious anaemia
Swine,0,0,0,Virus,Ukraine,48.6552,35.3302,February,Winter,14,Backyard,African swine fever
Wild boar,1,0,0,Virus,Russia,54.882062,35.468339,July,Monsoon,0,Forest,African swine fever
Wild boar,1,0,0,Virus,Russia,51.250513,39.032679,December,Winter,0,Backyard,African swine fever
Wild boar,1,0,0,Virus,Poland,52.56349,15.40541,December,Winter,0,Not applicable,African swine fever
Cattle,0,0,0,Virus,Colombia,11.25213,-72.37024,September,Monsoon,99,Farm,Foot and mouth disease
Equidae,0,1,0,Virus,Estonia,59.43243889,24.70534167,May,Summer,84,Farm,Equine influenza
Sheep,0,0,0,Virus,Romania,43.880631,23.706794,November,Post-Monsoon,111,Backyard,Sheep pox and goat pox
Birds,0,0,0,Virus,Cyprus,35.109185,33.252075,November,Post-Monsoon,264254,Farm,Newcastle disease
Birds,0,1,0,Virus,Hungary,46.350438,18.371764,November,Post-Monsoon,5287,Farm,Highly pathogenic avian influenza
Wild boar,1,0,0,Virus,Ukraine,50.8135,28.5187,May,Summer,0,Forest,African swine fever
Birds,0,1,0,Virus,Slovakia,48.024,17.947,May,Summer,35,Backyard,Highly pathogenic avian influenza
Birds,0,1,0,Virus,Sweden,55.777073,13.012336,March,Summer,23598,Farm,Highly pathogenic avian influenza
Cattle,0,0,0,Bacterium,Lesotho,-28.9634,27.7822,February,Winter,500,Farm,Anthrax
Cattle,0,0,0,Virus,Greece,39.2769,20.5486,November,Post-Monsoon,12651,Farm,Lumpy skin disease
Bastard halibut,0,0,1,Virus,Korea (Rep. of),34.348338,126.856115,June,Monsoon,983000,Farm,Viral haemorrhagic septicaemia
Cattle,0,0,0,Virus,Hungary,46.4117,19.4831,November,Post-Monsoon,7779,Farm,Bluetongue
Swine,0,0,0,Virus,Russia,54.785408,49.170859,August,Monsoon,20,Backyard,African swine fever
Cattle,0,0,0,Virus,China (People's Rep. of),26.187,106.383,January,Winter,646,Backyard,Foot and mouth disease
New Britain Sparrowhawk,1,0,0,Virus,United Kingdom,57.51,-1.78,July,Monsoon,0,Other,Highly pathogenic avian influenza
Swine,0,0,0,Virus,China (People's Rep. of),35.123,113.433,September,Monsoon,3893,Farm,African swine fever
Cricetidae (unidentified),1,0,0,Virus,Hong Kong,22.37527,114.19967,January,Winter,995,Other,SARS-CoV-2 in animals
Swine,0,0,0,Virus,Central African (Rep.),6.32,16.38,February,Winter,9194,Village,African swine fever
Birds,0,0,0,Virus,Cambodia,11.78,105.89,December,Winter,1216,Village,Highly pathogenic avian influenza
Equidae,0,0,0,Virus,Chile,-30.39424942,-71.21152227,January,Winter,72,Farm,Equine infectious anaemia
Wild boar,1,0,0,Virus,Hong Kong,22.349786,114.234592,May,Summer,0,Village,African swine fever
Birds,0,1,0,Virus,China (People's Rep. of),44.24747,80.6674,May,Summer,11910,Backyard,Highly pathogenic avian influenza
Pacific cupped oyster,0,0,1,Virus,United Kingdom,50.7002,-1.9723,October,Post-Monsoon,0,Farm,Ostreid herpesvirus-1
Northern Goshawk,1,0,0,Virus,France,42.023,8.824,September,Monsoon,0,Other,West Nile Fever
Birds,0,0,0,Virus,Azerbaijan,39.0193,48.6729,January,Winter,20,Farm,Newcastle disease
Birds,0,1,0,Virus,Hungary,46.451065,19.838705,May,Summer,1920382,Farm,Highly pathogenic avian influenza
Cattle,0,0,0,Virus,Guinea,11.43,-9.182,October,Post-Monsoon,229,Farm,Foot and mouth disease
Birds,0,0,0,Virus,Australia,-34.2966,148.2913,October,Post-Monsoon,490000,Farm,Highly pathogenic avian influenza
Swine,0,0,0,Virus,Bulgaria,42.52,27.45,July,Monsoon,191,Farm,Classical swine fever
Cattle,0,0,0,Bacterium,Ukraine,46.5208,35.2739,August,Monsoon,4,Village,Anthrax
Swine,0,0,0,Virus,Mongolia,48.026,106.3054,June,Monsoon,1169,Farm,Classical swine fever
Birds,0,0,0,Virus,Israel,31.0426,34.7202,September,Monsoon,0,Farm,Epizootic hemorrhagic disease virus
Cattle,0,0,0,Virus,Niger,16.8,5.65,September,Monsoon,1076,Village,Rift Valley fever
Common carp,0,0,1,Virus,Czech Republic,49.1266,14.2925,October,Post-Monsoon,5,Pond,Koi herpesvirus
Birds,0,1,0,Virus,Germany,51.789,11.604,February,Winter,31728,Farm,Highly pathogenic avian influenza
Wildlife (species unspecified),1,0,0,Virus,South Africa,-29.5169,22.4424,August,Monsoon,9344,Farm,Rift Valley fever
Cattle,0,0,0,Virus,Kenya,-1.2396,36.6601,June,Monsoon,23,Farm,Rift Valley fever
Mustelidae,0,0,0,Virus,Spain,42.8492,-8.5821,March,Summer,6554,Farm,SARS-CoV-2 in animals
Cattle,0,0,0,Virus,Croatia,42.7464,16.8319,April,Summer,8,Farm,Bluetongue
Goats,0,0,0,Virus,Israel,31.411815,34.824599,April,Summer,3,Farm,Peste des petits ruminants
Yellow-legged Gull,1,0,0,Virus,Portugal,37.0739,-8.118523,October,Post-Monsoon,0,Not applicable,Highly pathogenic avian influenza
Cattle,0,0,0,Virus,Ecuador,-1.678151,-78.665023,December,Winter,26,Backyard,Bluetongue
Cattle,0,0,0,Virus,Poland,50.722069,17.666531,January,Winter,1120,Farm,Bluetongue
Birds,0,1,0,Virus,Poland,50.190965,17.733903,February,Winter,79,Backyard,Highly pathogenic avian influenza
Birds,0,0,0,Virus,Romania,47.41,27.32,June,Monsoon,473971,Village,Newcastle disease
White clawed crayfish,1,0,1,Parasite,Ireland,53.867858,-7.44259,July,Monsoon,0,River system,Crayfish plague
Cattle,0,0,0,Virus,Egypt,31.2439,30.0122,January,Winter,700,Village,Foot and mouth disease
Cattle,0,0,0,Virus,Korea (Rep. of),35.924842,128.929361,April,Summer,8926,Farm,Foot and mouth disease
Rainbow trout,0,0,1,Virus,Romania,45.692333,24.559448,March,Summer,176850,River system,Viral haemorrhagic septicaemia
Cattle,0,0,0,Virus,Mongolia,48.022044,115.162029,June,Monsoon,1227,Farm,Lumpy skin disease
Swine,0,0,0,Virus,Ukraine,48.755525,27.566896,October,Post-Monsoon,362,Backyard,African swine fever
Cattle,0,0,0,Bacterium,Croatia,43.743535,16.680151,May,Summer,10,Farm,Brucellosis
Mealy Parrot,1,0,0,Virus,Peru,-5.772613,-78.428988,May,Summer,2,Backyard,Highly pathogenic avian influenza
Birds,0,0,0,Virus,China (People's Rep. of),21.04,110.49,September,Monsoon,274116,Farm,Highly pathogenic avian influenza
Cattle,0,0,0,Virus,Botswana,-20.81115,22.31848,September,Monsoon,1200,Village,Foot and mouth disease
Whooper Swan,1,0,0,Virus,Finland,60.780167,22.8887,November,Post-Monsoon,0,Not applicable,Highly pathogenic avian influenza
Birds,0,0,0,Virus,Ireland,51.531386,-9.136529,September,Monsoon,54,Not applicable,Highly pathogenic avian influenza
Common carp,0,0,1,Virus,Singapore,1.415385,103.824158,November,Post-Monsoon,0,Other,Koi herpesvirus
Accipitridae (unidentified),1,0,0,Virus,Germany,54.28,10.47,March,Summer,0,Not applicable,Highly pathogenic avian influenza
Atlantic salmon,0,0,1,Virus,United Kingdom,57.12,-5.63,December,Winter,637138,Farm,Infectious salmon anaemia virus
Equidae,0,0,0,Virus,Uruguay,-31.3024,-57.7739,April,Summer,303,Farm,Equine infectious anaemia
Cattle,0,0,0,Virus,Spain,43.42107,-3.68481,January,Winter,194,Farm,Bluetongue
Cattle,0,0,0,Virus,China (People's Rep. of),25.24,110.1,April,Summer,184,Village,Foot and mouth disease
Birds,0,1,0,Virus,Hungary,46.923364,19.466714,February,Winter,212588,Farm,Highly pathogenic avian influenza
Swine,0,0,0,Virus,Russia,51.9255,36.2972,July,Monsoon,2,Backyard,African swine fever
Swine,0,0,0,Virus,Brazil,-4.366175,-41.836281,October,Post-Monsoon,299,Backyard,Classical swine fever
Bar-headed Goose,1,0,0,Virus,India,30.873631,76.76059,January,Winter,0,Forest,Highly pathogenic avian influenza
Birds,0,1,0,Virus,Moldova,47.2303,28.5862,January,Winter,51,Backyard,Highly pathogenic avian influenza
Mallard,1,0,0,Virus,Lithuania,55.1189,23.7545,June,Monsoon,0,Body of water,Highly pathogenic avian influenza
Birds,0,0,0,Virus,Greece,35.3622,24.62354,October,Post-Monsoon,4410,Farm,Newcastle disease
Cattle,0,0,0,Virus,Nigeria,13.0639,5.2162,January,Winter,80,Livestock market,Foot and mouth disease
Common carp,1,0,1,Virus,Slovakia,48.40496,18.85533,July,Monsoon,0,Lake,Koi herpesvirus
Cattle,0,0,0,Prion,Spain,40.7731,-6.5423,November,Post-Monsoon,213,Farm,Bovine spongiform encephalopathy
Sheep,0,0,0,Bacterium,Spain,39.103265,-5.363588,June,Monsoon,965,Farm,Anthrax
Birds,0,1,0,Virus,Poland,50.4306,18.0153,March,Summer,4702279,Farm,Highly pathogenic avian influenza
Birds,0,0,0,Virus,France,44.0313143,2.11336,April,Summer,101815,Farm,Highly pathogenic avian influenza
Birds,0,1,0,Virus,Germany,52.35,7.07,June,Monsoon,90879,Farm,Highly pathogenic avian influenza
Goats,0,0,0,Prion,Bulgaria,42.9237,24.7009,June,Monsoon,0,Farm,Scrapie
Cattle,0,0,0,Bacterium,Iraq,37.1115,43.5022,August,Monsoon,69,Farm,Anthrax
Cattle,0,0,0,Bacterium,Romania,45.3907,27.4465,June,Monsoon,3,Backyard,Anthrax
Mustelidae,0,0,0,Virus,Greece,40.2408,21.3978,December,Winter,116374,Farm,SARS-CoV-2 in animals
Peregrin falcon,1,0,0,Virus,Czech Republic,50.56622,13.59978,July,Monsoon,0,Forest,Highly pathogenic avian influenza
Swine,0,0,0,Virus,South Africa,-33.9,19.1,January,Winter,17873,Farm,African swine fever
Great Egret,1,0,0,Virus,Czech Republic,49.392188,13.465076,April,Summer,0,Backyard,Highly pathogenic avian influenza
Rabbits,0,0,0,Virus,Mexico,20.171667,-97.991911,October,Post-Monsoon,92,Backyard,Myxomatosis
Wild boar,1,0,0,Bacterium,Finland,61.0667,28.1833,September,Monsoon,0,Forest,Brucellosis
Birds,0,1,0,Virus,Bulgaria,43.3459,24.8695,February,Winter,249078,Farm,Highly pathogenic avian influenza
Birds,0,0,0,Bacterium,Costa Rica,9.92945,-84.31001,August,Monsoon,163355,Farm,Fowl typhoid
Swine,0,0,0,Virus,Chinese Taipei,23.568698,119.590125,February,Winter,6,Not applicable,Foot and mouth disease
Passeridae (unidentified),1,0,0,Virus,Germany,53.56,9.89,September,Monsoon,0,Not applicable,West Nile Fever
Wild boar,1,0,0,Virus,Russia,44.994489,41.750763,April,Summer,0,Forest,African swine fever
Cattle,0,0,0,Virus,South Africa,-27.2,28.4,February,Winter,753,Farm,Foot and mouth disease
Birds,0,1,0,Virus,Poland,54.06771536,21.77169201,February,Winter,297283,Farm,Highly pathogenic avian influenza
Wild boar,1,0,0,Virus,Russia,56.880372,39.254778,May,Summer,0,Forest,African swine fever
Swine,0,0,0,Virus,China (People's Rep. of),38.40083,106.40861,September,Monsoon,465,Farm,African swine fever
Rabbits,0,0,0,Virus,Norway,59.35,5.32,September,Monsoon,31,Other,Rabbit haemorrhagic disease
Swine,0,0,0,Virus,Kenya,-1.234935,36.673141,July,Monsoon,21,Farm,African swine fever
Birds,0,0,0,Virus,Turkey,40.869491,26.442036,March,Summer,1604,Village,Highly pathogenic avian influenza
Goats,0,0,0,Virus,Bosnia and Herzegovina,44.77,17.78,January,Winter,65,Farm,Caprine arthritis/encephalitis
Birds,0,1,0,Virus,United States of America,45.4,-91.846,March,Summer,84000,Farm,Low pathogenic avian influenza
Birds,0,1,0,Virus,United States of America,47.803,-112.188,September,Monsoon,2610,Backyard,Highly pathogenic avian influenza
Mallard,1,0,0,Virus,Slovenia,45.9133,14.6846,January,Winter,0,Other,Highly pathogenic avian influenza
Cattle,0,0,0,Prion,United States of America,32.629,-87.275,July,Monsoon,1,Livestock market,Bovine spongiform encephalopathy
Wild boar,1,0,0,Virus,Moldova,46.0325,28.0924,February,Winter,0,Other,African swine fever
Mute Swan,1,0,0,Virus,Hungary,46.3360951,20.0947344,October,Post-Monsoon,0,Natural park,Highly pathogenic avian influenza
Birds,0,1,0,Virus,Moldova,47.217,27.873,May,Summer,4194,Village,Highly pathogenic avian influenza
Cattle,0,0,0,Virus,China (People's Rep. of),24.1046,116.8633,June,Monsoon,42,Backyard,Lumpy skin disease
Birds,0,1,0,Virus,Sweden,58.496378,15.789896,October,Post-Monsoon,14000,Farm,Newcastle disease
Wild boar,1,0,0,Virus,Russia,56.077906,51.926163,December,Winter,0,Forest,African swine fever
Swine,0,0,0,Virus,China (People's Rep. of),33.47,118.22,June,Monsoon,9,Farm,Foot and mouth disease
Cattle,0,0,0,Bacterium,Spain,39.1112,-5.4887,August,Monsoon,3898,Farm,Anthrax
Northern Goshawk,1,0,0,Virus,Sweden,56.105002,13.425294,March,Summer,0,Other,Highly pathogenic avian influenza
Wild boar,1,0,0,Virus,Russia,57.462307,42.401104,November,Post-Monsoon,0,Forest,African swine fever
Wild boar,1,0,0,Virus,Ukraine,51.3491,24.3609,April,Summer,0,Forest,African swine fever
Greylag Goose,1,0,0,Virus,Ireland,53.48497,-7.39879,January,Winter,0,Not applicable,Highly pathogenic avian influenza
Equidae,0,1,0,Virus,Israel,32.1432118829,34.8427940711,August,Monsoon,185,Farm,Equine influenza
South American fur seal,1,0,0,Virus,Argentina,-42.76682,-63.63556,October,Post-Monsoon,0,Body of water,Highly pathogenic avian influenza
Cats,0,0,0,Virus,Uruguay,-34.8685,-56.146,December,Winter,2,Other,SARS-CoV-2 in animals
Wild boar,1,0,0,Virus,Germany,53.51,14.01,June,Monsoon,0,Farm,African swine fever
Swine,0,0,0,Virus,Ukraine,51.366029,31.632704,October,Post-Monsoon,4194,Farm,African swine fever
Cattle,0,0,0,Virus,South Africa,-34.0,24.6,May,Summer,150185,Farm,Foot and mouth disease
Birds,0,1,0,Virus,Portugal,38.65243,-8.482766,August,Monsoon,254827,Farm,Highly pathogenic avian influenza
Bees,0,0,0,Parasite,Italy,37.365555,15.023027,June,Monsoon,68,Apiary,Small hive beetle infestation
Wildlife (species unspecified),1,0,0,Virus,Kuwait,29.3212,47.8971,November,Post-Monsoon,0,Not applicable,Highly pathogenic avian influenza
Western roe deer,1,0,0,Virus,Bulgaria,41.38,25.71,September,Monsoon,0,Other,Bluetongue
Sheep,0,0,0,Virus,Germany,48.91,9.5,August,Monsoon,260,Farm,Bluetongue
Birds,0,1,0,Virus,United Kingdom,57.62,-2.58,July,Monsoon,88000,Farm,Highly pathogenic avian influenza
Sheep,0,0,0,Virus,Bulgaria,42.1889,24.8137,July,Monsoon,31,Farm,Sheep pox and goat pox
Birds,0,0,0,Virus,Laos,16.4,104.8,February,Winter,41497,Village,Highly pathogenic avian influenza
Swine,0,0,0,Virus,Moldova,48.31374,27.56032,September,Monsoon,13,Backyard,African swine fever
Swine,0,0,0,Virus,Azerbaijan,41.0,48.0,January,Winter,4832,Village,African swine fever
Mustelidae,0,0,0,Virus,Lithuania,55.682026,23.128231,December,Winter,55000,Farm,SARS-CoV-2 in animals
Birds,0,0,0,Virus,Italy,44.665025,11.861721,May,Summer,66972,Farm,Highly pathogenic avian influenza
Birds,0,1,0,Virus,Bulgaria,42.21342,24.87206,March,Summer,178628,Farm,Highly pathogenic avian influenza
Goats,0,0,0,Virus,Maldives,0.83902,73.183484,March,Summer,130,Farm,Peste des petits ruminants
Cattle,0,0,0,Virus,Nigeria,9.55169,6.51351,January,Winter,1544,Village,Foot and mouth disease
Mute Swan,1,0,0,Virus,Bosnia and Herzegovina,44.5103,18.4704,January,Winter,0,Body of water,Highly pathogenic avian influenza
Swine,0,0,0,Virus,Thailand,20.351668,100.034024,September,Monsoon,174,Village,African swine fever
Cattle,0,0,0,Virus,China (People's Rep. of),36.62,101.77,May,Summer,502,Village,Foot and mouth disease
Birds,0,1,0,Virus,Germany,53.614156,11.696846,November,Post-Monsoon,19385,Farm,Low pathogenic avian influenza
Mustelidae,0,0,0,Virus,Spain,40.4101,-4.8515,January,Winter,1010,Farm,SARS-CoV-2 in animals
Goats,0,0,0,Virus,Croatia,43.649975,16.26994833,December,Winter,40,Farm,Peste des petits ruminants
Sheep,0,0,0,Virus,Mongolia,46.057,113.2743,January,Winter,0,Farm,Sheep pox and goat pox
Dogs,0,0,0,Virus,Melilla,35.2825,-2.9425,April,Summer,0,Other,Rabies
Greylag Goose,1,0,0,Virus,Lithuania,56.142514,24.626152,December,Winter,0,Body of water,Highly pathogenic avian influenza
Birds,0,1,0,Virus,Denmark,55.294,11.2842,October,Post-Monsoon,27600,Farm,Highly pathogenic avian influenza
Cattle,0,0,0,Virus,Greece,38.8210784450001,20.6890153100001,October,Post-Monsoon,65,Farm,Bluetongue
Hooded Crow,1,0,0,Virus,Bulgaria,42.2586,27.7425,October,Post-Monsoon,0,Forest,West Nile Fever
Cattle,0,0,0,Bacterium,Gabon,-3.1371,10.9937,December,Winter,853,Farm,Contagious bovine pleuropneumonia
Mouse-like hamster,1,0,0,Virus,Armenia,40.1035,44.5137,October,Post-Monsoon,1,Backyard,Rabies
Bees,0,0,0,Parasite,Australia,-35.2802,149.131,February,Winter,2,Apiary,Varroa spp.
Swine,0,0,0,Virus,Guatemala,14.2705,-90.6332,January,Winter,248,Farm,Classical swine fever
Equidae,0,0,0,Virus,Chile,-45.20059453,-72.18670665,September,Monsoon,24,Farm,Equine infectious anaemia
Birds,0,1,0,Virus,Canada,49.33,-54.48,January,Winter,34,Backyard,Highly pathogenic avian influenza
Buffaloes,0,0,0,Virus,Myanmar,19.3,93.59,January,Winter,22,Village,Foot and mouth disease
Accipitridae (unidentified),1,0,0,Virus,Germany,51.43,12.34,October,Post-Monsoon,3,Farm,West Nile Fever
Cattle,0,0,0,Virus,Romania,45.761883,23.992825,December,Winter,54,Other,Bluetongue
Birds,0,0,0,Virus,Indonesia,0.8121,122.4214,March,Summer,4709,Village,Highly pathogenic avian influenza
Greylag Goose,1,0,0,Virus,Poland,51.608013,22.017618,February,Winter,0,Other,Highly pathogenic avian influenza
Swine,0,0,0,Virus,Italy,38.116944,13.333056,December,Winter,13,Farm,Influenza A virus
Bees,0,0,0,Parasite,Paraguay,-22.4733,-55.78,May,Summer,21,Apiary,Small hive beetle infestation
Swine,0,0,0,Virus,Angola,-12.9995,15.796,December,Winter,300,Farm,African swine fever
Swine,0,0,0,Virus,Chinese Taipei,23.1488825,120.21817,July,Monsoon,733,Farm,Foot and mouth disease
Dogs,0,0,0,Virus,Congo (Rep. of the),-4.8611,11.9726,November,Post-Monsoon,1,Not applicable,Rabies
Equidae,0,0,0,Virus,Greece,40.9539,24.9358,October,Post-Monsoon,51,Farm,West Nile Fever
Swine,0,0,0,Virus,China (People's Rep. of),24.915,102.795,November,Post-Monsoon,1735,Slaughterhouse,African swine fever
Dogs,0,0,0,Parasite,Armenia,40.1735,44.4843,August,Monsoon,2,Backyard,Leishmaniosis
Cattle,0,0,0,Virus,China (People's Rep. of),30.5,120.7,April,Summer,413,Farm,Foot and mouth disease
Birds,0,0,0,Virus,Romania,46.4847,26.6998,January,Winter,33,Village,Newcastle disease
Rabbits,0,0,0,Virus,Paraguay,-27.013111,-55.603861,September,Monsoon,43,Farm,Myxomatosis
Charadriidae (unidentified),1,0,0,Virus,Ireland,53.78812,-6.26689,January,Winter,0,Not applicable,Highly pathogenic avian influenza
Birds,0,1,0,Virus,Chile,-35.8517,-71.5796,March,Summer,5284,Farm,Highly pathogenic avian influenza
Birds,0,1,0,Virus,Australia,-37.9647,144.1395,June,Monsoon,1161628,Farm,Highly pathogenic avian influenza
Birds,0,1,0,Virus,Togo,8.6378,1.0595,February,Winter,2928,Farm,Highly pathogenic avian influenza
Equidae,0,0,0,Virus,Bulgaria,42.9939,23.0461,February,Winter,102,Farm,Equine infectious anaemia
Cygnus (unidentified),1,0,0,Virus,Moldova,47.87,28.05,December,Winter,0,Other,Highly pathogenic avian influenza
Birds,0,1,0,Virus,Bulgaria,42.3737,25.6061,April,Summer,12250,Farm,Highly pathogenic avian influenza
Northern Goshawk,1,0,0,Virus,Poland,51.4622,22.975,January,Winter,0,Forest,Highly pathogenic avian influenza
Sheep,0,0,0,Virus,Bosnia and Herzegovina,42.9483,17.6808,November,Post-Monsoon,31,Village,Bluetongue
Cattle,0,0,0,Bacterium,Kazakhstan,48.42917,74.82056,August,Monsoon,66,Village,Anthrax
Accipitridae (unidentified),1,0,0,Virus,Germany,51.36,6.41,July,Monsoon,0,Not applicable,Highly pathogenic avian influenza
Birds,0,1,0,Virus,Hungary,47.690195,17.995825,January,Winter,84572,Farm,Highly pathogenic avian influenza
Birds,0,1,0,Virus,Japan,42.8208,141.6508,April,Summer,17554047,Farm,Highly pathogenic avian influenza
Birds,0,1,0,Virus,Germany,53.05,8.72,May,Summer,21,Backyard,Highly pathogenic avian influenza
Wildlife (species unspecified),1,0,0,Virus,Hungary,46.4896,19.3846,February,Winter,7,Village,Highly pathogenic avian influenza
Birds,0,1,0,Virus,Belgium,51.061,2.8271,December,Winter,78900,Farm,Low pathogenic avian influenza
Cattle,0,0,0,Bacterium,Mali,12.724111,-5.010266,April,Summer,53,Farm,Mycoplasma mycoides subsp. mycoides SC
Swine,0,0,0,Virus,Ukraine,47.0567,35.5519,May,Summer,150,Farm,African swine fever
Goats,0,0,0,Virus,Colombia,1.273412,-77.477064,October,Post-Monsoon,679,Farm,Caprine arthritis/encephalitis
Equidae,0,0,0,Virus,Chile,-42.49698453,-73.77687453,June,Monsoon,36,Farm,Equine infectious anaemia
Swine,0,0,0,Virus,United Kingdom,52.8004,1.084,December,Winter,14749,Farm,Influenza A virus
Dogs,0,0,0,Virus,United States of America,31.387,-109.895,June,Monsoon,4,Farm,Rabies
Wild boar,1,0,0,Virus,Russia,47.374295,40.443456,March,Summer,0,Forest,African swine fever
Greylag Goose,1,0,0,Virus,Iran,36.64927,52.49267,November,Post-Monsoon,0,Natural park,Highly pathogenic avian influenza
Birds,0,1,0,Virus,United States of America,43.7517,-116.665,August,Monsoon,30000,Farm,Low pathogenic avian influenza
Mustelidae,0,0,0,Virus,Spain,43.2214,-8.3436,May,Summer,65263,Farm,SARS-CoV-2 in animals
Swine,0,0,0,Virus,Chinese Taipei,23.164915,120.10808,December,Winter,2667,Farm,Foot and mouth disease
Wildlife (species unspecified),1,0,0,Virus,Switzerland,47.69,8.65,March,Summer,0,Not applicable,Highly pathogenic avian influenza
Dogs,0,0,0,Virus,Armenia,40.5714,43.8813,October,Post-Monsoon,1,Backyard,Rabies
Birds,0,1,0,Virus,Japan,35.7346,140.8268,January,Winter,9223129,Farm,Highly pathogenic avian influenza
Sheep,0,0,0,Virus,Israel,32.1137659205,34.9764082316,April,Summer,60,Village,Sheep pox and goat pox
Buffaloes,0,0,0,Virus,Egypt,30.351,31.2188,June,Monsoon,891,Village,Foot and mouth disease
Birds,0,0,0,Virus,Australia,-33.5872,150.8112,June,Monsoon,13,Backyard,Highly pathogenic avian influenza
Cattle,0,0,0,Virus,Spain,42.3731911,2.893808,December,Winter,2616,Farm,Lumpy skin disease
Cattle,0,0,0,Bacterium,Mozambique,-18.9695,33.2514,February,Winter,233,Farm,Anthrax
Rabbits,0,0,0,Virus,Switzerland,46.23,7.87,April,Summer,50,Backyard,Rabbit haemorrhagic disease
Cattle,0,0,0,Virus,Cyprus,34.760397,33.365291,November,Post-Monsoon,4138,Farm,Bluetongue
Equidae,0,0,0,Virus,Chile,-37.26432689,-73.36130173,December,Winter,187,Farm,Equine infectious anaemia
Birds,0,0,0,Virus,Turkey,40.279652,36.359501,November,Post-Monsoon,668,Village,Newcastle disease
Greylag Goose,1,0,0,Virus,Netherlands,51.91,4.51,November,Post-Monsoon,0,Other,Highly pathogenic avian influenza
Swine,0,0,0,Virus,Russia,45.81,41.5,August,Monsoon,47729,Farm,Classical swine fever
Swine,0,0,0,Virus,Romania,45.5614,27.0926,January,Winter,16,Backyard,African swine fever
Birds,0,1,0,Virus,South Africa,-32.6,25.7,April,Summer,5921396,Farm,Highly pathogenic avian influenza
Birds,0,1,0,Virus,Poland,51.53744,19.86792,October,Post-Monsoon,19450,Farm,Highly pathogenic avian influenza
Accipitridae (unidentified),1,0,0,Virus,Germany,48.39,12.76,January,Winter,0,Not applicable,Highly pathogenic avian influenza
Birds,0,1,0,Virus,Sweden,57.099943,16.301995,January,Winter,1928376,Farm,Highly pathogenic avian influenza
Cattle,0,0,0,Virus,Italy,39.002686,8.956631,December,Winter,631,Natural park,Epizootic hemorrhagic disease virus
Cattle,0,0,0,Bacterium,Lesotho,-28.7448,28.4541,April,Summer,342,Backyard,Anthrax
Birds,0,1,0,Virus,Poland,51.636,19.746,December,Winter,303560,Farm,Highly pathogenic avian influenza
Birds,0,0,0,Virus,Israel,32.35,34.92,July,Monsoon,43000,Village,Newcastle disease
Grey Heron,1,0,0,Virus,Portugal,39.745522,-8.933476,November,Post-Monsoon,0,Other,Highly pathogenic avian influenza
Equidae,0,0,0,Virus,Belize,17.097,-88.547,August,Monsoon,83,Farm,West Nile Fever
European Rabbit,1,0,0,Virus,Finland,60.183,24.828,August,Monsoon,0,Not applicable,Myxomatosis
Peregrin falcon,1,0,0,Virus,Sweden,58.2597,14.51669,November,Post-Monsoon,0,Other,Highly pathogenic avian influenza
Birds,0,1,0,Virus,Lithuania,55.101864,22.764961,May,Summer,1238,Farm,Highly pathogenic avian influenza
Cattle,0,0,0,Virus,Botswana,-20.5841,23.0775,September,Monsoon,343,Village,Foot and mouth disease
Bovidae (unidentified),1,0,0,Virus,Bhutan,26.96392,89.40795,January,Winter,38,Village,Sheep pox and goat pox
Cattle,0,0,0,Virus,Belgium,50.07,4.47,July,Monsoon,24136,Farm,Bluetongue
Caribou (Reindeer),1,0,0,Virus,Norway,78.67,21.21,August,Monsoon,0,Not applicable,Rabies
Birds,0,0,0,Virus,Israel,31.19,34.83,October,Post-Monsoon,2050,Village,Newcastle disease
Birds,0,1,0,Virus,Germany,52.627957,6.805152,March,Summer,38323,Farm,Low pathogenic avian influenza
Cattle,0,0,0,Virus,South Africa,-22.7719,30.96917,July,Monsoon,1300,Village,Foot and mouth disease
White-tailed Eagle,1,0,0,Virus,Norway,69.0642,15.1713,June,Monsoon,0,Other,Highly pathogenic avian influenza
Swine,0,0,0,Virus,Ukraine,48.5736,32.4423,March,Summer,289,Backyard,African swine fever
Birds,0,1,0,Virus,Nigeria,9.2177,12.446,May,Summer,2427109,Backyard,Highly pathogenic avian influenza
Sheep,0,0,0,Virus,Russia,43.855179,131.86259,November,Post-Monsoon,698,Backyard,Sheep pox and goat pox
Tufted Duck,1,0,0,Virus,Finland,61.296915692,21.773701721,January,Winter,0,Not applicable,Highly pathogenic avian influenza
Mallard,1,0,0,Virus,Luxembourg,49.47652,6.36636,February,Winter,0,Backyard,Highly pathogenic avian influenza
Swine,0,0,0,Virus,Mongolia,48.0733,105.4843,May,Summer,72,Farm,Porcine reproductive and respiratory syndrome
Sheep/goats (mixed herd),0,0,0,Virus,Cyprus,35.008343,33.92942,November,Post-Monsoon,1374,Farm,Bluetongue
Birds,0,1,0,Virus,Russia,47.525612,40.552595,January,Winter,2342625,Farm,Highly pathogenic avian influenza
Swine,0,0,0,Virus,Moldova,46.697467,28.693384,August,Monsoon,7,Backyard,African swine fever
Wild boar,1,0,0,Virus,Finland,61.93386,30.26052,October,Post-Monsoon,0,Not applicable,Aujeszky's disease
Cattle,0,0,0,Prion,Portugal,41.5736,-8.4381,November,Post-Monsoon,31,Farm,Bovine spongiform encephalopathy
Cattle,0,0,0,Virus,Kazakhstan,54.26,65.28,October,Post-Monsoon,583,Farm,Rabies
Birds,0,1,0,Virus,Lithuania,54.8975,24.02,December,Winter,27,Backyard,Highly pathogenic avian influenza
Equidae,0,0,0,Virus,Belize,17.5637,-88.3843,August,Monsoon,9,Village,West Nile Fever
Birds,0,1,0,Virus,Gabon,0.4015,9.4494,May,Summer,2,Livestock market,Highly pathogenic avian influenza
Birds,0,1,0,Virus,Chinese Taipei,23.453,120.27651,February,Winter,1518916,Farm,Low pathogenic avian influenza
Sheep/goats (mixed herd),0,0,0,Virus,Mongolia,46.46219,107.08377,June,Monsoon,671,Farm,Foot and mouth disease
Sheep,0,0,0,Virus,Türkiye (Rep. of),40.64,26.22,July,Monsoon,1905,Village,Sheep pox and goat pox
Birds,0,0,0,Virus,Nepal,26.48,87.85,February,Winter,27724,Village,Highly pathogenic avian influenza
Swine,0,0,0,Virus,China (People's Rep. of),29.753,106.246,December,Winter,332,Backyard,African swine fever
Birds,0,0,0,Virus,Russia,51.413182,34.883307,November,Post-Monsoon,166,Backyard,Highly pathogenic avian influenza
Cattle,0,0,0,Bacterium,United Kingdom,51.540004,-3.268991,April,Summer,35,Farm,Anthrax
Birds,0,1,0,Virus,Israel,31.7316,34.7238,January,Winter,344052,Farm,Highly pathogenic avian influenza
Wildlife (species unspecified),1,0,0,Virus,Croatia,45.81,15.97,March,Summer,2383,Not applicable,Highly pathogenic avian influenza
Dogs,0,0,0,Virus,Armenia,40.1855,43.9825,February,Winter,1,Backyard,Rabies
Sheep,0,0,0,Virus,Portugal,39.50222,-8.024722,October,Post-Monsoon,557,Farm,Bluetongue
Birds,0,1,0,Virus,Iraq,30.51158,47.53062,March,Summer,5000,Livestock market,Highly pathogenic avian influenza
Equidae,0,0,0,Virus,Chile,-38.12033496,-72.31556792,June,Monsoon,114,Farm,Equine infectious anaemia
Birds,0,1,0,Virus,Portugal,39.5124,-8.4426,September,Monsoon,90365,Farm,Low pathogenic avian influenza
Demoiselle Crane,1,0,0,Virus,India,27.13818,72.416834,December,Winter,0,Natural park,Highly pathogenic avian influenza
Birds,0,0,0,Bacterium,Mexico,19.995613,-98.676495,September,Monsoon,518,Backyard,Fowl typhoid
Cattle,0,0,0,Virus,Ecuador,-1.0332,-77.4815,January,Winter,7,Farm,Vesicular stomatitis
Swine,0,0,0,Bacterium,Ukraine,46.0,29.5,May,Summer,163,Farm,Brucellosis
Mallard,1,0,0,Virus,Russia,55.573247,70.331119,September,Monsoon,0,Not applicable,Highly pathogenic avian influenza
Bees,0,1,0,Parasite,Mexico,25.254956,-99.624164,August,Monsoon,105,Apiary,Small hive beetle infestation
Bees,0,1,0,Bacterium,Romania,44.58,27.6,July,Monsoon,105,Apiary,European foulbrood of honey bees
Dogs,0,0,0,Virus,Malaysia,3.199246,113.05083,December,Winter,41,Other,Rabies
Birds,0,1,0,Virus,Russia,56.840488,53.113179,August,Monsoon,10427,Backyard,Newcastle disease
Greylag Goose,1,0,0,Virus,Serbia,45.129444,21.284167,December,Winter,0,Forest,Highly pathogenic avian influenza
Wild boar,1,0,0,Virus,Russia,61.50165,42.443545,August,Monsoon,0,Forest,African swine fever
Birds,0,0,0,Virus,Italy,43.309167,11.421389,October,Post-Monsoon,16,Farm,Newcastle disease
Cattle,0,0,0,Virus,Eritrea,15.3353,38.8145,June,Monsoon,1300,Village,Foot and mouth disease
Cattle,0,0,0,Virus,Colombia,6.173611,-71.929792,June,Monsoon,136,Farm,Foot and mouth disease
Swine,0,0,0,Virus,Chinese Taipei,23.725071,120.269786,November,Post-Monsoon,2031,Farm,Foot and mouth disease
Birds,0,1,0,Virus,United States of America,38.5157,-79.3177,March,Summer,25600,Farm,Low pathogenic avian influenza
Swine,0,0,0,Virus,Russia,54.866575,71.647229,October,Post-Monsoon,1289,Village,African swine fever
Swine,0,0,0,Virus,Switzerland,46.9,8.6,March,Summer,1695,Farm,Porcine reproductive and respiratory syndrome
Common carp,0,0,1,Virus,Ireland,53.2832,-6.2236,September,Monsoon,30,Pond,Koi herpesvirus
Birds,0,1,0,Virus,Germany,53.77,12.4,March,Summer,57369,Farm,Highly pathogenic avian influenza
Cattle,0,0,0,Virus,Mozambique,-24.0854,32.01702,June,Monsoon,120050,Village,Foot and mouth disease
Swine,0,0,0,Virus,Mongolia,48.5456,106.052,November,Post-Monsoon,56,Farm,Classical swine fever
Cattle,0,0,0,Virus,Libya,32.4771239,14.4501357,May,Summer,54,Farm,Foot and mouth disease
Birds,0,1,0,Virus,Belgium,51.07745,2.69294,December,Winter,227438,Farm,Highly pathogenic avian influenza
Bees,0,0,0,Bacterium,Norway,58.31,8.47,June,Monsoon,18,Apiary,European foulbrood of honey bees
Birds,0,1,0,Virus,Canada,50.0343,-97.1384,November,Post-Monsoon,8200,Farm,Low pathogenic avian influenza
Cattle,0,0,0,Virus,Palestinian Territory,31.4305,34.3832,March,Summer,518,Farm,Foot and mouth disease
Birds,0,1,0,Virus,Denmark,56.4656,8.7109,May,Summer,20900,Farm,Low pathogenic avian influenza
Cats,0,0,0,Virus,Thailand,13.718,100.392,May,Summer,1,Village,SARS-CoV-2 in animals
Cattle,0,0,0,Virus,Zimbabwe,-20.25249,31.95094,October,Post-Monsoon,1852,Village,Foot and mouth disease
Cattle,0,0,0,Bacterium,Kyrgyzstan,40.93,73.0,February,Winter,9,Village,Anthrax
Eurasian Sparrowhawk,1,0,0,Virus,Denmark,56.0494,12.2638,March,Summer,0,Not applicable,Highly pathogenic avian influenza
Cattle,0,0,0,Virus,Bulgaria,41.9736,27.6556,November,Post-Monsoon,249,Village,Bluetongue
Birds,0,1,0,Virus,Nicaragua,11.193889,-85.507775,April,Summer,43,Village,Newcastle disease
Birds,0,1,0,Virus,Bulgaria,43.4756,24.8625,February,Winter,320011,Farm,Highly pathogenic avian influenza
Birds,0,1,0,Virus,France,47.731,-0.323,March,Summer,8897,Farm,Low pathogenic avian influenza
Birds,0,1,0,Virus,Moldova,47.83,27.5,January,Winter,17,Backyard,Highly pathogenic avian influenza
Birds,0,0,0,Virus,India,15.16,76.23,November,Post-Monsoon,1593,Village,Highly pathogenic avian influenza
Swine,0,0,0,Virus,Romania,44.4975,25.2908,December,Winter,72,Farm,African swine fever
Cattle,0,0,0,Virus,Botswana,-19.89432,23.56543,August,Monsoon,2846,Village,Foot and mouth disease
Goats,0,0,0,Virus,Namibia,-24.31,17.69,May,Summer,378,Farm,Rift Valley fever
Swine,0,0,0,Virus,Congo (Rep. of the),-3.8107,14.9093,August,Monsoon,0,Village,African swine fever
Birds,0,0,0,Virus,India,23.32,91.29,April,Summer,134586,Farm,Highly pathogenic avian influenza
Rabbits,0,0,0,Virus,Cote D'Ivoire,5.316667,-4.033333,December,Winter,2105,Farm,Rabbit haemorrhagic disease
Sheep,0,0,0,Virus,Algeria,33.7581,1.2236,July,Monsoon,5245,Farm,Bluetongue
Birds,0,1,0,Virus,Vietnam,9.8088,105.8023,May,Summer,1120,Village,Highly pathogenic avian influenza
Red-footed falcon,1,0,0,Virus,Ukraine,46.8349,31.9801,April,Summer,0,Forest,Highly pathogenic avian influenza
Wild boar,1,0,0,Virus,Romania,47.538214,22.374229,December,Winter,42,Backyard,African swine fever
Rainbow trout,0,0,1,Virus,Former Yug. Rep. of Macedonia,41.2078,21.9958,June,Monsoon,10000,Farm,Infectious haematopoietic necrosis virus
Birds,0,1,0,Virus,Cote D'Ivoire,5.253784,-3.80531,November,Post-Monsoon,11000,Farm,Highly pathogenic avian influenza
Birds,0,1,0,Virus,Germany,51.753087,6.091213,April,Summer,16700,Farm,Low pathogenic avian influenza
Wild boar,1,0,0,Virus,Ukraine,48.27,22.8989,June,Monsoon,0,Forest,African swine fever
Swine,0,0,0,Virus,Hong Kong,22.41198,114.01737,January,Winter,6056,Farm,African swine fever
Birds,0,1,0,Virus,Vietnam,15.4813,108.367,February,Winter,3800,Village,Highly pathogenic avian influenza
Birds,0,0,0,Virus,Hungary,47.125,21.187,February,Winter,22000,Farm,Highly pathogenic avian influenza
Birds,0,1,0,Virus,Slovenia,46.394,15.505,December,Winter,113,Backyard,Highly pathogenic avian influenza
Cattle,0,0,0,Virus,Cyprus,35.035,33.791944,December,Winter,415,Farm,Bluetongue
Birds,0,0,0,Virus,Slovakia,48.76,17.15,January,Winter,733,Farm,Newcastle disease
Wildlife (species unspecified),1,0,0,Virus,Spain,40.31,-4.49,November,Post-Monsoon,439,Farm,Bluetongue
Birds,0,1,0,Virus,Poland,53.55,23.24,December,Winter,5151017,Farm,Newcastle disease
Mandarin Duck,1,0,0,Virus,Portugal,39.784805,-8.305206,November,Post-Monsoon,0,Backyard,Highly pathogenic avian influenza
Equidae,0,0,0,Virus,United Kingdom,50.81,-4.18,September,Monsoon,3,Farm,Equine infectious anaemia
Birds,0,1,0,Virus,Portugal,37.691667,-7.853333,November,Post-Monsoon,63,Farm,Low pathogenic avian influenza
Wildlife (species unspecified),1,0,0,Virus,Romania,47.036579,23.203574,August,Monsoon,0,Backyard,African swine fever
Birds,0,0,0,Virus,Vietnam,11.2014,107.5409,March,Summer,120151,Village,Highly pathogenic avian influenza
Wildlife (species unspecified),1,0,0,Virus,China (People's Rep. of),36.5152,100.7102,May,Summer,0,Village,Highly pathogenic avian influenza
Wildlife (species unspecified),1,0,0,Virus,Greece,39.915,25.266,November,Post-Monsoon,0,Not applicable,Myxomatosis
Cattle,0,0,0,Virus,Romania,44.691609,23.554962,November,Post-Monsoon,631,Backyard,Bluetongue
Swine,0,0,0,Virus,Bhutan,26.718655,89.854991,February,Winter,64,Village,African swine fever
Cattle,0,0,0,Virus,Mongolia,46.666203,91.069503,June,Monsoon,0,Farm,Foot and mouth disease
Cattle,0,0,0,Virus,Kenya,-0.195548,36.498871,February,Winter,230,Farm,Rift Valley fever
Swine,0,0,0,Virus,Ukraine,51.850388,24.436185,August,Monsoon,7,Backyard,African swine fever
Wild boar,1,0,0,Virus,Russia,49.159317,40.661532,October,Post-Monsoon,0,Backyard,African swine fever
Equidae,0,0,0,Parasite,United States of America,27.4837,-82.4723,July,Monsoon,104,Farm,Equine piroplasmosis
Goats,0,0,0,Virus,Kenya,3.9475,34.776,August,Monsoon,30000,Village,Peste des petits ruminants
Dogs,0,0,0,Virus,Ceuta,35.8823,-5.326,October,Post-Monsoon,12924,Other,Rabies
Cattle,0,0,0,Virus,Israel,33.183,35.7747,December,Winter,1741,Other,Foot and mouth disease
Painted Stork,1,0,0,Virus,India,28.602763,77.246069,August,Monsoon,0,Zoo,Highly pathogenic avian influenza
Birds,0,1,0,Virus,Hungary,47.723822,21.710387,May,Summer,321062,Farm,Highly pathogenic avian influenza
Mute Swan,1,0,0,Virus,Greece,41.3708,26.3361,January,Winter,0,Natural park,Highly pathogenic avian influenza
Bees,0,1,0,Bacterium,Chile,-30.6274,-70.9712,July,Monsoon,199,Apiary,European foulbrood of honey bees
Wildlife (species unspecified),1,0,0,Virus,Poland,52.2443,15.4721,March,Summer,112,Not applicable,Highly pathogenic avian influenza
Goats,0,0,0,Virus,Bulgaria,41.92,25.53,December,Winter,1,Farm,Sheep pox and goat pox
Birds,0,1,0,Virus,Bulgaria,43.0747,24.0764,April,Summer,4600,Farm,Highly pathogenic avian influenza
Cattle,0,0,0,Virus,Namibia,-18.18,21.295,October,Post-Monsoon,77000,Village,Foot and mouth disease
Birds,0,1,0,Virus,India,22.056624,78.93978,January,Winter,1163,Livestock market,Highly pathogenic avian influenza
Goats,0,0,0,Virus,Greece,37.74056667,26.96085,December,Winter,518,Farm,Bluetongue
Swine,0,0,0,Virus,Brazil,-3.7766,-38.6474,June,Monsoon,682,Farm,Classical swine fever
Swine,0,0,0,Virus,Russia,53.797193,37.70072,September,Monsoon,7,Backyard,African swine fever
Cattle,0,0,0,Virus,Mongolia,46.4816,108.4044,July,Monsoon,0,Farm,Foot and mouth disease
Cattle,0,0,0,Virus,China (People's Rep. of),29.21,90.44,February,Winter,621,Village,Foot and mouth disease
Cattle,0,0,0,Bacterium,Belgium,50.25,4.67,April,Summer,213,Farm,Brucellosis
Laridae (unidentified),1,0,0,Virus,Senegal,15.8662803,-16.510103,March,Summer,0,Natural park,Highly pathogenic avian influenza
Swine,0,0,0,Virus,Ukraine,46.8123,33.5302,March,Summer,285,Farm,African swine fever
Wild boar,1,0,0,Virus,Russia,48.895545,40.306083,December,Winter,0,Forest,African swine fever
Birds,0,1,0,Virus,Slovakia,49.30919,20.70959,December,Winter,106,Farm,Newcastle disease
Wild boar,1,0,0,Virus,Romania,45.715283,24.468185,September,Monsoon,7,Backyard,African swine fever
Redwing,1,0,0,Virus,Algeria,35.4523,6.4283,February,Winter,0,Forest,Highly pathogenic avian influenza
Cattle,0,0,0,Virus,Palestinian Territory,31.53,34.48,February,Winter,425,Farm,Foot and mouth disease
Equidae,0,0,0,Virus,United Arab Emirates,24.4751,54.5734,August,Monsoon,238,Farm,West Nile Fever
Goats,0,0,0,Virus,Poland,51.9385,19.5396,August,Monsoon,441,Farm,Caprine arthritis/encephalitis
Cattle,0,0,0,Virus,Congo (Dem. Rep. of the),-0.49,29.45,May,Summer,35628,Village,Foot and mouth disease
Cattle,0,0,0,Virus,China (People's Rep. of),26.055,107.476,November,Post-Monsoon,288,Backyard,Foot and mouth disease
North African catfish,1,0,1,Fungus,Malawi,-13.052,33.489,June,Monsoon,3500,Reservoir,Aphanomyces invadans
Wild boar,1,0,0,Virus,Ukraine,50.1349,28.3079,December,Winter,0,Forest,African swine fever
Cattle,0,0,0,Bacterium,Congo (Rep. of the),-1.5049,16.4563,June,Monsoon,1043,Farm,Contagious bovine pleuropneumonia
Sheep,0,0,0,Virus,Netherlands,52.130637,4.976599,October,Post-Monsoon,50,Farm,Bluetongue
Birds,0,1,0,Virus,United Kingdom,53.41037,-2.73898,June,Monsoon,34,Farm,Low pathogenic avian influenza
Wild boar,1,0,0,Virus,Ukraine,48.6214,24.7748,February,Winter,0,Forest,African swine fever
Wild boar,1,0,0,Virus,Finland,62.155335,30.585612,September,Monsoon,0,Forest,Aujeszky's disease
Cattle,0,0,0,Virus,Botswana,-20.536122,27.583152,February,Winter,3841,Village,Foot and mouth disease
Birds,0,1,0,Virus,Guatemala,15.0931,-91.7991,November,Post-Monsoon,37,Backyard,Highly pathogenic avian influenza
Birds,0,1,0,Virus,Lithuania,54.53539,23.38969,December,Winter,6361,Farm,Highly pathogenic avian influenza
Goats,0,0,0,Virus,Israel,32.1368,34.9927,December,Winter,772,Farm,Peste des petits ruminants
Cattle,0,0,0,Prion,Spain,42.73,-8.37,January,Winter,1,Farm,Bovine spongiform encephalopathy
Equidae,0,0,0,Virus,South Africa,-33.83,19.76,April,Summer,379,Farm,African horse sickness
Birds,0,0,0,Virus,Korea (Dem People's Rep. of),38.9675,125.6575,March,Summer,218788,Farm,Highly pathogenic avian influenza
Wildlife (species unspecified),1,0,0,Virus,Greece,39.93,25.23,July,Monsoon,0,Not applicable,Myxomatosis
Buffaloes,0,0,0,Virus,Egypt,31.43,31.8,May,Summer,1945,Village,Foot and mouth disease
Birds,0,0,0,Virus,Honduras,14.8204,-89.1743,April,Summer,1467,Village,Newcastle disease
Birds,0,1,0,Virus,Hungary,46.199475,20.620348,December,Winter,127464,Farm,Highly pathogenic avian influenza
Birds,0,1,0,Virus,Niger,13.46,2.19,March,Summer,30000,Farm,Highly pathogenic avian influenza
Swine,0,0,0,Virus,China (People's Rep. of),39.11801,110.55282,April,Summer,49,Backyard,African swine fever
Wildlife (species unspecified),1,0,0,Virus,Guinea,10.4537094,-14.65995757,April,Summer,0,Natural park,Highly pathogenic avian influenza
Wild boar,1,0,0,Virus,Hong Kong,22.462,114.1802,November,Post-Monsoon,0,Village,African swine fever
Cattle,0,0,0,Virus,Morocco,33.30753,-7.53225,November,Post-Monsoon,82,Farm,Foot and mouth disease
American Mink,1,0,0,Virus,France,48.401454,1.073495,November,Post-Monsoon,4100,Farm,SARS-CoV-2 in animals
Sheep,0,0,0,Bacterium,Azerbaijan,41.1462,49.048,May,Summer,645,Not applicable,Anthrax
Eurasian buzzard (common buzzard),1,0,0,Virus,Switzerland,47.6952,8.6531,February,Winter,0,Other,Highly pathogenic avian influenza
Signal crayfish,1,0,1,Parasite,Norway,63.2034,8.9541,August,Monsoon,50,Lake,Crayfish plague
Cattle,0,0,0,Bacterium,Austria,47.47,9.83,December,Winter,866,Farm,Mycobacterium tuberculosis complex
Swine,0,0,0,Virus,Laos,18.01,102.92,June,Monsoon,2862,Farm,Porcine reproductive and respiratory syndrome
Sheep,0,0,0,Prion,Hungary,47.3609,21.0607,July,Monsoon,2115,Farm,Scrapie
Cattle,0,0,0,Virus,Korea (Rep. of),38.386713,128.421391,November,Post-Monsoon,6761,Farm,Lumpy skin disease
Bees,0,0,0,Parasite,Reunion,-21.342778,55.76888,April,Summer,276,Apiary,Small hive beetle infestation
Birds,0,1,0,Virus,Moldova,47.44,28.3,November,Post-Monsoon,48,Backyard,Highly pathogenic avian influenza
Swine,0,0,0,Virus,South Africa,-30.5,29.4,June,Monsoon,61,Farm,African swine fever
Common carp,1,0,1,Virus,Romania,44.339748,25.903535,May,Summer,0,Lake,Koi herpesvirus
Equidae,0,0,0,Virus,Croatia,45.606667,18.763611,July,Monsoon,2,Farm,West Nile Fever
Equidae,0,0,0,Parasite,Ecuador,-2.2698,-80.138197,June,Monsoon,98,Farm,Equine piroplasmosis
Swine,0,0,0,Virus,Cote D'Ivoire,7.0034,-7.1407,July,Monsoon,11916,Village,African swine fever
Sheep,0,0,0,Virus,Russia,50.7531,119.4508,September,Monsoon,269,Village,Sheep pox and goat pox
Wildlife (species unspecified),1,0,0,Virus,Turkey,39.59,39.7,November,Post-Monsoon,0,Not applicable,Highly pathogenic avian influenza
Cattle,0,0,0,Bacterium,Kyrgyzstan,40.7916,76.0822,September,Monsoon,9,Village,Anthrax
Birds,0,0,0,Virus,Cambodia,12.0246,105.5219,August,Monsoon,3362,Village,Highly pathogenic avian influenza
Swine,0,0,0,Virus,India,26.0,94.31,March,Summer,32980,Village,Porcine reproductive and respiratory syndrome
Cattle,0,0,0,Virus,Germany,47.64,12.95,November,Post-Monsoon,42,Farm,Bluetongue
Birds,0,1,0,Virus,Moldova,47.02,28.82,March,Summer,73,Backyard,Newcastle disease
Goats,0,0,0,Prion,Tunisia,32.252695,10.350637,September,Monsoon,30,Farm,Scrapie
Equidae,0,0,0,Virus,Mexico,17.881688,-93.065135,July,Monsoon,100,Farm,Venezuelan equine encephalomyelitis
Birds,0,1,0,Virus,Ukraine,46.6016,33.9535,December,Winter,43,Backyard,Highly pathogenic avian influenza
Equidae,0,0,0,Bacterium,United Arab Emirates,25.1704,55.2984,October,Post-Monsoon,1,Not applicable,Contagious equine metritis
Goats,0,0,0,Bacterium,Colombia,11.53368,-72.78373,April,Summer,123,Farm,Anthrax
Swine,0,0,0,Virus,Romania,44.4861,23.3347,October,Post-Monsoon,8,Backyard,African swine fever
Accipitridae (unidentified),1,0,0,Virus,Germany,52.4,13.2,September,Monsoon,0,Not applicable,West Nile Fever
Bees,0,1,0,Bacterium,Norway,60.35,10.58,October,Post-Monsoon,29,Apiary,American foulbrood of honey bees
Cattle,0,0,0,Virus,Switzerland,46.4919,8.486,September,Monsoon,10368,Farm,Bluetongue
Cattle,0,0,0,Virus,Turkey,41.837635,27.470434,September,Monsoon,140,Village,Foot and mouth disease
Cattle,0,0,0,Virus,Hungary,45.83104023,18.137167238663,December,Winter,354,Farm,Bluetongue
Swine,0,0,0,Virus,Lithuania,55.52,24.13,July,Monsoon,445,Farm,Classical swine fever
Birds,0,0,0,Virus,Cambodia,13.11,103.44,August,Monsoon,2000,Village,Highly pathogenic avian influenza
Cattle,0,0,0,Bacterium,Former Yug. Rep. of Macedonia,41.943603,21.217453,October,Post-Monsoon,67,Farm,Anthrax
Brown trout,0,0,1,Virus,Italy,41.446179,14.114849,February,Winter,10000,Farm,Infectious haematopoietic necrosis virus
Goats,0,0,0,Virus,Mongolia,47.6958,115.294,March,Summer,1092876,Farm,Sheep pox and goat pox
Wild boar,1,0,0,Virus,Russia,58.741915,31.514639,October,Post-Monsoon,0,Forest,African swine fever
Buffaloes,0,0,0,Virus,Nepal,28.19287,83.99979,December,Winter,7,Farm,Foot and mouth disease
Sheep,0,0,0,Virus,Bulgaria,42.1108,27.1004,September,Monsoon,225,Farm,Sheep pox and goat pox
Swine,0,0,0,Virus,Guatemala,14.6262,-91.5248,October,Post-Monsoon,449,Farm,Classical swine fever
Birds,0,1,0,Virus,Poland,53.5422897,19.40854676,February,Winter,150884,Farm,Newcastle disease
Mute Swan,1,0,0,Virus,Ukraine,50.5498,26.2848,January,Winter,0,Other,Highly pathogenic avian influenza
Birds,0,1,0,Virus,Germany,52.6738,7.6299,June,Monsoon,36100,Farm,Low pathogenic avian influenza
Accipitridae (unidentified),1,0,0,Virus,Germany,54.312,13.085,December,Winter,0,Not applicable,Highly pathogenic avian influenza
Bees,0,0,0,Parasite,Belize,18.1319916,-88.675425,January,Winter,277,Apiary,Small hive beetle infestation
Swine,0,0,0,Virus,Russia,50.638134,38.195051,September,Monsoon,77808,Farm,African swine fever
Swine,0,0,0,Virus,Ukraine,47.434608,33.912935,March,Summer,67,Backyard,African swine fever
Wild boar,1,0,0,Virus,Russia,56.8923,40.7605,June,Monsoon,0,Not applicable,African swine fever
Birds,0,0,0,Virus,Russia,51.156382,37.739267,January,Winter,124,Backyard,Highly pathogenic avian influenza
Cattle,0,0,0,Virus,Poland,53.5844589,17.2788865,January,Winter,736,Farm,Bluetongue
Birds,0,0,0,Virus,Argentina,-32.2619,-59.781,August,Monsoon,1125,Backyard,Highly pathogenic avian influenza
Northern Goshawk,1,0,0,Virus,Belgium,50.7,4.6,January,Winter,0,Other,Highly pathogenic avian influenza
Cattle,0,0,0,Virus,Israel,32.892352,35.708298,February,Winter,2167,Other,Foot and mouth disease
Mute Swan,1,0,0,Virus,Slovakia,48.494798,16.957867,January,Winter,0,Other,Highly pathogenic avian influenza
Wild boar,1,0,0,Virus,Romania,43.968176,24.057804,March,Summer,67,Backyard,African swine fever
Sheep,0,0,0,Virus,Bulgaria,42.21546,24.62801,July,Monsoon,87,Farm,Sheep pox and goat pox
Cattle,0,0,0,Bacterium,Kazakhstan,54.19,71.94,August,Monsoon,1681,Farm,Anthrax
Cattle,0,0,0,Virus,Georgia,42.769664,43.50543,November,Post-Monsoon,706,Village,Lumpy skin disease
Birds,0,1,0,Virus,Iran,37.02722,45.96961,January,Winter,51572,Backyard,Highly pathogenic avian influenza
Birds,0,1,0,Virus,France,46.619067,2.954509,November,Post-Monsoon,171445,Farm,Highly pathogenic avian influenza
Camelidae,0,0,0,Virus,Italy,46.787,11.853,October,Post-Monsoon,22,Farm,Bluetongue
Cattle,0,0,0,Virus,Italy,41.2095,9.1765,January,Winter,2041,Farm,Bluetongue
Swine,0,0,0,Virus,Ukraine,48.8292,25.9306,February,Winter,21,Other,African swine fever
Cattle,0,0,0,Bacterium,Slovakia,49.1101,21.5446,July,Monsoon,260,Farm,Anthrax
Birds,0,1,0,Virus,United Kingdom,53.15,-2.67,March,Summer,4540,Farm,Low pathogenic avian influenza
Cattle,0,0,0,Bacterium,Azerbaijan,39.790837,47.643941,May,Summer,13,Backyard,Anthrax
Birds,0,0,0,Virus,United Kingdom,52.068843,-1.470215,May,Summer,25000,Farm,Highly pathogenic avian influenza
Swine,0,0,0,Virus,Ireland,53.988,-7.42,September,Monsoon,6044,Farm,Influenza A virus
Eurasian buzzard (common buzzard),1,0,0,Virus,Denmark,55.3156,11.7539,March,Summer,0,Other,Highly pathogenic avian influenza
Swine,0,0,0,Virus,China (People's Rep. of),43.115278,92.669429,February,Winter,1362,Farm,African swine fever
Sheep,0,0,0,Virus,Germany,53.09,8.58,July,Monsoon,3,Backyard,Bluetongue
Mustelidae,0,0,0,Virus,Canada,49.1,-122.2,May,Summer,40950,Farm,SARS-CoV-2 in animals
Birds,0,0,0,Virus,India,8.55,76.34,January,Winter,398441,Farm,Highly pathogenic avian influenza
Cattle,0,0,0,Virus,Israel,31.5049513668,34.6463381304,November,Post-Monsoon,4337,Village,Lumpy skin disease
Dogs,0,0,0,Virus,China (People's Rep. of),32.59,107.45,March,Summer,407000,Not applicable,Rabies
Swine,0,0,0,Virus,South Africa,-25.7,26.1,April,Summer,36,Farm,African swine fever
Swine,0,0,0,Virus,Bhutan,26.88,90.4748,August,Monsoon,0,Backyard,African swine fever
Equidae,0,0,0,Bacterium,United Kingdom,56.309,-2.866,April,Summer,26,Other,Contagious equine metritis
Birds,0,0,0,Virus,United Kingdom,52.39228,0.86437,November,Post-Monsoon,15500,Farm,Highly pathogenic avian influenza
Swine,0,0,0,Virus,Vietnam,21.31201934,103.8501203,June,Monsoon,5974621,Village,African swine fever
Birds,0,0,0,Virus,Peru,-5.56478737,-78.8669,January,Winter,20,Village,Newcastle disease
Dogs,0,0,0,Virus,Armenia,40.2048,44.6375,January,Winter,1,Backyard,Rabies
Cattle,0,0,0,Virus,Zimbabwe,-20.12725,31.14485,August,Monsoon,167748,Farm,Foot and mouth disease
Cattle,0,0,0,Virus,Pakistan,29.38111,71.64023,October,Post-Monsoon,195,Farm,Lumpy skin disease
Birds,0,1,0,Virus,Botswana,-24.427,26.023,July,Monsoon,25,Backyard,Highly pathogenic avian influenza
Wedge-tailed Eagle,1,0,0,Virus,Hungary,46.223282,19.953879,February,Winter,0,Forest,Highly pathogenic avian influenza
Atlantic salmon,0,0,1,Virus,Iceland,65.00838,-14.01993,November,Post-Monsoon,1176000,Cage,Infectious salmon anaemia virus
Atlantic salmon,0,0,1,Virus,Faeroe Islands,61.4668,-6.7471,May,Summer,1024695,Farm,Infectious salmon anaemia virus
Mustelidae,0,0,0,Virus,Spain,42.9834,-8.7851,December,Winter,3100,Farm,SARS-CoV-2 in animals
Wild boar,1,0,0,Virus,Russia,43.055367,45.539622,November,Post-Monsoon,0,Forest,African swine fever
Swine,0,0,0,Virus,Ukraine,51.2628,33.2035,August,Monsoon,8,Other,African swine fever
Birds,0,0,0,Virus,Russia,56.685156,60.797359,October,Post-Monsoon,250,Backyard,Highly pathogenic avian influenza
Birds,0,0,0,Virus,Italy,43.22199,13.38637,April,Summer,204,Farm,Newcastle disease
Cattle,0,0,0,Virus,Mongolia,48.1883,89.7057,October,Post-Monsoon,285,Farm,Foot and mouth disease
Sheep,0,0,0,Virus,Russia,50.8873,118.6059,October,Post-Monsoon,603,Village,Sheep pox and goat pox
Swine,0,0,0,Virus,Nicaragua,11.2401,-85.5732,February,Winter,15,Village,Classical swine fever
Birds,0,1,0,Virus,China (People's Rep. of),37.86,95.348,June,Monsoon,1615,Farm,Highly pathogenic avian influenza
Sheep,0,0,0,Virus,Belgium,51.3551,4.8282,September,Monsoon,8,Backyard,Bluetongue
Anserinae (unidentified),1,0,0,Virus,Russia,55.724365,37.595231,January,Winter,1,Zoo,Highly pathogenic avian influenza
Cattle,0,0,0,Virus,Malawi,-13.90406,33.05938,February,Winter,17000,Village,Foot and mouth disease
Greater White-fronted Goose,1,0,0,Virus,Japan,44.022,145.1897,March,Summer,0,Not applicable,Highly pathogenic avian influenza
Bees,0,0,0,Parasite,Italy,38.25773,15.57356,November,Post-Monsoon,5205,Farm,Small hive beetle infestation
Mallard,1,0,0,Virus,United Kingdom,52.9,0.5,March,Summer,0,Other,Highly pathogenic avian influenza
Birds,0,1,0,Virus,Bulgaria,42.2089,24.8764,September,Monsoon,44063,Farm,Highly pathogenic avian influenza
Bees,0,0,0,Parasite,Mauritius,-20.14,57.73,August,Monsoon,0,Apiary,Small hive beetle infestation
Birds,0,0,0,Virus,Argentina,-26.3992,-60.6796,February,Winter,180,Backyard,Highly pathogenic avian influenza
Cattle,0,0,0,Virus,Zambia,-8.6,31.3625,September,Monsoon,2920,Village,Foot and mouth disease
Swine,0,0,0,Virus,Sweden,56.0762,13.0341,July,Monsoon,20722,Farm,Porcine reproductive and respiratory syndrome
European Rabbit,1,0,0,Virus,New Zealand,-44.83500518,169.03202608,March,Summer,0,Farm,Rabbit haemorrhagic disease
Birds,0,0,0,Virus,Belgium,50.8796,3.3486,April,Summer,2889,Other,Highly pathogenic avian influenza
Sheep/goats (mixed herd),0,0,0,Virus,Mauritania,17.848,-12.254,October,Post-Monsoon,2022,Village,Rift Valley fever
Dogs,0,0,0,Virus,Armenia,39.7607,45.1853,January,Winter,1,Backyard,Rabies
Cattle,0,0,0,Virus,Slovenia,46.473,15.134,February,Winter,21,Farm,Bluetongue
Swine,0,0,0,Virus,Russia,50.589011,41.129471,June,Monsoon,549,Farm,African swine fever
Sheep/goats (mixed herd),0,0,0,Virus,Congo (Rep. of the),-4.2112,12.678,January,Winter,0,Village,Peste des petits ruminants
Sheep,0,0,0,Virus,Turkey,39.771271,26.268581,October,Post-Monsoon,328,Farm,Bluetongue
Birds,0,1,0,Virus,Liberia,6.2909,-10.5318,June,Monsoon,40,Backyard,Newcastle disease
Swine,0,0,0,Virus,Bolivia,-19.7444,-64.101,August,Monsoon,1461,Farm,Aujeszky's disease
Accipitridae (unidentified),1,0,0,Virus,Germany,50.625192,7.546159,December,Winter,0,Backyard,Highly pathogenic avian influenza
Accipitridae (unidentified),1,0,0,Virus,Germany,51.97,7.29,April,Summer,0,Not applicable,Highly pathogenic avian influenza
Goats,0,0,0,Virus,Israel,32.8054668735,35.3643473797,September,Monsoon,300,Farm,Peste des petits ruminants
Birds,0,0,0,Virus,India,23.43,88.31,September,Monsoon,99714,Village,Highly pathogenic avian influenza
Birds,0,1,0,Virus,Poland,50.1666,20.90387,December,Winter,18109,Farm,Newcastle disease
Birds,0,0,0,Virus,Djibouti,11.5625,43.0869,April,Summer,22,Farm,Highly pathogenic avian influenza
Birds,0,1,0,Virus,Ukraine,47.9194,36.7764,February,Winter,1202,Farm,Highly pathogenic avian influenza
Red Fox,1,0,0,Virus,Norway,69.6586,19.0189,June,Monsoon,0,Other,Highly pathogenic avian influenza
Cattle,0,0,0,Virus,Mauritius,-20.07,57.34,August,Monsoon,4376,Village,Foot and mouth disease
Birds,0,1,0,Virus,Chinese Taipei,24.81330556,121.78719444,December,Winter,2600,Farm,Low pathogenic avian influenza
Bees,0,1,0,Bacterium,Netherlands,50.861855,5.799912,June,Monsoon,1,Apiary,American foulbrood of honey bees
Swine,0,0,0,Virus,Mongolia,47.346461,110.698383,January,Winter,450,Farm,African swine fever
Rabbits,0,0,0,Virus,Iceland,64.1171,-21.8389,March,Summer,140,Other,Rabbit haemorrhagic disease
Wild boar,1,0,0,Virus,Hungary,46.829738,21.211025,July,Monsoon,0,Forest,African swine fever
Accipitridae (unidentified),1,0,0,Virus,Germany,53.58,10.1,May,Summer,0,Not applicable,Highly pathogenic avian influenza
Mustelidae,0,0,0,Virus,Spain,43.2305,-8.2871,June,Monsoon,5555,Farm,SARS-CoV-2 in animals
Cattle,0,0,0,Virus,Mongolia,48.5255,88.2973,July,Monsoon,0,Farm,Foot and mouth disease
House Crow,1,0,0,Virus,Bangladesh,24.9147,88.676,January,Winter,0,Other,Highly pathogenic avian influenza
Cattle,0,0,0,Parasite,Mexico,17.6286,-93.96048,July,Monsoon,3320,Farm,New world screwworm
Birds,0,1,0,Virus,Bulgaria,42.17701,24.5434,December,Winter,296627,Farm,Highly pathogenic avian influenza
Birds,0,0,0,Virus,Slovakia,48.945,21.167,January,Winter,75,Village,Highly pathogenic avian influenza
Dogs,0,0,0,Virus,Armenia,40.0158,44.5127,September,Monsoon,1,Backyard,Rabies
Wild boar,1,0,0,Virus,France,44.57297,6.67836,November,Post-Monsoon,27,Farm,Aujeszky's disease
Goats,0,0,0,Virus,Israel,32.76,35.26,January,Winter,30,Village,Peste des petits ruminants
Wild boar,1,0,0,Virus,Ukraine,48.537373,32.060642,February,Winter,2,Backyard,African swine fever
Anatidae (unidentified),1,0,0,Virus,Germany,50.39,8.83,April,Summer,0,Not applicable,Highly pathogenic avian influenza
Pacific cupped oyster,0,0,1,Virus,New Zealand,-37.985,177.066,November,Post-Monsoon,0,Coastal area,Ostreid herpesvirus-1
House Crow,1,0,0,Virus,Bangladesh,24.9147,88.676,February,Winter,0,Not applicable,Highly pathogenic avian influenza
Birds,0,1,0,Virus,Australia,-33.5631,150.8018,June,Monsoon,492011,Farm,Highly pathogenic avian influenza
Cattle,0,0,0,Virus,Israel,33.164485,35.658714,February,Winter,4101,Farm,Foot and mouth disease
Birds,0,1,0,Virus,South Africa,-25.75579,28.324471,July,Monsoon,2000,Farm,Low pathogenic avian influenza
Northern Goshawk,1,0,0,Virus,Japan,33.6782,135.3479,December,Winter,0,Zoo,Highly pathogenic avian influenza
Swine,0,0,0,Virus,Vietnam,12.3327,109.0822,September,Monsoon,45354,Village,Porcine reproductive and respiratory syndrome
Equidae,0,0,0,Virus,Peru,-12.034855,-75.259689,March,Summer,42,Farm,Equine infectious anaemia
Equidae,0,0,0,Virus,Tunisia,36.6603,10.4447,September,Monsoon,103,Farm,West Nile Fever
Rabbits,0,0,0,Virus,Denmark,55.1291,15.1037,April,Summer,10,Farm,Rabbit haemorrhagic disease
Accipitridae (unidentified),1,0,0,Virus,Germany,49.05,8.79,September,Monsoon,0,Backyard,West Nile Fever
Bees,0,1,0,Bacterium,Belgium,51.19,3.89,August,Monsoon,179,Apiary,American foulbrood of honey bees
Cattle,0,0,0,Bacterium,Central African (Rep.),6.58,21.95,June,Monsoon,300,Village,Contagious bovine pleuropneumonia
Birds,0,1,0,Virus,Germany,53.6309,7.4594,March,Summer,10313,Farm,Highly pathogenic avian influenza
Hooded Crow,1,0,0,Virus,Slovenia,46.102424,14.547452,September,Monsoon,0,Farm,West Nile Fever
Mallard,1,0,0,Virus,Poland,49.938247,19.7856,March,Summer,0,Backyard,Highly pathogenic avian influenza
Birds,0,1,0,Virus,Russia,56.19268,40.91772,May,Summer,120,Backyard,Newcastle disease
Birds,0,1,0,Virus,Cambodia,11.14787,105.54372,February,Winter,300,Other,Low pathogenic avian influenza
Cattle,0,0,0,Virus,Mozambique,-24.8846,33.603,May,Summer,80043,Village,Foot and mouth disease
Wild boar,1,0,0,Virus,Moldova,47.724774,28.857342,September,Monsoon,0,Forest,African swine fever
Birds,0,0,0,Virus,China (People's Rep. of),43.79,87.62,July,Monsoon,1369518,Farm,Highly pathogenic avian influenza
Goats,0,0,0,Virus,Algeria,36.5107,7.7041,February,Winter,35,Farm,Peste des petits ruminants
Cattle,0,0,0,Virus,Germany,52.512282,6.914694,December,Winter,3129,Farm,Bluetongue
Swine,0,0,0,Virus,Mongolia,47.0455,107.0221,March,Summer,337,Farm,Porcine reproductive and respiratory syndrome
Mallard,1,0,0,Virus,Lithuania,54.899298,23.873584,January,Winter,0,Body of water,Highly pathogenic avian influenza
Wildlife (species unspecified),1,0,0,Virus,Former Yug. Rep. of Macedonia,41.988,22.567,November,Post-Monsoon,0,Not applicable,Rabies
Atlantic cod,1,0,1,Virus,Sweden,55.6,14.75,June,Monsoon,0,Coastal area,Viral haemorrhagic septicaemia
Cattle,0,0,0,Bacterium,Israel,32.5783485224,35.1797082141,June,Monsoon,47,Village,Anthrax
